pr_auc,roc_auc,brier,logloss,cal_intercept,cal_slope,precision_0.001,recall_0.001,value_capture_0.001,precision_0.005,recall_0.005,value_capture_0.005,precision_0.01,recall_0.01,value_capture_0.01,precision_0.02,recall_0.02,value_capture_0.02,fold,delay_days,policy,seed,model,calibration,n_train,train_prev,n_test,test_prev,fit_seconds
0.25172581198802163,0.9539804285447815,0.034452084451913834,0.18019168078899384,-5.347150802612305,0.39681777358055115,0.22093023255813954,0.059190031152647975,0.09595575053527934,0.3627906976744186,0.48598130841121495,0.6540750840000809,0.25844004656577413,0.6915887850467289,0.859188556035568,0.15084449621432733,0.8068535825545171,0.9584197314808284,2020-07,0,capped_weighted,20260716,logistic,raw,350000,0.018985714285714286,85848,0.003739166899636567,0.5094950199127197
0.25118344275893795,0.9539785891154519,0.003755158744752407,0.015934566035866737,-0.8296716213226318,0.8800054788589478,0.1744186046511628,0.04672897196261682,0.0663232105932905,0.3627906976744186,0.48598130841121495,0.6540750840000809,0.25844004656577413,0.6915887850467289,0.859188556035568,0.15084449621432733,0.8068535825545171,0.9584197314808284,2020-07,0,capped_weighted,20260716,logistic,platt,350000,0.018985714285714286,85848,0.003739166899636567,0.5094950199127197
0.2511834463476359,0.9539786073276235,0.0031821955926716328,0.01348487101495266,-0.5194048285484314,0.8919016122817993,0.1744186046511628,0.04672897196261682,0.0663232105932905,0.3627906976744186,0.48598130841121495,0.6540750840000809,0.25844004656577413,0.6915887850467289,0.859188556035568,0.15084449621432733,0.8068535825545171,0.9584197314808284,2020-07,0,capped_weighted,20260716,logistic,beta,350000,0.018985714285714286,85848,0.003739166899636567,0.5094950199127197
0.9585608828685042,0.9979978995538273,0.0014295463399614753,0.005336425108334287,-3.1486396567083474,0.8958465512654501,1.0,0.26791277258566976,0.3888562949310545,0.7046511627906977,0.9439252336448598,0.9899011460867492,0.36670547147846333,0.9813084112149533,0.9994808705819878,0.18520675596971461,0.9906542056074766,0.9997886802308371,2020-07,0,capped_weighted,20260716,lightgbm,raw,350000,0.018985714285714286,85848,0.003739166899636567,2.251689910888672
0.9585608828685042,0.9979978995538272,0.00047337026229035976,0.002175268312842453,-0.37006721066402537,0.9062906267105698,1.0,0.26791277258566976,0.3888562949310545,0.7046511627906977,0.9439252336448598,0.9899011460867492,0.36670547147846333,0.9813084112149533,0.9994808705819878,0.18520675596971461,0.9906542056074766,0.9997886802308371,2020-07,0,capped_weighted,20260716,lightgbm,platt,350000,0.018985714285714286,85848,0.003739166899636567,2.251689910888672
0.9585608828685042,0.9979978995538272,0.00046237350945285157,0.0021367121625514257,-0.10271872636334356,0.948342098691863,1.0,0.26791277258566976,0.3888562949310545,0.7046511627906977,0.9439252336448598,0.9899011460867492,0.36670547147846333,0.9813084112149533,0.9994808705819878,0.18520675596971461,0.9906542056074766,0.9997886802308371,2020-07,0,capped_weighted,20260716,lightgbm,beta,350000,0.018985714285714286,85848,0.003739166899636567,2.251689910888672
0.9568965200413442,0.9974650478377289,0.0010001090122386813,0.003950535319745541,-2.4401495456695557,0.8028659224510193,1.0,0.26791277258566976,0.3953345410009196,0.7046511627906977,0.9439252336448598,0.9884413191219057,0.36321303841676367,0.9719626168224299,0.9984366244575438,0.18462434478741993,0.9875389408099688,0.9997356769723028,2020-07,0,capped_weighted,20260716,xgboost,raw,350000,0.018985714285714286,85848,0.003739166899636567,2.3531668186187744
0.9568965200413442,0.997465047837729,0.00049676897469908,0.002242579823359847,-0.11389953643083572,0.9516708850860596,1.0,0.26791277258566976,0.3953345410009196,0.7046511627906977,0.9439252336448598,0.9884413191219057,0.36321303841676367,0.9719626168224299,0.9984366244575438,0.18462434478741993,0.9875389408099688,0.9997356769723028,2020-07,0,capped_weighted,20260716,xgboost,platt,350000,0.018985714285714286,85848,0.003739166899636567,2.3531668186187744
0.9568965200413442,0.9974650478377289,0.0004936476470902562,0.0022448827512562275,-0.10810787230730057,0.9367620944976807,1.0,0.26791277258566976,0.3953345410009196,0.7046511627906977,0.9439252336448598,0.9884413191219057,0.36321303841676367,0.9719626168224299,0.9984366244575438,0.18462434478741993,0.9875389408099688,0.9997356769723028,2020-07,0,capped_weighted,20260716,xgboost,beta,350000,0.018985714285714286,85848,0.003739166899636567,2.3531668186187744
0.2520951987142606,0.9538093798292988,0.03440096229314804,0.17904068529605865,-5.345310688018799,0.4015210270881653,0.22093023255813954,0.059190031152647975,0.08883793601403775,0.3674418604651163,0.49221183800623053,0.6620214762144885,0.25844004656577413,0.6915887850467289,0.8548748722895625,0.15084449621432733,0.8068535825545171,0.9584197314808286,2020-07,0,capped_weighted,20260717,logistic,raw,350000,0.018985714285714286,85848,0.003739166899636567,0.4492039680480957
0.2527923733297956,0.9538116381385747,0.0037517701275646687,0.01598437689244747,-0.8442232012748718,0.8789286613464355,0.23255813953488372,0.06230529595015576,0.09663653674061726,0.3674418604651163,0.49221183800623053,0.6620214762144885,0.25844004656577413,0.6915887850467289,0.8548748722895625,0.15084449621432733,0.8068535825545171,0.9584197314808286,2020-07,0,capped_weighted,20260717,logistic,platt,350000,0.018985714285714286,85848,0.003739166899636567,0.4492039680480957
0.2527923733297956,0.9538116381385746,0.003177438396960497,0.013517157174646854,-0.5429290533065796,0.8769609332084656,0.23255813953488372,0.06230529595015576,0.09663653674061726,0.3674418604651163,0.49221183800623053,0.6620214762144885,0.25844004656577413,0.6915887850467289,0.8548748722895625,0.15084449621432733,0.8068535825545171,0.9584197314808286,2020-07,0,capped_weighted,20260717,logistic,beta,350000,0.018985714285714286,85848,0.003739166899636567,0.4492039680480957
0.9591465148897177,0.9982294491033001,0.0013237078832877215,0.005033920052091113,-2.908266321919598,0.8997449745983398,1.0,0.26791277258566976,0.39604179732348044,0.7116279069767442,0.9532710280373832,0.9940918698358455,0.36437718277066355,0.9750778816199377,0.9984875479211537,0.18462434478741993,0.9875389408099688,0.9997356769723026,2020-07,0,capped_weighted,20260717,lightgbm,raw,350000,0.018985714285714286,85848,0.003739166899636567,1.998845100402832
0.9591465148897177,0.9982294491033001,0.00045713599274451274,0.0021318648367305753,-0.10966289138519525,0.9377237700707259,1.0,0.26791277258566976,0.39604179732348044,0.7116279069767442,0.9532710280373832,0.9940918698358455,0.36437718277066355,0.9750778816199377,0.9984875479211537,0.18462434478741993,0.9875389408099688,0.9997356769723026,2020-07,0,capped_weighted,20260717,lightgbm,platt,350000,0.018985714285714286,85848,0.003739166899636567,1.998845100402832
0.9591465148897177,0.9982294491033001,0.00044902999725598183,0.0021025240591474215,-0.10304498706758881,0.9560489542587314,1.0,0.26791277258566976,0.39604179732348044,0.7116279069767442,0.9532710280373832,0.9940918698358455,0.36437718277066355,0.9750778816199377,0.9984875479211537,0.18462434478741993,0.9875389408099688,0.9997356769723026,2020-07,0,capped_weighted,20260717,lightgbm,beta,350000,0.018985714285714286,85848,0.003739166899636567,1.998845100402832
0.9567340854143832,0.9977956716005989,0.0009466435294598341,0.003823888022452593,-2.3942346572875977,0.7882123589515686,1.0,0.26791277258566976,0.3988887214548934,0.7116279069767442,0.9532710280373832,0.9953125203843536,0.3620488940628638,0.9688473520249221,0.9967952250933686,0.18462434478741993,0.9875389408099688,0.9997356769723026,2020-07,0,capped_weighted,20260717,xgboost,raw,350000,0.018985714285714286,85848,0.003739166899636567,2.258157253265381
0.9567340854143832,0.9977956716005989,0.0004948870046064258,0.00225245812907815,-0.12462358176708221,0.9270070195198059,1.0,0.26791277258566976,0.3988887214548934,0.7116279069767442,0.9532710280373832,0.9953125203843536,0.3620488940628638,0.9688473520249221,0.9967952250933686,0.18462434478741993,0.9875389408099688,0.9997356769723026,2020-07,0,capped_weighted,20260717,xgboost,platt,350000,0.018985714285714286,85848,0.003739166899636567,2.258157253265381
0.9567340854143833,0.9977956716005989,0.000491893501020968,0.0022541272919625044,-0.1153225526213646,0.9367107152938843,1.0,0.26791277258566976,0.3988887214548934,0.7116279069767442,0.9532710280373832,0.9953125203843536,0.3620488940628638,0.9688473520249221,0.9967952250933686,0.18462434478741993,0.9875389408099688,0.9997356769723026,2020-07,0,capped_weighted,20260717,xgboost,beta,350000,0.018985714285714286,85848,0.003739166899636567,2.258157253265381
0.24946346400094896,0.9521208383412253,0.04668676480650902,0.22008834779262543,-5.480744361877441,0.4035256803035736,0.22093023255813954,0.059190031152647975,0.10192274519821046,0.35348837209302325,0.4735202492211838,0.6529908175793595,0.25145518044237486,0.6728971962616822,0.8574439232142236,0.1525917297612114,0.8161993769470405,0.962344997768632,2020-07,0,sliding180_weighted,20260716,logistic,raw,446668,0.005256700726266488,85848,0.003739166899636567,0.6523909568786621
0.2501750284478353,0.9521233516209033,0.003765792353078723,0.016034642234444618,-0.8746697306632996,0.8771799802780151,0.27906976744186046,0.07476635514018691,0.12158178613922564,0.35348837209302325,0.4735202492211838,0.6529908175793595,0.25145518044237486,0.6728971962616822,0.8574439232142236,0.1525917297612114,0.8161993769470405,0.962344997768632,2020-07,0,sliding180_weighted,20260716,logistic,platt,446668,0.005256700726266488,85848,0.003739166899636567,0.6523909568786621
0.25017502844783523,0.9521233334087318,0.003200140316039324,0.013751227408647537,-0.603242814540863,0.8843929767608643,0.27906976744186046,0.07476635514018691,0.12158178613922564,0.35348837209302325,0.4735202492211838,0.6529908175793595,0.25145518044237486,0.6728971962616822,0.8574439232142236,0.1525917297612114,0.8161993769470405,0.962344997768632,2020-07,0,sliding180_weighted,20260716,logistic,beta,446668,0.005256700726266488,85848,0.003739166899636567,0.6523909568786621
0.9448919954359514,0.9970773471291261,0.0007825484333838464,0.0034523005566540455,-1.7651969405784755,0.7458707097027718,1.0,0.26791277258566976,0.39227346101635546,0.6976744186046512,0.9345794392523364,0.9918495988107104,0.359720605355064,0.9626168224299065,0.9950426512368574,0.18287711124053582,0.9781931464174455,0.9994526988143719,2020-07,0,sliding180_weighted,20260716,lightgbm,raw,446668,0.005256700726266488,85848,0.003739166899636567,2.58378005027771
0.9448919954359513,0.9970773471291261,0.0005589693445845232,0.002634944220469193,-0.5174188993573211,0.904623540395386,1.0,0.26791277258566976,0.39227346101635546,0.6976744186046512,0.9345794392523364,0.9918495988107104,0.359720605355064,0.9626168224299065,0.9950426512368574,0.18287711124053582,0.9781931464174455,0.9994526988143719,2020-07,0,sliding180_weighted,20260716,lightgbm,platt,446668,0.005256700726266488,85848,0.003739166899636567,2.58378005027771
0.9448919954359513,0.9970773471291261,0.0005561648583628865,0.002629756447014525,-0.49221112203359174,0.9026616703511345,1.0,0.26791277258566976,0.39227346101635546,0.6976744186046512,0.9345794392523364,0.9918495988107104,0.359720605355064,0.9626168224299065,0.9950426512368574,0.18287711124053582,0.9781931464174455,0.9994526988143719,2020-07,0,sliding180_weighted,20260716,lightgbm,beta,446668,0.005256700726266488,85848,0.003739166899636567,2.58378005027771
0.9387487515485262,0.9963089027614641,0.0007513478631153703,0.003471492091193795,-1.5295889377593994,0.732099175453186,1.0,0.26791277258566976,0.38434345506499074,0.6976744186046512,0.9345794392523364,0.9900703027406216,0.3608847497089639,0.9657320872274143,0.9964441809197218,0.18112987769365171,0.9688473520249221,0.9965557965806785,2020-07,0,sliding180_weighted,20260716,xgboost,raw,446668,0.005256700726266488,85848,0.003739166899636567,2.890604019165039
0.9387487515485263,0.9963089027614642,0.0006397859542630613,0.002974128583446145,-0.7878535985946655,0.874922513961792,1.0,0.26791277258566976,0.38434345506499074,0.6976744186046512,0.9345794392523364,0.9900703027406216,0.3608847497089639,0.9657320872274143,0.9964441809197218,0.18112987769365171,0.9688473520249221,0.9965557965806785,2020-07,0,sliding180_weighted,20260716,xgboost,platt,446668,0.005256700726266488,85848,0.003739166899636567,2.890604019165039
0.9387487515485261,0.9963089027614642,0.0006240832735784352,0.002904814202338457,-0.5299127101898193,0.9050469398498535,1.0,0.26791277258566976,0.38434345506499074,0.6976744186046512,0.9345794392523364,0.9900703027406216,0.3608847497089639,0.9657320872274143,0.9964441809197218,0.18112987769365171,0.9688473520249221,0.9965557965806785,2020-07,0,sliding180_weighted,20260716,xgboost,beta,446668,0.005256700726266488,85848,0.003739166899636567,2.890604019165039
0.24946346400094896,0.9521208383412253,0.04668676480650902,0.22008834779262543,-5.480744361877441,0.4035256803035736,0.22093023255813954,0.059190031152647975,0.10192274519821046,0.35348837209302325,0.4735202492211838,0.6529908175793595,0.25145518044237486,0.6728971962616822,0.8574439232142236,0.1525917297612114,0.8161993769470405,0.962344997768632,2020-07,0,sliding180_weighted,20260717,logistic,raw,446668,0.005256700726266488,85848,0.003739166899636567,0.5974221229553223
0.2501750284478353,0.9521233516209033,0.003765792353078723,0.016034642234444618,-0.8746697306632996,0.8771799802780151,0.27906976744186046,0.07476635514018691,0.12158178613922564,0.35348837209302325,0.4735202492211838,0.6529908175793595,0.25145518044237486,0.6728971962616822,0.8574439232142236,0.1525917297612114,0.8161993769470405,0.962344997768632,2020-07,0,sliding180_weighted,20260717,logistic,platt,446668,0.005256700726266488,85848,0.003739166899636567,0.5974221229553223
0.25017502844783523,0.9521233334087318,0.003200140316039324,0.013751227408647537,-0.603242814540863,0.8843929767608643,0.27906976744186046,0.07476635514018691,0.12158178613922564,0.35348837209302325,0.4735202492211838,0.6529908175793595,0.25145518044237486,0.6728971962616822,0.8574439232142236,0.1525917297612114,0.8161993769470405,0.962344997768632,2020-07,0,sliding180_weighted,20260717,logistic,beta,446668,0.005256700726266488,85848,0.003739166899636567,0.5974221229553223
0.9413566565916285,0.9966471392120546,0.000806905969429162,0.0035891340194026925,-1.7620849417611233,0.7246480028030853,1.0,0.26791277258566976,0.40207862267660915,0.6953488372093023,0.9314641744548287,0.9906473512960811,0.3585564610011641,0.9595015576323987,0.9947057244590628,0.18287711124053582,0.9781931464174455,0.9994526988143719,2020-07,0,sliding180_weighted,20260717,lightgbm,raw,446668,0.005256700726266488,85848,0.003739166899636567,2.624129056930542
0.9413566565916284,0.9966471392120546,0.0005901203139893319,0.002757363646427258,-0.4738358361525967,0.9107927613585072,1.0,0.26791277258566976,0.40207862267660915,0.6953488372093023,0.9314641744548287,0.9906473512960811,0.3585564610011641,0.9595015576323987,0.9947057244590628,0.18287711124053582,0.9781931464174455,0.9994526988143719,2020-07,0,sliding180_weighted,20260717,lightgbm,platt,446668,0.005256700726266488,85848,0.003739166899636567,2.624129056930542
0.9413566565916284,0.9966471392120546,0.0005884195632682483,0.0027639428568012165,-0.5390476377819028,0.8883516707292464,1.0,0.26791277258566976,0.40207862267660915,0.6953488372093023,0.9314641744548287,0.9906473512960811,0.3585564610011641,0.9595015576323987,0.9947057244590628,0.18287711124053582,0.9781931464174455,0.9994526988143719,2020-07,0,sliding180_weighted,20260717,lightgbm,beta,446668,0.005256700726266488,85848,0.003739166899636567,2.624129056930542
0.9351262323797648,0.9967707998570854,0.0007715844549238682,0.003612092463299632,-1.5245709419250488,0.7176955938339233,1.0,0.26791277258566976,0.39426136681979634,0.6953488372093023,0.9314641744548287,0.9900282656735079,0.3585564610011641,0.9595015576323987,0.9947288542995885,0.18171228887594643,0.9719626168224299,0.9981971959448538,2020-07,0,sliding180_weighted,20260717,xgboost,raw,446668,0.005256700726266488,85848,0.003739166899636567,2.849008321762085
0.9351262323797648,0.9967707998570855,0.0006440771976485848,0.003016819478943944,-0.6639716029167175,0.8795900940895081,1.0,0.26791277258566976,0.39426136681979634,0.6953488372093023,0.9314641744548287,0.9900282656735079,0.3585564610011641,0.9595015576323987,0.9947288542995885,0.18171228887594643,0.9719626168224299,0.9981971959448538,2020-07,0,sliding180_weighted,20260717,xgboost,platt,446668,0.005256700726266488,85848,0.003739166899636567,2.849008321762085
0.9351262323797648,0.9967707998570854,0.0006465204642154276,0.0030092920642346144,-0.6154208779335022,0.8870551586151123,1.0,0.26791277258566976,0.39426136681979634,0.6953488372093023,0.9314641744548287,0.9900282656735079,0.3585564610011641,0.9595015576323987,0.9947288542995885,0.18171228887594643,0.9719626168224299,0.9981971959448538,2020-07,0,sliding180_weighted,20260717,xgboost,beta,446668,0.005256700726266488,85848,0.003739166899636567,2.849008321762085
0.41951580087695794,0.9029031002834651,0.0026449558790773153,0.015190285630524158,-1.024548053741455,0.8444215655326843,0.6511627906976745,0.17445482866043613,0.28917556866162486,0.43953488372093025,0.5887850467289719,0.8422406853390657,0.259604190919674,0.6947040498442367,0.9430242071112724,0.1403610949330227,0.7507788161993769,0.9717498304179335,2020-07,0,sliding180_unweighted,20260716,logistic,raw,446668,0.005256700726266488,85848,0.003739166899636567,0.5618560314178467
0.419515800876958,0.9029031002834652,0.002655872842296958,0.0150768356397748,-0.9469707608222961,0.8501566648483276,0.6511627906976745,0.17445482866043613,0.28917556866162486,0.43953488372093025,0.5887850467289719,0.8422406853390657,0.259604190919674,0.6947040498442367,0.9430242071112724,0.1403610949330227,0.7507788161993769,0.9717498304179335,2020-07,0,sliding180_unweighted,20260716,logistic,platt,446668,0.005256700726266488,85848,0.003739166899636567,0.5618560314178467
0.419515800876958,0.9029031002834652,0.00253847218118608,0.013854286633431911,-0.5482239723205566,0.9355766177177429,0.6511627906976745,0.17445482866043613,0.28917556866162486,0.43953488372093025,0.5887850467289719,0.8422406853390657,0.259604190919674,0.6947040498442367,0.9430242071112724,0.1403610949330227,0.7507788161993769,0.9717498304179335,2020-07,0,sliding180_unweighted,20260716,logistic,beta,446668,0.005256700726266488,85848,0.003739166899636567,0.5618560314178467
0.9095226052566263,0.9943714191000587,0.0008746168424154027,0.004940621377948239,-0.038610204097029116,0.6171145136101645,0.9883720930232558,0.26479750778816197,0.3065629063281164,0.6837209302325581,0.9158878504672897,0.9841057029930581,0.3538998835855646,0.9470404984423676,0.9934559567816094,0.18054746651135703,0.9657320872274143,0.9964211771273735,2020-07,0,sliding180_unweighted,20260716,lightgbm,raw,446668,0.005256700726266488,85848,0.003739166899636567,3.0008041858673096
0.9095226052566265,0.9943714191000587,0.0008233370717598796,0.003785147581188773,-0.11090959404056226,0.9938304996073313,0.9883720930232558,0.26479750778816197,0.3065629063281164,0.6837209302325581,0.9158878504672897,0.9841057029930581,0.3538998835855646,0.9470404984423676,0.9934559567816094,0.18054746651135703,0.9657320872274143,0.9964211771273735,2020-07,0,sliding180_unweighted,20260716,lightgbm,platt,446668,0.005256700726266488,85848,0.003739166899636567,3.0008041858673096
0.9095226052566265,0.9943714191000587,0.0008457917448938648,0.003755890675984034,-0.3991488444892458,0.9402091866682637,0.9883720930232558,0.26479750778816197,0.3065629063281164,0.6837209302325581,0.9158878504672897,0.9841057029930581,0.3538998835855646,0.9470404984423676,0.9934559567816094,0.18054746651135703,0.9657320872274143,0.9964211771273735,2020-07,0,sliding180_unweighted,20260716,lightgbm,beta,446668,0.005256700726266488,85848,0.003739166899636567,3.0008041858673096
0.9239228568312888,0.9950925482459549,0.000695816648658365,0.0034412757959216833,-0.05118956044316292,0.8276267051696777,1.0,0.26791277258566976,0.45358512213028496,0.6883720930232559,0.9221183800623053,0.9851952004131355,0.3585564610011641,0.9595015576323987,0.9955130630343615,0.18112987769365171,0.9688473520249221,0.9965557965806785,2020-07,0,sliding180_unweighted,20260716,xgboost,raw,446668,0.005256700726266488,85848,0.003739166899636567,3.3878228664398193
0.9239228568312888,0.9950925482459547,0.0007054354064166546,0.0033697434701025486,-0.6501256227493286,0.8730725646018982,1.0,0.26791277258566976,0.45358512213028496,0.6883720930232559,0.9221183800623053,0.9851952004131355,0.3585564610011641,0.9595015576323987,0.9955130630343615,0.18112987769365171,0.9688473520249221,0.9965557965806785,2020-07,0,sliding180_unweighted,20260716,xgboost,platt,446668,0.005256700726266488,85848,0.003739166899636567,3.3878228664398193
0.9239228568312888,0.9950925482459548,0.0007157325744628906,0.003354826709255576,-0.5792247653007507,0.8794180750846863,1.0,0.26791277258566976,0.45358512213028496,0.6883720930232559,0.9221183800623053,0.9851952004131355,0.3585564610011641,0.9595015576323987,0.9955130630343615,0.18112987769365171,0.9688473520249221,0.9965557965806785,2020-07,0,sliding180_unweighted,20260716,xgboost,beta,446668,0.005256700726266488,85848,0.003739166899636567,3.3878228664398193
0.41951580087695794,0.9029031002834651,0.0026449558790773153,0.015190285630524158,-1.024548053741455,0.8444215655326843,0.6511627906976745,0.17445482866043613,0.28917556866162486,0.43953488372093025,0.5887850467289719,0.8422406853390657,0.259604190919674,0.6947040498442367,0.9430242071112724,0.1403610949330227,0.7507788161993769,0.9717498304179335,2020-07,0,sliding180_unweighted,20260717,logistic,raw,446668,0.005256700726266488,85848,0.003739166899636567,0.565546989440918
0.419515800876958,0.9029031002834652,0.002655872842296958,0.0150768356397748,-0.9469707608222961,0.8501566648483276,0.6511627906976745,0.17445482866043613,0.28917556866162486,0.43953488372093025,0.5887850467289719,0.8422406853390657,0.259604190919674,0.6947040498442367,0.9430242071112724,0.1403610949330227,0.7507788161993769,0.9717498304179335,2020-07,0,sliding180_unweighted,20260717,logistic,platt,446668,0.005256700726266488,85848,0.003739166899636567,0.565546989440918
0.419515800876958,0.9029031002834652,0.00253847218118608,0.013854286633431911,-0.5482239723205566,0.9355766177177429,0.6511627906976745,0.17445482866043613,0.28917556866162486,0.43953488372093025,0.5887850467289719,0.8422406853390657,0.259604190919674,0.6947040498442367,0.9430242071112724,0.1403610949330227,0.7507788161993769,0.9717498304179335,2020-07,0,sliding180_unweighted,20260717,logistic,beta,446668,0.005256700726266488,85848,0.003739166899636567,0.565546989440918
0.9056033555615194,0.9956689999008165,0.0009579345206853513,0.005327239354025709,-0.5349387746604252,0.5620522221677879,0.9767441860465116,0.2616822429906542,0.2680956496425368,0.6953488372093023,0.9314641744548287,0.9899627836454257,0.3550640279394645,0.9501557632398754,0.9941224995429176,0.18054746651135703,0.9657320872274143,0.9974910110317995,2020-07,0,sliding180_unweighted,20260717,lightgbm,raw,446668,0.005256700726266488,85848,0.003739166899636567,3.1729631423950195
0.9055991689945393,0.9952679314582737,0.0009065766728906514,0.004137996268855693,-1.041233463616285,0.8515595345321022,0.9767441860465116,0.2616822429906542,0.26809564964253685,0.6953488372093023,0.9314641744548287,0.9899627836454257,0.3550640279394645,0.9501557632398754,0.9941224995429176,0.18054746651135703,0.9657320872274143,0.9974910110317995,2020-07,0,sliding180_unweighted,20260717,lightgbm,platt,446668,0.005256700726266488,85848,0.003739166899636567,3.1729631423950195
0.9055991689945393,0.9952679314582737,0.00093164398607265,0.003936487324510145,-0.7579073302708143,0.9005412914298854,0.9767441860465116,0.2616822429906542,0.26809564964253685,0.6953488372093023,0.9314641744548287,0.9899627836454257,0.3550640279394645,0.9501557632398754,0.9941224995429176,0.18054746651135703,0.9657320872274143,0.9974910110317995,2020-07,0,sliding180_unweighted,20260717,lightgbm,beta,446668,0.005256700726266488,85848,0.003739166899636567,3.1729631423950195
0.9213682967188764,0.996089482518264,0.0006890039658173919,0.0034505019430071115,-0.055501922965049744,0.8210409879684448,0.9883720930232558,0.26479750778816197,0.4486297901379782,0.686046511627907,0.9190031152647975,0.9846467017698237,0.3562281722933644,0.9532710280373832,0.9945436895272053,0.18112987769365171,0.9688473520249221,0.9965557965806785,2020-07,0,sliding180_unweighted,20260717,xgboost,raw,446668,0.005256700726266488,85848,0.003739166899636567,5.75440788269043
0.9213682967188764,0.996089482518264,0.0006961433682590723,0.0033666009549051523,-0.6526166200637817,0.8811236619949341,0.9883720930232558,0.26479750778816197,0.4486297901379782,0.686046511627907,0.9190031152647975,0.9846467017698237,0.3562281722933644,0.9532710280373832,0.9945436895272053,0.18112987769365171,0.9688473520249221,0.9965557965806785,2020-07,0,sliding180_unweighted,20260717,xgboost,platt,446668,0.005256700726266488,85848,0.003739166899636567,5.75440788269043
0.9213682967188763,0.9960894825182639,0.0006942627369426191,0.0033712275326251984,-0.6728748679161072,0.8684738874435425,0.9883720930232558,0.26479750778816197,0.4486297901379782,0.686046511627907,0.9190031152647975,0.9846467017698237,0.3562281722933644,0.9532710280373832,0.9945436895272053,0.18112987769365171,0.9688473520249221,0.9965557965806785,2020-07,0,sliding180_unweighted,20260717,xgboost,beta,446668,0.005256700726266488,85848,0.003739166899636567,5.75440788269043
0.25171377123333105,0.9540017185733589,0.03424789384007454,0.17949612438678741,-5.343671798706055,0.3966541290283203,0.2558139534883721,0.06853582554517133,0.10447465357076524,0.3627906976744186,0.48598130841121495,0.6540750840000811,0.25844004656577413,0.6915887850467289,0.8591885560355681,0.15084449621432733,0.8068535825545171,0.9584197314808286,2020-07,7,capped_weighted,20260716,logistic,raw,350000,0.018985714285714286,85848,0.003739166899636567,0.5539112091064453
0.2506862693955642,0.9539982764729302,0.0037563436198979616,0.015938550233840942,-0.8389934301376343,0.8795500993728638,0.2558139534883721,0.06853582554517133,0.10398678410071148,0.3627906976744186,0.48598130841121495,0.6540750840000811,0.25844004656577413,0.6915887850467289,0.8591885560355681,0.15084449621432733,0.8068535825545171,0.9584197314808286,2020-07,7,capped_weighted,20260716,logistic,platt,350000,0.018985714285714286,85848,0.003739166899636567,0.5539112091064453
0.25068628038783725,0.9539982946851019,0.0031824279576539993,0.013484354130923748,-0.5233433246612549,0.8890695571899414,0.2558139534883721,0.06853582554517133,0.10398678410071148,0.3627906976744186,0.48598130841121495,0.6540750840000811,0.25844004656577413,0.6915887850467289,0.8591885560355681,0.15084449621432733,0.8068535825545171,0.9584197314808286,2020-07,7,capped_weighted,20260716,logistic,beta,350000,0.018985714285714286,85848,0.003739166899636567,0.5539112091064453
0.9595185275453054,0.998561675537269,0.0013925700039244854,0.005245855224615116,-3.0303516012294125,0.8997205186363229,1.0,0.26791277258566976,0.39364076861909625,0.7069767441860465,0.9470404984423676,0.9892491618899135,0.36554132712456344,0.9781931464174455,0.9993688767764994,0.18520675596971461,0.9906542056074766,0.9997886802308371,2020-07,7,capped_weighted,20260716,lightgbm,raw,350000,0.018985714285714286,85848,0.003739166899636567,2.9913628101348877
0.9595185275453054,0.998561675537269,0.00047223441594950014,0.0021317668171154857,-0.23895125277708104,0.9226505623103386,1.0,0.26791277258566976,0.39364076861909625,0.7069767441860465,0.9470404984423676,0.9892491618899135,0.36554132712456344,0.9781931464174455,0.9993688767764994,0.18520675596971461,0.9906542056074766,0.9997886802308371,2020-07,7,capped_weighted,20260716,lightgbm,platt,350000,0.018985714285714286,85848,0.003739166899636567,2.9913628101348877
0.9595185275453054,0.998561675537269,0.00046172807932287017,0.002099508146598477,-0.10719182082618431,0.9463840435213187,1.0,0.26791277258566976,0.39364076861909625,0.7069767441860465,0.9470404984423676,0.9892491618899135,0.36554132712456344,0.9781931464174455,0.9993688767764994,0.18520675596971461,0.9906542056074766,0.9997886802308371,2020-07,7,capped_weighted,20260716,lightgbm,beta,350000,0.018985714285714286,85848,0.003739166899636567,2.9913628101348877
0.9569331611397177,0.9977763666987237,0.0010399660095572472,0.004062747582793236,-2.508913278579712,0.8146250247955322,1.0,0.26791277258566976,0.3868121086164706,0.7046511627906977,0.9439252336448598,0.9884314873640798,0.36321303841676367,0.9719626168224299,0.9984366244575438,0.18462434478741993,0.9875389408099688,0.9997356769723026,2020-07,7,capped_weighted,20260716,xgboost,raw,350000,0.018985714285714286,85848,0.003739166899636567,3.0485429763793945
0.9569331611397176,0.9977763666987237,0.00048037306987680495,0.0022237435914576054,-0.19698022305965424,0.9336354732513428,1.0,0.26791277258566976,0.3868121086164706,0.7046511627906977,0.9439252336448598,0.9884314873640798,0.36321303841676367,0.9719626168224299,0.9984366244575438,0.18462434478741993,0.9875389408099688,0.9997356769723026,2020-07,7,capped_weighted,20260716,xgboost,platt,350000,0.018985714285714286,85848,0.003739166899636567,3.0485429763793945
0.9569331611397176,0.9977763666987237,0.0004746723861899227,0.002208990976214409,-0.1128554716706276,0.941525936126709,1.0,0.26791277258566976,0.3868121086164706,0.7046511627906977,0.9439252336448598,0.9884314873640798,0.36321303841676367,0.9719626168224299,0.9984366244575438,0.18462434478741993,0.9875389408099688,0.9997356769723026,2020-07,7,capped_weighted,20260716,xgboost,beta,350000,0.018985714285714286,85848,0.003739166899636567,3.0485429763793945
0.25190873090505683,0.9538284297607718,0.03419990465044975,0.17835107445716858,-5.342553615570068,0.4013344645500183,0.22093023255813954,0.059190031152647975,0.09076603195737253,0.3674418604651163,0.49221183800623053,0.6620214762144884,0.2572759022118743,0.6884735202492211,0.854732059704736,0.15084449621432733,0.8068535825545171,0.9584197314808286,2020-07,7,capped_weighted,20260717,logistic,raw,350000,0.018985714285714286,85848,0.003739166899636567,0.49775004386901855
0.25260590552059176,0.9538306880700478,0.003752398071810603,0.015986880287528038,-0.8432411551475525,0.8789621591567993,0.2441860465116279,0.06542056074766354,0.09316863626397236,0.3674418604651163,0.49221183800623053,0.6620214762144884,0.2572759022118743,0.6884735202492211,0.854732059704736,0.15084449621432733,0.8068535825545171,0.9584197314808286,2020-07,7,capped_weighted,20260717,logistic,platt,350000,0.018985714285714286,85848,0.003739166899636567,0.49775004386901855
0.25260590552059176,0.9538306880700478,0.003177221864461899,0.013515959493815899,-0.5427541732788086,0.8767690658569336,0.2441860465116279,0.06542056074766354,0.09316863626397236,0.3674418604651163,0.49221183800623053,0.6620214762144884,0.2572759022118743,0.6884735202492211,0.854732059704736,0.15084449621432733,0.8068535825545171,0.9584197314808286,2020-07,7,capped_weighted,20260717,logistic,beta,350000,0.018985714285714286,85848,0.003739166899636567,0.49775004386901855
0.9598448614767596,0.9988240400810557,0.001310827789434417,0.004918841134604019,-3.0334486949891604,0.900146197429112,1.0,0.26791277258566976,0.37900682733649677,0.7093023255813954,0.9501557632398754,0.98936077755087,0.36437718277066355,0.9750778816199377,0.9977274774123243,0.18462434478741993,0.9875389408099688,0.9997356769723026,2020-07,7,capped_weighted,20260717,lightgbm,raw,350000,0.018985714285714286,85848,0.003739166899636567,2.1735310554504395
0.9598448614767596,0.9988240400810557,0.000451659149345918,0.002100916146824239,-0.10127705097314342,0.9320272918370354,1.0,0.26791277258566976,0.37900682733649677,0.7093023255813954,0.9501557632398754,0.98936077755087,0.36437718277066355,0.9750778816199377,0.9977274774123243,0.18462434478741993,0.9875389408099688,0.9997356769723026,2020-07,7,capped_weighted,20260717,lightgbm,platt,350000,0.018985714285714286,85848,0.003739166899636567,2.1735310554504395
0.9598448614767596,0.9988240400810557,0.00044696547353439845,0.0020746370323500144,-0.10002759732237772,0.9433119984645689,1.0,0.26791277258566976,0.37900682733649677,0.7093023255813954,0.9501557632398754,0.98936077755087,0.36437718277066355,0.9750778816199377,0.9977274774123243,0.18462434478741993,0.9875389408099688,0.9997356769723026,2020-07,7,capped_weighted,20260717,lightgbm,beta,350000,0.018985714285714286,85848,0.003739166899636567,2.1735310554504395
0.957466297138885,0.9981017817805217,0.0009594493894837797,0.0038461131043732166,-2.4197115898132324,0.8031290173530579,1.0,0.26791277258566976,0.3797931788902832,0.7093023255813954,0.9501557632398754,0.9944686908617404,0.36554132712456344,0.9781931464174455,0.9993688767764997,0.18462434478741993,0.9875389408099688,0.9997356769723026,2020-07,7,capped_weighted,20260717,xgboost,raw,350000,0.018985714285714286,85848,0.003739166899636567,2.8360021114349365
0.957466297138885,0.9981017817805217,0.0004872147983405739,0.002207072451710701,-0.3653894364833832,0.9220927953720093,1.0,0.26791277258566976,0.3797931788902832,0.7093023255813954,0.9501557632398754,0.9944686908617404,0.36554132712456344,0.9781931464174455,0.9993688767764997,0.18462434478741993,0.9875389408099688,0.9997356769723026,2020-07,7,capped_weighted,20260717,xgboost,platt,350000,0.018985714285714286,85848,0.003739166899636567,2.8360021114349365
0.9574662971388849,0.9981017817805218,0.0004833593557123095,0.002206722740083933,-0.11058876663446426,0.9437152147293091,1.0,0.26791277258566976,0.3797931788902832,0.7093023255813954,0.9501557632398754,0.9944686908617404,0.36554132712456344,0.9781931464174455,0.9993688767764997,0.18462434478741993,0.9875389408099688,0.9997356769723026,2020-07,7,capped_weighted,20260717,xgboost,beta,350000,0.018985714285714286,85848,0.003739166899636567,2.8360021114349365
0.24936247490713495,0.9521301811852461,0.04665519297122955,0.22003786265850067,-5.4807233810424805,0.4034935235977173,0.2441860465116279,0.06542056074766354,0.1075458804335982,0.35348837209302325,0.4735202492211838,0.6529908175793595,0.25145518044237486,0.6728971962616822,0.8574439232142236,0.1525917297612114,0.8161993769470405,0.9623449977686322,2020-07,7,sliding180_weighted,20260716,logistic,raw,446668,0.005256700726266488,85848,0.003739166899636567,0.645366907119751
0.2500740594559927,0.952132694464924,0.00376595719717443,0.016035892069339752,-0.8750935792922974,0.8771801590919495,0.26744186046511625,0.07165109034267912,0.11620791117435368,0.35348837209302325,0.4735202492211838,0.6529908175793595,0.25145518044237486,0.6728971962616822,0.8574439232142236,0.1525917297612114,0.8161993769470405,0.9623449977686322,2020-07,7,sliding180_weighted,20260716,logistic,platt,446668,0.005256700726266488,85848,0.003739166899636567,0.645366907119751
0.25007405945599276,0.952132694464924,0.0031999575439840555,0.013750840909779072,-0.6020431518554688,0.8846932649612427,0.26744186046511625,0.07165109034267912,0.11620791117435368,0.35348837209302325,0.4735202492211838,0.6529908175793595,0.25145518044237486,0.6728971962616822,0.8574439232142236,0.1525917297612114,0.8161993769470405,0.9623449977686322,2020-07,7,sliding180_weighted,20260716,logistic,beta,446668,0.005256700726266488,85848,0.003739166899636567,0.645366907119751
0.9439967706571596,0.9975447443005646,0.000771442930471123,0.003377220629584693,-1.5083223277186952,0.7545852661639526,1.0,0.26791277258566976,0.39747956585730504,0.6976744186046512,0.9345794392523364,0.9917611129902795,0.3620488940628638,0.9688473520249221,0.9973158670895079,0.18287711124053582,0.9781931464174455,0.9994526988143718,2020-07,7,sliding180_weighted,20260716,lightgbm,raw,446668,0.005256700726266488,85848,0.003739166899636567,2.825510263442993
0.9439967706571597,0.9975447443005646,0.0005658168138053227,0.0026450960652331205,-0.45216562972654956,0.9095389740767256,1.0,0.26791277258566976,0.39747956585730504,0.6976744186046512,0.9345794392523364,0.9917611129902795,0.3620488940628638,0.9688473520249221,0.9973158670895079,0.18287711124053582,0.9781931464174455,0.9994526988143718,2020-07,7,sliding180_weighted,20260716,lightgbm,platt,446668,0.005256700726266488,85848,0.003739166899636567,2.825510263442993
0.9439967706571597,0.9975447443005646,0.0005641902385153801,0.0026542892168176925,-0.47542180012126,0.8908420511043702,1.0,0.26791277258566976,0.39747956585730504,0.6976744186046512,0.9345794392523364,0.9917611129902795,0.3620488940628638,0.9688473520249221,0.9973158670895079,0.18287711124053582,0.9781931464174455,0.9994526988143718,2020-07,7,sliding180_weighted,20260716,lightgbm,beta,446668,0.005256700726266488,85848,0.003739166899636567,2.825510263442993
0.9398664768736609,0.9963747215495556,0.0007127540302462876,0.0034043171908706427,-1.501395344734192,0.7202214002609253,1.0,0.26791277258566976,0.3923414640079828,0.6930232558139535,0.9283489096573209,0.9852824887758825,0.359720605355064,0.9626168224299065,0.995562852064376,0.18112987769365171,0.9688473520249221,0.998085580283897,2020-07,7,sliding180_weighted,20260716,xgboost,raw,446668,0.005256700726266488,85848,0.003739166899636567,3.488905191421509
0.9398664768736609,0.9963747215495556,0.0006051273085176945,0.0028694754000753164,-0.6288067698478699,0.8881866931915283,1.0,0.26791277258566976,0.3923414640079828,0.6930232558139535,0.9283489096573209,0.9852824887758825,0.359720605355064,0.9626168224299065,0.995562852064376,0.18112987769365171,0.9688473520249221,0.998085580283897,2020-07,7,sliding180_weighted,20260716,xgboost,platt,446668,0.005256700726266488,85848,0.003739166899636567,3.488905191421509
0.9398664768736609,0.9963747215495558,0.0006063714972697198,0.0028685033321380615,-0.5831120014190674,0.8958195447921753,1.0,0.26791277258566976,0.3923414640079828,0.6930232558139535,0.9283489096573209,0.9852824887758825,0.359720605355064,0.9626168224299065,0.995562852064376,0.18112987769365171,0.9688473520249221,0.998085580283897,2020-07,7,sliding180_weighted,20260716,xgboost,beta,446668,0.005256700726266488,85848,0.003739166899636567,3.488905191421509
0.24936247490713495,0.9521301811852461,0.04665519297122955,0.22003786265850067,-5.4807233810424805,0.4034935235977173,0.2441860465116279,0.06542056074766354,0.1075458804335982,0.35348837209302325,0.4735202492211838,0.6529908175793595,0.25145518044237486,0.6728971962616822,0.8574439232142236,0.1525917297612114,0.8161993769470405,0.9623449977686322,2020-07,7,sliding180_weighted,20260717,logistic,raw,446668,0.005256700726266488,85848,0.003739166899636567,0.7255377769470215
0.2500740594559927,0.952132694464924,0.00376595719717443,0.016035892069339752,-0.8750935792922974,0.8771801590919495,0.26744186046511625,0.07165109034267912,0.11620791117435368,0.35348837209302325,0.4735202492211838,0.6529908175793595,0.25145518044237486,0.6728971962616822,0.8574439232142236,0.1525917297612114,0.8161993769470405,0.9623449977686322,2020-07,7,sliding180_weighted,20260717,logistic,platt,446668,0.005256700726266488,85848,0.003739166899636567,0.7255377769470215
0.25007405945599276,0.952132694464924,0.0031999575439840555,0.013750840909779072,-0.6020431518554688,0.8846932649612427,0.26744186046511625,0.07165109034267912,0.11620791117435368,0.35348837209302325,0.4735202492211838,0.6529908175793595,0.25145518044237486,0.6728971962616822,0.8574439232142236,0.1525917297612114,0.8161993769470405,0.9623449977686322,2020-07,7,sliding180_weighted,20260717,logistic,beta,446668,0.005256700726266488,85848,0.003739166899636567,0.7255377769470215
0.9437383915956183,0.9972642040095407,0.0007813871828389493,0.003395840675125709,-1.6805171770550968,0.7397602971053585,1.0,0.26791277258566976,0.39871723290974215,0.6976744186046512,0.9345794392523364,0.9923748415653192,0.359720605355064,0.9626168224299065,0.9955870533144086,0.1834595224228305,0.9813084112149533,0.9995646926198605,2020-07,7,sliding180_weighted,20260717,lightgbm,raw,446668,0.005256700726266488,85848,0.003739166899636567,3.1476259231567383
0.9437383915956183,0.9972642040095407,0.0005803714272514805,0.002664114755046587,-0.42088564661747807,0.9186873869946864,1.0,0.26791277258566976,0.39871723290974215,0.6976744186046512,0.9345794392523364,0.9923748415653192,0.359720605355064,0.9626168224299065,0.9955870533144086,0.1834595224228305,0.9813084112149533,0.9995646926198605,2020-07,7,sliding180_weighted,20260717,lightgbm,platt,446668,0.005256700726266488,85848,0.003739166899636567,3.1476259231567383
0.9437383915956183,0.9972642040095407,0.0005761076964053402,0.0026700202671693972,-0.46959730765321683,0.8981529053168842,1.0,0.26791277258566976,0.39871723290974215,0.6976744186046512,0.9345794392523364,0.9923748415653192,0.359720605355064,0.9626168224299065,0.9955870533144086,0.1834595224228305,0.9813084112149533,0.9995646926198605,2020-07,7,sliding180_weighted,20260717,lightgbm,beta,446668,0.005256700726266488,85848,0.003739166899636567,3.1476259231567383
0.9363851540917456,0.9970933374157738,0.000749255355913192,0.003522018203511834,-1.5371958017349243,0.7305334210395813,1.0,0.26791277258566976,0.3971883315437644,0.6976744186046512,0.9345794392523364,0.9914767483023988,0.3585564610011641,0.9595015576323987,0.9947288542995885,0.18112987769365171,0.9688473520249221,0.9966161736575824,2020-07,7,sliding180_weighted,20260717,xgboost,raw,446668,0.005256700726266488,85848,0.003739166899636567,4.501327991485596
0.9363851540917457,0.9970933374157738,0.0006163225625641644,0.0029275352135300636,-0.5555640459060669,0.8973385691642761,1.0,0.26791277258566976,0.3971883315437644,0.6976744186046512,0.9345794392523364,0.9914767483023988,0.3585564610011641,0.9595015576323987,0.9947288542995885,0.18112987769365171,0.9688473520249221,0.9966161736575824,2020-07,7,sliding180_weighted,20260717,xgboost,platt,446668,0.005256700726266488,85848,0.003739166899636567,4.501327991485596
0.9363851540917457,0.9970933374157738,0.0006174494046717882,0.0029268006328493357,-0.5395355224609375,0.8978278040885925,1.0,0.26791277258566976,0.3971883315437644,0.6976744186046512,0.9345794392523364,0.9914767483023988,0.3585564610011641,0.9595015576323987,0.9947288542995885,0.18112987769365171,0.9688473520249221,0.9966161736575824,2020-07,7,sliding180_weighted,20260717,xgboost,beta,446668,0.005256700726266488,85848,0.003739166899636567,4.501327991485596
0.41964301601817083,0.9031555209815691,0.0026433547027409077,0.015193437226116657,-1.0318443775177002,0.8438935875892639,0.6511627906976745,0.17445482866043613,0.28917556866162486,0.43953488372093025,0.5887850467289719,0.8422406853390657,0.259604190919674,0.6947040498442367,0.9430242071112725,0.1403610949330227,0.7507788161993769,0.9717498304179335,2020-07,7,sliding180_unweighted,20260716,logistic,raw,446668,0.005256700726266488,85848,0.003739166899636567,0.6575088500976562
0.4196430160181709,0.9031555209815689,0.0026541303377598524,0.01507612131536007,-0.9547708630561829,0.8490314483642578,0.6511627906976745,0.17445482866043613,0.28917556866162486,0.43953488372093025,0.5887850467289719,0.8422406853390657,0.259604190919674,0.6947040498442367,0.9430242071112725,0.1403610949330227,0.7507788161993769,0.9717498304179335,2020-07,7,sliding180_unweighted,20260716,logistic,platt,446668,0.005256700726266488,85848,0.003739166899636567,0.6575088500976562
0.4196430160181709,0.903155520981569,0.0025367208290845156,0.01383927371352911,-0.5444223880767822,0.9356575012207031,0.6511627906976745,0.17445482866043613,0.28917556866162486,0.43953488372093025,0.5887850467289719,0.8422406853390657,0.259604190919674,0.6947040498442367,0.9430242071112725,0.1403610949330227,0.7507788161993769,0.9717498304179335,2020-07,7,sliding180_unweighted,20260716,logistic,beta,446668,0.005256700726266488,85848,0.003739166899636567,0.6575088500976562
0.896306464263914,0.9951307209575873,0.0008968297768115694,0.005218870016312077,-0.5056403529715919,0.5822129908487957,0.9651162790697675,0.2585669781931464,0.309876334763539,0.6813953488372093,0.9127725856697819,0.9891568316000765,0.3550640279394645,0.9501557632398754,0.9932172215338944,0.1793826441467676,0.9595015576323987,0.9950506552961127,2020-07,7,sliding180_unweighted,20260716,lightgbm,raw,446668,0.005256700726266488,85848,0.003739166899636567,2.968409776687622
0.8963064642639139,0.9951307209575873,0.0008649463337875119,0.004093789635246575,-0.7722358007807575,0.8772038673009719,0.9651162790697675,0.2585669781931464,0.30987633476353893,0.6813953488372093,0.9127725856697819,0.9891568316000765,0.3550640279394645,0.9501557632398754,0.9932172215338944,0.1793826441467676,0.9595015576323987,0.9950506552961127,2020-07,7,sliding180_unweighted,20260716,lightgbm,platt,446668,0.005256700726266488,85848,0.003739166899636567,2.968409776687622
0.8963064642639139,0.9951307209575873,0.0008931971999605579,0.0039521471556096975,-0.5970237935426257,0.8944395779522741,0.9651162790697675,0.2585669781931464,0.30987633476353893,0.6813953488372093,0.9127725856697819,0.9891568316000765,0.3550640279394645,0.9501557632398754,0.9932172215338944,0.1793826441467676,0.9595015576323987,0.9950506552961127,2020-07,7,sliding180_unweighted,20260716,lightgbm,beta,446668,0.005256700726266488,85848,0.003739166899636567,2.968409776687622
0.922724982815573,0.9952359873093217,0.0007089392165653408,0.0034723160788416862,-0.04785829409956932,0.8223260045051575,0.9883720930232558,0.26479750778816197,0.42241246253454273,0.686046511627907,0.9190031152647975,0.9841048836799059,0.3585564610011641,0.9595015576323987,0.9955130630343617,0.18112987769365171,0.9688473520249221,0.9980855802838972,2020-07,7,sliding180_unweighted,20260716,xgboost,raw,446668,0.005256700726266488,85848,0.003739166899636567,3.4679160118103027
0.9227249828155729,0.9952359873093217,0.0007101416704244912,0.0033517279662191868,-0.5378578305244446,0.891715943813324,0.9883720930232558,0.26479750778816197,0.42241246253454273,0.686046511627907,0.9190031152647975,0.9841048836799059,0.3585564610011641,0.9595015576323987,0.9955130630343617,0.18112987769365171,0.9688473520249221,0.9980855802838972,2020-07,7,sliding180_unweighted,20260716,xgboost,platt,446668,0.005256700726266488,85848,0.003739166899636567,3.4679160118103027
0.9227249828155729,0.9952359873093217,0.000719789823051542,0.003367484314367175,-0.5889692306518555,0.8766917586326599,0.9883720930232558,0.26479750778816197,0.42241246253454273,0.686046511627907,0.9190031152647975,0.9841048836799059,0.3585564610011641,0.9595015576323987,0.9955130630343617,0.18112987769365171,0.9688473520249221,0.9980855802838972,2020-07,7,sliding180_unweighted,20260716,xgboost,beta,446668,0.005256700726266488,85848,0.003739166899636567,3.4679160118103027
0.41964301601817083,0.9031555209815691,0.0026433547027409077,0.015193437226116657,-1.0318443775177002,0.8438935875892639,0.6511627906976745,0.17445482866043613,0.28917556866162486,0.43953488372093025,0.5887850467289719,0.8422406853390657,0.259604190919674,0.6947040498442367,0.9430242071112725,0.1403610949330227,0.7507788161993769,0.9717498304179335,2020-07,7,sliding180_unweighted,20260717,logistic,raw,446668,0.005256700726266488,85848,0.003739166899636567,0.6409826278686523
0.4196430160181709,0.9031555209815689,0.0026541303377598524,0.01507612131536007,-0.9547708630561829,0.8490314483642578,0.6511627906976745,0.17445482866043613,0.28917556866162486,0.43953488372093025,0.5887850467289719,0.8422406853390657,0.259604190919674,0.6947040498442367,0.9430242071112725,0.1403610949330227,0.7507788161993769,0.9717498304179335,2020-07,7,sliding180_unweighted,20260717,logistic,platt,446668,0.005256700726266488,85848,0.003739166899636567,0.6409826278686523
0.4196430160181709,0.903155520981569,0.0025367208290845156,0.01383927371352911,-0.5444223880767822,0.9356575012207031,0.6511627906976745,0.17445482866043613,0.28917556866162486,0.43953488372093025,0.5887850467289719,0.8422406853390657,0.259604190919674,0.6947040498442367,0.9430242071112725,0.1403610949330227,0.7507788161993769,0.9717498304179335,2020-07,7,sliding180_unweighted,20260717,logistic,beta,446668,0.005256700726266488,85848,0.003739166899636567,0.6409826278686523
0.8824904472836371,0.9940309971888783,0.0010035293302171613,0.005840125455962477,-0.7384340462869591,0.5723792340813747,0.9883720930232558,0.26479750778816197,0.314821519877577,0.672093023255814,0.9003115264797508,0.9787289919441979,0.3492433061699651,0.9345794392523364,0.9923898412984122,0.17647058823529413,0.9439252336448598,0.9933986678850484,2020-07,7,sliding180_unweighted,20260717,lightgbm,raw,446668,0.005256700726266488,85848,0.003739166899636567,2.927781820297241
0.8824904472836372,0.9940309971888783,0.0009487892948124725,0.004563930376079847,-0.7499227252946588,0.903221763947927,0.9883720930232558,0.26479750778816197,0.314821519877577,0.672093023255814,0.9003115264797508,0.9787289919441979,0.3492433061699651,0.9345794392523364,0.9923898412984122,0.17647058823529413,0.9439252336448598,0.9933986678850484,2020-07,7,sliding180_unweighted,20260717,lightgbm,platt,446668,0.005256700726266488,85848,0.003739166899636567,2.927781820297241
0.8824904472836372,0.9940309971888783,0.0009736448825532047,0.0044371860729439,-0.5791206916906748,0.9312595283239722,0.9883720930232558,0.26479750778816197,0.314821519877577,0.672093023255814,0.9003115264797508,0.9787289919441979,0.3492433061699651,0.9345794392523364,0.9923898412984122,0.17647058823529413,0.9439252336448598,0.9933986678850484,2020-07,7,sliding180_unweighted,20260717,lightgbm,beta,446668,0.005256700726266488,85848,0.003739166899636567,2.927781820297241
0.9227561811863091,0.9962852633627529,0.0006904680049046874,0.00340318214148283,-0.056425273418426514,0.8258203864097595,0.9883720930232558,0.26479750778816197,0.4420687304156584,0.686046511627907,0.9190031152647975,0.9805334976497373,0.3562281722933644,0.9532710280373832,0.9945436895272053,0.18112987769365171,0.9688473520249221,0.9973858868519712,2020-07,7,sliding180_unweighted,20260717,xgboost,raw,446668,0.005256700726266488,85848,0.003739166899636567,3.5307393074035645
0.922756181186309,0.9962852633627529,0.0007013651775196195,0.003312863176688552,-0.5968976616859436,0.8959860801696777,0.9883720930232558,0.26479750778816197,0.4420687304156584,0.686046511627907,0.9190031152647975,0.9805334976497373,0.3562281722933644,0.9532710280373832,0.9945436895272053,0.18112987769365171,0.9688473520249221,0.9973858868519712,2020-07,7,sliding180_unweighted,20260717,xgboost,platt,446668,0.005256700726266488,85848,0.003739166899636567,3.5307393074035645
0.9227561811863091,0.9962852633627529,0.0006997818127274513,0.0033160571474581957,-0.6055730581283569,0.8893366456031799,0.9883720930232558,0.26479750778816197,0.4420687304156584,0.686046511627907,0.9190031152647975,0.9805334976497373,0.3562281722933644,0.9532710280373832,0.9945436895272053,0.18112987769365171,0.9688473520249221,0.9973858868519712,2020-07,7,sliding180_unweighted,20260717,xgboost,beta,446668,0.005256700726266488,85848,0.003739166899636567,3.5307393074035645
0.2517020446851577,0.9540287272238127,0.03400132432579994,0.17861396074295044,-5.338810920715332,0.39638644456863403,0.18604651162790697,0.04984423676012461,0.08783887816113861,0.3627906976744186,0.48598130841121495,0.654075084000081,0.25844004656577413,0.6915887850467289,0.8591885560355681,0.15084449621432733,0.8068535825545171,0.9584197314808287,2020-07,14,capped_weighted,20260716,logistic,raw,350000,0.018985714285714286,85848,0.003739166899636567,0.5337049961090088
0.25067455383966397,0.9540253215477272,0.0037567478138953447,0.015939662232995033,-0.8181986808776855,0.8817337155342102,0.16279069767441862,0.04361370716510903,0.06782406623982973,0.3627906976744186,0.48598130841121495,0.6540750840000809,0.25844004656577413,0.6915887850467289,0.8591885560355681,0.15084449621432733,0.8068535825545171,0.9584197314808287,2020-07,14,capped_weighted,20260716,logistic,platt,350000,0.018985714285714286,85848,0.003739166899636567,0.5337049961090088
0.25067455383966397,0.9540253033355555,0.0031819050200283527,0.0134813841432333,-0.5227699875831604,0.8891156315803528,0.1511627906976744,0.040498442367601244,0.07220424039933575,0.3627906976744186,0.48598130841121495,0.654075084000081,0.25844004656577413,0.6915887850467289,0.8591885560355681,0.15084449621432733,0.8068535825545171,0.9584197314808287,2020-07,14,capped_weighted,20260716,logistic,beta,350000,0.018985714285714286,85848,0.003739166899636567,0.5337049961090088
0.9589427185093291,0.99873592959495,0.0013953215760720474,0.005194573014533792,-3.003692105440742,0.9065815805113913,1.0,0.26791277258566976,0.40299808110557356,0.7069767441860465,0.9470404984423676,0.990012761747706,0.36554132712456344,0.9781931464174455,0.9993688767764993,0.18462434478741993,0.9875389408099688,0.9997356769723026,2020-07,14,capped_weighted,20260716,lightgbm,raw,350000,0.018985714285714286,85848,0.003739166899636567,2.4597842693328857
0.9589427185093291,0.99873592959495,0.0004620789116137814,0.002120160450617023,-0.10332656481999213,0.9349147338976833,1.0,0.26791277258566976,0.40299808110557356,0.7069767441860465,0.9470404984423676,0.990012761747706,0.36554132712456344,0.9781931464174455,0.9993688767764993,0.18462434478741993,0.9875389408099688,0.9997356769723026,2020-07,14,capped_weighted,20260716,lightgbm,platt,350000,0.018985714285714286,85848,0.003739166899636567,2.4597842693328857
0.9589427185093291,0.99873592959495,0.000454660679384985,0.002094561765565118,-0.09593765626925034,0.9540625404471199,1.0,0.26791277258566976,0.40299808110557356,0.7069767441860465,0.9470404984423676,0.990012761747706,0.36554132712456344,0.9781931464174455,0.9993688767764993,0.18462434478741993,0.9875389408099688,0.9997356769723026,2020-07,14,capped_weighted,20260716,lightgbm,beta,350000,0.018985714285714286,85848,0.003739166899636567,2.4597842693328857
0.9584836956708275,0.9977745090572225,0.001000301563180983,0.0039590406231582165,-2.489490270614624,0.8110935688018799,1.0,0.26791277258566976,0.3943644112046997,0.7069767441860465,0.9470404984423676,0.9899173432775261,0.36321303841676367,0.9719626168224299,0.9990041563756209,0.18462434478741993,0.9875389408099688,0.9997356769723028,2020-07,14,capped_weighted,20260716,xgboost,raw,350000,0.018985714285714286,85848,0.003739166899636567,2.8652830123901367
0.9584836956708275,0.9977745090572225,0.0004911248688586056,0.0021976856514811516,-0.4018697440624237,0.9170257449150085,1.0,0.26791277258566976,0.3943644112046997,0.7069767441860465,0.9470404984423676,0.9899173432775261,0.36321303841676367,0.9719626168224299,0.9990041563756209,0.18462434478741993,0.9875389408099688,0.9997356769723028,2020-07,14,capped_weighted,20260716,xgboost,platt,350000,0.018985714285714286,85848,0.003739166899636567,2.8652830123901367
0.9584836956708275,0.9977745090572225,0.0004892302094958723,0.0022011459805071354,-0.12265610694885254,0.9397715926170349,1.0,0.26791277258566976,0.3943644112046997,0.7069767441860465,0.9470404984423676,0.9899173432775261,0.36321303841676367,0.9719626168224299,0.9990041563756209,0.18462434478741993,0.9875389408099688,0.9997356769723028,2020-07,14,capped_weighted,20260716,xgboost,beta,350000,0.018985714285714286,85848,0.003739166899636567,2.8652830123901367
0.2519152121496931,0.9538491369998587,0.03395216539502144,0.17745621502399445,-5.338974475860596,0.4011451303958893,0.23255813953488372,0.06230529595015576,0.09475791470685387,0.3674418604651163,0.49221183800623053,0.6620214762144885,0.25844004656577413,0.6915887850467289,0.8591885560355681,0.15084449621432733,0.8068535825545171,0.9584197314808286,2020-07,14,capped_weighted,20260717,logistic,raw,350000,0.018985714285714286,85848,0.003739166899636567,0.48137402534484863
0.25261238676522796,0.9538513953091347,0.003752603195607662,0.015987461432814598,-0.8419291973114014,0.8790281414985657,0.19767441860465115,0.0529595015576324,0.08102212971126334,0.3674418604651163,0.49221183800623053,0.6620214762144885,0.25844004656577413,0.6915887850467289,0.8591885560355681,0.15084449621432733,0.8068535825545171,0.9584197314808286,2020-07,14,capped_weighted,20260717,logistic,platt,350000,0.018985714285714286,85848,0.003739166899636567,0.48137402534484863
0.25261238676522796,0.9538513953091345,0.0031777468975633383,0.013503056950867176,-0.5272762179374695,0.8864225745201111,0.19767441860465115,0.0529595015576324,0.08102212971126334,0.3674418604651163,0.49221183800623053,0.6620214762144885,0.25844004656577413,0.6915887850467289,0.8591885560355681,0.15084449621432733,0.8068535825545171,0.9584197314808286,2020-07,14,capped_weighted,20260717,logistic,beta,350000,0.018985714285714286,85848,0.003739166899636567,0.48137402534484863
0.9601018038255885,0.9990240461493514,0.0012890143767124974,0.004904104256316255,-2.8362727991393153,0.8690308304208763,1.0,0.26791277258566976,0.3923033974584528,0.7069767441860465,0.9470404984423676,0.9900365218291179,0.36670547147846333,0.9813084112149533,0.9995036222779818,0.18462434478741993,0.9875389408099688,0.9997356769723026,2020-07,14,capped_weighted,20260717,lightgbm,raw,350000,0.018985714285714286,85848,0.003739166899636567,2.3807549476623535
0.9601018038255886,0.9990240461493514,0.00046129435264437253,0.0020966178440089515,-0.11378470739195118,0.9275981694945956,1.0,0.26791277258566976,0.3923033974584528,0.7069767441860465,0.9470404984423676,0.9900365218291179,0.36670547147846333,0.9813084112149533,0.9995036222779818,0.18462434478741993,0.9875389408099688,0.9997356769723026,2020-07,14,capped_weighted,20260717,lightgbm,platt,350000,0.018985714285714286,85848,0.003739166899636567,2.3807549476623535
0.9601018038255886,0.9990240461493514,0.0004585966826856784,0.0020814854611903117,-0.11291673273846159,0.947818966847321,1.0,0.26791277258566976,0.3923033974584528,0.7069767441860465,0.9470404984423676,0.9900365218291179,0.36670547147846333,0.9813084112149533,0.9995036222779818,0.18462434478741993,0.9875389408099688,0.9997356769723026,2020-07,14,capped_weighted,20260717,lightgbm,beta,350000,0.018985714285714286,85848,0.003739166899636567,2.3807549476623535
0.9569173701721863,0.9976256791910678,0.0009291709284298122,0.0037684247363358736,-2.3490288257598877,0.798041820526123,1.0,0.26791277258566976,0.39531815473787685,0.7093023255813954,0.9501557632398754,0.9945407273950398,0.36321303841676367,0.9719626168224299,0.9968461485569785,0.18462434478741993,0.9875389408099688,0.9997356769723026,2020-07,14,capped_weighted,20260717,xgboost,raw,350000,0.018985714285714286,85848,0.003739166899636567,3.573582172393799
0.9569173701721864,0.9976256791910678,0.0004955705953761935,0.002246447140350938,-0.3802042305469513,0.9175258278846741,1.0,0.26791277258566976,0.39531815473787685,0.7093023255813954,0.9501557632398754,0.9945407273950398,0.36321303841676367,0.9719626168224299,0.9968461485569785,0.18462434478741993,0.9875389408099688,0.9997356769723026,2020-07,14,capped_weighted,20260717,xgboost,platt,350000,0.018985714285714286,85848,0.003739166899636567,3.573582172393799
0.9569173701721864,0.9976256791910678,0.0004943153471685946,0.0022483046632260084,-0.16792744398117065,0.9407362937927246,1.0,0.26791277258566976,0.39531815473787685,0.7093023255813954,0.9501557632398754,0.9945407273950398,0.36321303841676367,0.9719626168224299,0.9968461485569785,0.18462434478741993,0.9875389408099688,0.9997356769723026,2020-07,14,capped_weighted,20260717,xgboost,beta,350000,0.018985714285714286,85848,0.003739166899636567,3.573582172393799
0.24940039553750323,0.9521762761915158,0.04649975523352623,0.21957768499851227,-5.479550838470459,0.4034632742404938,0.19767441860465115,0.0529595015576324,0.10001916562535117,0.35348837209302325,0.4735202492211838,0.6529908175793594,0.25145518044237486,0.6728971962616822,0.8574439232142236,0.1525917297612114,0.8161993769470405,0.962344997768632,2020-07,14,sliding180_weighted,20260716,logistic,raw,446668,0.005256700726266488,85848,0.003739166899636567,0.7316999435424805
0.25011198008636104,0.9521787894711939,0.003765900619328022,0.016036536544561386,-0.8755479454994202,0.877149224281311,0.20930232558139536,0.056074766355140186,0.10169264425063698,0.35348837209302325,0.4735202492211838,0.6529908175793594,0.25145518044237486,0.6728971962616822,0.8574439232142236,0.1525917297612114,0.8161993769470405,0.962344997768632,2020-07,14,sliding180_weighted,20260716,logistic,platt,446668,0.005256700726266488,85848,0.003739166899636567,0.7316999435424805
0.25011198008636104,0.9521787894711939,0.0031994404271245003,0.013746792450547218,-0.6015356779098511,0.8848018050193787,0.20930232558139536,0.056074766355140186,0.10169264425063698,0.35348837209302325,0.4735202492211838,0.6529908175793594,0.25145518044237486,0.6728971962616822,0.8574439232142236,0.1525917297612114,0.8161993769470405,0.962344997768632,2020-07,14,sliding180_weighted,20260716,logistic,beta,446668,0.005256700726266488,85848,0.003739166899636567,0.7316999435424805
0.9447283903726165,0.997252912463161,0.0007576189757906174,0.003359979768531631,-1.5464610813681439,0.7469634948266515,1.0,0.26791277258566976,0.39144740428673463,0.7,0.9376947040498442,0.9910157901181885,0.3585564610011641,0.9595015576323987,0.9947288542995885,0.18287711124053582,0.9781931464174455,0.9994526988143719,2020-07,14,sliding180_weighted,20260716,lightgbm,raw,446668,0.005256700726266488,85848,0.003739166899636567,3.267712116241455
0.9447283903726165,0.997252912463161,0.0005559306645236037,0.00262150804615706,-0.4669387773418037,0.9121050995870421,1.0,0.26791277258566976,0.39144740428673463,0.7,0.9376947040498442,0.9910157901181885,0.3585564610011641,0.9595015576323987,0.9947288542995885,0.18287711124053582,0.9781931464174455,0.9994526988143719,2020-07,14,sliding180_weighted,20260716,lightgbm,platt,446668,0.005256700726266488,85848,0.003739166899636567,3.267712116241455
0.9447283903726165,0.997252912463161,0.0005530722808297261,0.002619444792781672,-0.49353386427724094,0.9050324709309958,1.0,0.26791277258566976,0.39144740428673463,0.7,0.9376947040498442,0.9910157901181885,0.3585564610011641,0.9595015576323987,0.9947288542995885,0.18287711124053582,0.9781931464174455,0.9994526988143719,2020-07,14,sliding180_weighted,20260716,lightgbm,beta,446668,0.005256700726266488,85848,0.003739166899636567,3.267712116241455
0.9365516898475498,0.9964428714956095,0.0007797701982781291,0.0036394656635820866,-1.5680789947509766,0.7146561145782471,1.0,0.26791277258566976,0.4010938712918281,0.6906976744186046,0.9252336448598131,0.9852251998793214,0.3585564610011641,0.9595015576323987,0.9947288542995885,0.18171228887594643,0.9719626168224299,0.9974975025129279,2020-07,14,sliding180_weighted,20260716,xgboost,raw,446668,0.005256700726266488,85848,0.003739166899636567,4.974477052688599
0.9365516898475499,0.9964428714956094,0.0006604514201171696,0.0030865848530083895,-0.8807533979415894,0.8538286089897156,1.0,0.26791277258566976,0.4010938712918281,0.6906976744186046,0.9252336448598131,0.9852251998793214,0.3585564610011641,0.9595015576323987,0.9947288542995885,0.18171228887594643,0.9719626168224299,0.9974975025129279,2020-07,14,sliding180_weighted,20260716,xgboost,platt,446668,0.005256700726266488,85848,0.003739166899636567,4.974477052688599
0.9365516898475498,0.9964428714956094,0.0006439554272219539,0.0030162872280925512,-0.6622239351272583,0.8772510886192322,1.0,0.26791277258566976,0.4010938712918281,0.6906976744186046,0.9252336448598131,0.9852251998793214,0.3585564610011641,0.9595015576323987,0.9947288542995885,0.18171228887594643,0.9719626168224299,0.9974975025129279,2020-07,14,sliding180_weighted,20260716,xgboost,beta,446668,0.005256700726266488,85848,0.003739166899636567,4.974477052688599
0.24940039553750323,0.9521762761915158,0.04649975523352623,0.21957768499851227,-5.479550838470459,0.4034632742404938,0.19767441860465115,0.0529595015576324,0.10001916562535117,0.35348837209302325,0.4735202492211838,0.6529908175793594,0.25145518044237486,0.6728971962616822,0.8574439232142236,0.1525917297612114,0.8161993769470405,0.962344997768632,2020-07,14,sliding180_weighted,20260717,logistic,raw,446668,0.005256700726266488,85848,0.003739166899636567,0.6548919677734375
0.25011198008636104,0.9521787894711939,0.003765900619328022,0.016036536544561386,-0.8755479454994202,0.877149224281311,0.20930232558139536,0.056074766355140186,0.10169264425063698,0.35348837209302325,0.4735202492211838,0.6529908175793594,0.25145518044237486,0.6728971962616822,0.8574439232142236,0.1525917297612114,0.8161993769470405,0.962344997768632,2020-07,14,sliding180_weighted,20260717,logistic,platt,446668,0.005256700726266488,85848,0.003739166899636567,0.6548919677734375
0.25011198008636104,0.9521787894711939,0.0031994404271245003,0.013746792450547218,-0.6015356779098511,0.8848018050193787,0.20930232558139536,0.056074766355140186,0.10169264425063698,0.35348837209302325,0.4735202492211838,0.6529908175793594,0.25145518044237486,0.6728971962616822,0.8574439232142236,0.1525917297612114,0.8161993769470405,0.962344997768632,2020-07,14,sliding180_weighted,20260717,logistic,beta,446668,0.005256700726266488,85848,0.003739166899636567,0.6548919677734375
0.9442775627668809,0.9975381514944526,0.0007583704126833099,0.003297842760664525,-1.6432175745007778,0.7585630053031949,1.0,0.26791277258566976,0.387080150065397,0.6953488372093023,0.9314641744548287,0.9900282656735078,0.359720605355064,0.9626168224299065,0.9963094354182396,0.1834595224228305,0.9813084112149533,0.9995646926198605,2020-07,14,sliding180_weighted,20260717,lightgbm,raw,446668,0.005256700726266488,85848,0.003739166899636567,2.926582098007202
0.9442775627668809,0.9975381514944526,0.0005647890028504835,0.0026202227670228183,-0.47266568000950976,0.917182218188683,1.0,0.26791277258566976,0.387080150065397,0.6953488372093023,0.9314641744548287,0.9900282656735078,0.359720605355064,0.9626168224299065,0.9963094354182396,0.1834595224228305,0.9813084112149533,0.9995646926198605,2020-07,14,sliding180_weighted,20260717,lightgbm,platt,446668,0.005256700726266488,85848,0.003739166899636567,2.926582098007202
0.9442775627668809,0.9975381514944526,0.0005572825828734819,0.002609922232198031,-0.41462450755496416,0.919906240151112,1.0,0.26791277258566976,0.387080150065397,0.6953488372093023,0.9314641744548287,0.9900282656735078,0.359720605355064,0.9626168224299065,0.9963094354182396,0.1834595224228305,0.9813084112149533,0.9995646926198605,2020-07,14,sliding180_weighted,20260717,lightgbm,beta,446668,0.005256700726266488,85848,0.003739166899636567,2.926582098007202
0.9366719734778184,0.997098837491591,0.0007589487941004336,0.0035432546865195036,-1.5634379386901855,0.7129608392715454,1.0,0.26791277258566976,0.39419279661137124,0.6953488372093023,0.9314641744548287,0.991435278452083,0.3585564610011641,0.9595015576323987,0.9947288542995885,0.1822947000582411,0.9750778816199377,0.9991389018771031,2020-07,14,sliding180_weighted,20260717,xgboost,raw,446668,0.005256700726266488,85848,0.003739166899636567,4.486524820327759
0.9366719734778183,0.9970988374915909,0.0006273803301155567,0.0029356968589127064,-0.6435471773147583,0.8915228247642517,1.0,0.26791277258566976,0.39419279661137124,0.6953488372093023,0.9314641744548287,0.991435278452083,0.3585564610011641,0.9595015576323987,0.9947288542995885,0.1822947000582411,0.9750778816199377,0.9991389018771031,2020-07,14,sliding180_weighted,20260717,xgboost,platt,446668,0.005256700726266488,85848,0.003739166899636567,4.486524820327759
0.9366719734778183,0.9970988374915909,0.0006306268624030054,0.0029301680624485016,-0.5970888137817383,0.8957794308662415,1.0,0.26791277258566976,0.39419279661137124,0.6953488372093023,0.9314641744548287,0.991435278452083,0.3585564610011641,0.9595015576323987,0.9947288542995885,0.1822947000582411,0.9750778816199377,0.9991389018771031,2020-07,14,sliding180_weighted,20260717,xgboost,beta,446668,0.005256700726266488,85848,0.003739166899636567,4.486524820327759
0.4206079260558429,0.9037058017458698,0.002637919969856739,0.01515705231577158,-1.0296506881713867,0.8454636931419373,0.6511627906976745,0.17445482866043613,0.2891755686616249,0.43953488372093025,0.5887850467289719,0.8422406853390655,0.259604190919674,0.6947040498442367,0.9430242071112725,0.1403610949330227,0.7507788161993769,0.9717498304179335,2020-07,14,sliding180_unweighted,20260716,logistic,raw,446668,0.005256700726266488,85848,0.003739166899636567,0.6398448944091797
0.4206079260558429,0.9037058017458698,0.002648412948474288,0.015039410442113876,-0.9524410367012024,0.8500894904136658,0.6511627906976745,0.17445482866043613,0.2891755686616249,0.43953488372093025,0.5887850467289719,0.8422406853390655,0.259604190919674,0.6947040498442367,0.9430242071112725,0.1403610949330227,0.7507788161993769,0.9717498304179335,2020-07,14,sliding180_unweighted,20260716,logistic,platt,446668,0.005256700726266488,85848,0.003739166899636567,0.6398448944091797
0.42060792605584285,0.9037058017458697,0.0025361806619912386,0.01382314320653677,-0.5445342659950256,0.9373623728752136,0.6511627906976745,0.17445482866043613,0.2891755686616249,0.43953488372093025,0.5887850467289719,0.8422406853390655,0.259604190919674,0.6947040498442367,0.9430242071112725,0.1403610949330227,0.7507788161993769,0.9717498304179335,2020-07,14,sliding180_unweighted,20260716,logistic,beta,446668,0.005256700726266488,85848,0.003739166899636567,0.6398448944091797
0.917718946794432,0.9922536167278359,0.0007994890630973247,0.004844492580997297,-0.04978369804028513,0.6186310073895526,1.0,0.26791277258566976,0.32194954430117595,0.6813953488372093,0.9127725856697819,0.9831560560256417,0.3538998835855646,0.9470404984423676,0.9930893456580722,0.1793826441467676,0.9595015576323987,0.9955922843137645,2020-07,14,sliding180_unweighted,20260716,lightgbm,raw,446668,0.005256700726266488,85848,0.003739166899636567,2.9356110095977783
0.9177189467944321,0.9925166915463144,0.000793675141157695,0.0037028402193658404,-0.7570303814670948,0.8843004592044831,1.0,0.26791277258566976,0.32194954430117595,0.6813953488372093,0.9127725856697819,0.9831560560256417,0.3538998835855646,0.9470404984423676,0.9930893456580722,0.1793826441467676,0.9595015576323987,0.9955922843137645,2020-07,14,sliding180_unweighted,20260716,lightgbm,platt,446668,0.005256700726266488,85848,0.003739166899636567,2.9356110095977783
0.9177189467944321,0.9925166915463144,0.0008114400734807947,0.003697373531196391,-0.6369744249855844,0.8978890990317838,1.0,0.26791277258566976,0.32194954430117595,0.6813953488372093,0.9127725856697819,0.9831560560256417,0.3538998835855646,0.9470404984423676,0.9930893456580722,0.1793826441467676,0.9595015576323987,0.9955922843137645,2020-07,14,sliding180_unweighted,20260716,lightgbm,beta,446668,0.005256700726266488,85848,0.003739166899636567,2.9356110095977783
0.923475276300692,0.9959454606654065,0.0006853672675788403,0.0034060394391417503,-0.04844330623745918,0.8245666027069092,0.9883720930232558,0.26479750778816197,0.44844405814879723,0.6837209302325581,0.9158878504672897,0.9811348735034064,0.359720605355064,0.9626168224299065,0.995562852064376,0.18171228887594643,0.9719626168224299,0.9981971959448538,2020-07,14,sliding180_unweighted,20260716,xgboost,raw,446668,0.005256700726266488,85848,0.003739166899636567,2.7239720821380615
0.9234752763006923,0.9959454606654065,0.000692990084644407,0.00331119354814291,-0.6128379106521606,0.88612961769104,0.9883720930232558,0.26479750778816197,0.44844405814879723,0.6837209302325581,0.9158878504672897,0.9811348735034064,0.359720605355064,0.9626168224299065,0.995562852064376,0.18171228887594643,0.9719626168224299,0.9981971959448538,2020-07,14,sliding180_unweighted,20260716,xgboost,platt,446668,0.005256700726266488,85848,0.003739166899636567,2.7239720821380615
0.923475276300692,0.9959454606654065,0.0007017161697149277,0.0032875975593924522,-0.5397346615791321,0.8939729332923889,0.9883720930232558,0.26479750778816197,0.44844405814879723,0.6837209302325581,0.9158878504672897,0.9811348735034064,0.359720605355064,0.9626168224299065,0.995562852064376,0.18171228887594643,0.9719626168224299,0.9981971959448538,2020-07,14,sliding180_unweighted,20260716,xgboost,beta,446668,0.005256700726266488,85848,0.003739166899636567,2.7239720821380615
0.4206079260558429,0.9037058017458698,0.002637919969856739,0.01515705231577158,-1.0296506881713867,0.8454636931419373,0.6511627906976745,0.17445482866043613,0.2891755686616249,0.43953488372093025,0.5887850467289719,0.8422406853390655,0.259604190919674,0.6947040498442367,0.9430242071112725,0.1403610949330227,0.7507788161993769,0.9717498304179335,2020-07,14,sliding180_unweighted,20260717,logistic,raw,446668,0.005256700726266488,85848,0.003739166899636567,0.620319128036499
0.4206079260558429,0.9037058017458698,0.002648412948474288,0.015039410442113876,-0.9524410367012024,0.8500894904136658,0.6511627906976745,0.17445482866043613,0.2891755686616249,0.43953488372093025,0.5887850467289719,0.8422406853390655,0.259604190919674,0.6947040498442367,0.9430242071112725,0.1403610949330227,0.7507788161993769,0.9717498304179335,2020-07,14,sliding180_unweighted,20260717,logistic,platt,446668,0.005256700726266488,85848,0.003739166899636567,0.620319128036499
0.42060792605584285,0.9037058017458697,0.0025361806619912386,0.01382314320653677,-0.5445342659950256,0.9373623728752136,0.6511627906976745,0.17445482866043613,0.2891755686616249,0.43953488372093025,0.5887850467289719,0.8422406853390655,0.259604190919674,0.6947040498442367,0.9430242071112725,0.1403610949330227,0.7507788161993769,0.9717498304179335,2020-07,14,sliding180_unweighted,20260717,logistic,beta,446668,0.005256700726266488,85848,0.003739166899636567,0.620319128036499
0.9167778962098608,0.9967899590615882,0.0009230639008357424,0.004918205920107282,-0.045693014362956454,0.6078248863578373,1.0,0.26791277258566976,0.26068445798874124,0.6906976744186046,0.9252336448598131,0.9892014526548234,0.3550640279394645,0.9501557632398754,0.9943755412587512,0.18171228887594643,0.9719626168224299,0.9976296640267768,2020-07,14,sliding180_unweighted,20260717,lightgbm,raw,446668,0.005256700726266488,85848,0.003739166899636567,2.7145979404449463
0.9167778962098608,0.9967899590615882,0.0008697832476290806,0.003801090640860682,-0.8045800881014618,0.8711776095882297,1.0,0.26791277258566976,0.2606844579887413,0.6906976744186046,0.9252336448598131,0.9892014526548234,0.3550640279394645,0.9501557632398754,0.9943755412587512,0.18171228887594643,0.9719626168224299,0.9976296640267768,2020-07,14,sliding180_unweighted,20260717,lightgbm,platt,446668,0.005256700726266488,85848,0.003739166899636567,2.7145979404449463
0.9167778962098608,0.9967899590615882,0.0008753559004834869,0.003635933658228046,-0.6106569740362431,0.8957336066188698,1.0,0.26791277258566976,0.2606844579887413,0.6906976744186046,0.9252336448598131,0.9892014526548234,0.3550640279394645,0.9501557632398754,0.9943755412587512,0.18171228887594643,0.9719626168224299,0.9976296640267768,2020-07,14,sliding180_unweighted,20260717,lightgbm,beta,446668,0.005256700726266488,85848,0.003739166899636567,2.7145979404449463
0.916973079667972,0.9962735347242552,0.0007276965770870447,0.003586564678698778,-0.056734349578619,0.8159685730934143,0.9883720930232558,0.26479750778816197,0.432444006721141,0.6837209302325581,0.9158878504672897,0.9804888135709012,0.3573923166472643,0.956386292834891,0.995377687291993,0.18054746651135703,0.9657320872274143,0.996444180919722,2020-07,14,sliding180_unweighted,20260717,xgboost,raw,446668,0.005256700726266488,85848,0.003739166899636567,2.8329479694366455
0.916973079667972,0.9962735347242552,0.0007408375386148691,0.003521857550367713,-0.7186706066131592,0.8527196645736694,0.9883720930232558,0.26479750778816197,0.432444006721141,0.6837209302325581,0.9158878504672897,0.9804888135709012,0.3573923166472643,0.956386292834891,0.995377687291993,0.18054746651135703,0.9657320872274143,0.996444180919722,2020-07,14,sliding180_unweighted,20260717,xgboost,platt,446668,0.005256700726266488,85848,0.003739166899636567,2.8329479694366455
0.9169730796679721,0.9962735347242552,0.0007368822116404772,0.003513725707307458,-0.6868732571601868,0.8577021360397339,0.9883720930232558,0.26479750778816197,0.432444006721141,0.6837209302325581,0.9158878504672897,0.9804888135709012,0.3573923166472643,0.956386292834891,0.995377687291993,0.18054746651135703,0.9657320872274143,0.996444180919722,2020-07,14,sliding180_unweighted,20260717,xgboost,beta,446668,0.005256700726266488,85848,0.003739166899636567,2.8329479694366455
0.2513630551252093,0.9540739116215037,0.03360656276345253,0.1772303432226181,-5.3308424949646,0.3957776427268982,0.2441860465116279,0.06542056074766354,0.1088553949470689,0.3627906976744186,0.48598130841121495,0.654075084000081,0.25844004656577413,0.6915887850467289,0.8591885560355681,0.15084449621432733,0.8068535825545171,0.9584197314808287,2020-07,30,capped_weighted,20260716,logistic,raw,350000,0.018985714285714286,85848,0.003739166899636567,0.4937112331390381
0.2503355642797155,0.9540704877332464,0.003759595099836588,0.015948887914419174,-0.8397361636161804,0.8795492649078369,0.18604651162790697,0.04984423676012461,0.07363419394617075,0.3627906976744186,0.48598130841121495,0.654075084000081,0.25844004656577413,0.6915887850467289,0.8591885560355681,0.15084449621432733,0.8068535825545171,0.9584197314808287,2020-07,30,capped_weighted,20260716,logistic,platt,350000,0.018985714285714286,85848,0.003739166899636567,0.4937112331390381
0.2503355642797155,0.9540704877332465,0.0031822321470826864,0.01348096877336502,-0.5220534801483154,0.8888604640960693,0.18604651162790697,0.04984423676012461,0.07363419394617075,0.3627906976744186,0.48598130841121495,0.654075084000081,0.25844004656577413,0.6915887850467289,0.8591885560355681,0.15084449621432733,0.8068535825545171,0.9584197314808287,2020-07,30,capped_weighted,20260716,logistic,beta,350000,0.018985714285714286,85848,0.003739166899636567,0.4937112331390381
0.959568153011575,0.9987461648353781,0.0013613204726905244,0.005108478668402869,-2.950493797162621,0.9004433365454412,1.0,0.26791277258566976,0.3965011168813866,0.7069767441860465,0.9470404984423676,0.9905775206058833,0.3678696158323632,0.9844236760124611,0.9996236831668143,0.18520675596971461,0.9906542056074766,0.9997886802308372,2020-07,30,capped_weighted,20260716,lightgbm,raw,350000,0.018985714285714286,85848,0.003739166899636567,2.3042821884155273
0.959568153011575,0.9987461648353783,0.0004634272495469965,0.002099010124648223,-0.11162963765224512,0.9333553726535362,1.0,0.26791277258566976,0.3965011168813866,0.7069767441860465,0.9470404984423676,0.9905775206058833,0.3678696158323632,0.9844236760124611,0.9996236831668143,0.18520675596971461,0.9906542056074766,0.9997886802308372,2020-07,30,capped_weighted,20260716,lightgbm,platt,350000,0.018985714285714286,85848,0.003739166899636567,2.3042821884155273
0.959568153011575,0.9987461648353783,0.000457591355216146,0.002084689653479561,-0.10569130825005459,0.9434955408766724,1.0,0.26791277258566976,0.3965011168813866,0.7069767441860465,0.9470404984423676,0.9905775206058833,0.3678696158323632,0.9844236760124611,0.9996236831668143,0.18520675596971461,0.9906542056074766,0.9997886802308372,2020-07,30,capped_weighted,20260716,lightgbm,beta,350000,0.018985714285714286,85848,0.003739166899636567,2.3042821884155273
0.9581038274955339,0.9977141903449483,0.0009951231768354774,0.003903693985193968,-2.4402294158935547,0.8143016695976257,1.0,0.26791277258566976,0.39300907817879793,0.7046511627906977,0.9439252336448598,0.9930272039066869,0.36437718277066355,0.9750778816199377,0.9990550798392306,0.18462434478741993,0.9875389408099688,0.9997356769723026,2020-07,30,capped_weighted,20260716,xgboost,raw,350000,0.018985714285714286,85848,0.003739166899636567,2.25809907913208
0.9581038274955338,0.9977141903449482,0.00048474938375875354,0.0022049332037568092,-0.1123163104057312,0.9312814474105835,1.0,0.26791277258566976,0.39300907817879793,0.7046511627906977,0.9439252336448598,0.9930272039066869,0.36437718277066355,0.9750778816199377,0.9990550798392306,0.18462434478741993,0.9875389408099688,0.9997356769723026,2020-07,30,capped_weighted,20260716,xgboost,platt,350000,0.018985714285714286,85848,0.003739166899636567,2.25809907913208
0.9581038274955339,0.9977141903449483,0.00048055409570224583,0.0021945142652839422,-0.10731960833072662,0.9427321553230286,1.0,0.26791277258566976,0.39300907817879793,0.7046511627906977,0.9439252336448598,0.9930272039066869,0.36437718277066355,0.9750778816199377,0.9990550798392306,0.18462434478741993,0.9875389408099688,0.9997356769723026,2020-07,30,capped_weighted,20260716,xgboost,beta,350000,0.018985714285714286,85848,0.003739166899636567,2.25809907913208
0.25163918809348523,0.9538911706918662,0.0335528589785099,0.17602112889289856,-5.332693099975586,0.40073341131210327,0.1744186046511628,0.04672897196261682,0.07485200841069067,0.3674418604651163,0.49221183800623053,0.6620214762144885,0.25844004656577413,0.6915887850467289,0.8591885560355681,0.15084449621432733,0.8068535825545171,0.9584197314808286,2020-07,30,capped_weighted,20260717,logistic,raw,350000,0.018985714285714286,85848,0.003739166899636567,0.45196986198425293
0.25233636270902016,0.9538934472133138,0.003754711477085948,0.015996165573596954,-0.8331559300422668,0.8797225952148438,0.18604651162790697,0.04984423676012461,0.07941804060755474,0.3674418604651163,0.49221183800623053,0.6620214762144885,0.25844004656577413,0.6915887850467289,0.8591885560355681,0.15084449621432733,0.8068535825545171,0.9584197314808286,2020-07,30,capped_weighted,20260717,logistic,platt,350000,0.018985714285714286,85848,0.003739166899636567,0.45196986198425293
0.25233636270902016,0.9538934290011422,0.003178185550495982,0.01350449025630951,-0.5235862135887146,0.8887949585914612,0.18604651162790697,0.04984423676012461,0.07941804060755474,0.3674418604651163,0.49221183800623053,0.6620214762144885,0.25844004656577413,0.6915887850467289,0.8591885560355681,0.15084449621432733,0.8068535825545171,0.9584197314808286,2020-07,30,capped_weighted,20260717,logistic,beta,350000,0.018985714285714286,85848,0.003739166899636567,0.45196986198425293
0.9591580149791724,0.9988050629982691,0.0013088521336413362,0.004902596224121553,-3.0378986469168794,0.8963101938447005,1.0,0.26791277258566976,0.39160925014632614,0.7093023255813954,0.9501557632398754,0.9952987811330332,0.36670547147846333,0.9813084112149533,0.9995036222779817,0.18462434478741993,0.9875389408099688,0.9997356769723028,2020-07,30,capped_weighted,20260717,lightgbm,raw,350000,0.018985714285714286,85848,0.003739166899636567,1.9808080196380615
0.9591580149791723,0.9988050629982691,0.0004537256361688903,0.0021105916100050887,-0.10150055417439337,0.9354323963340204,1.0,0.26791277258566976,0.39160925014632614,0.7093023255813954,0.9501557632398754,0.9952987811330332,0.36670547147846333,0.9813084112149533,0.9995036222779817,0.18462434478741993,0.9875389408099688,0.9997356769723028,2020-07,30,capped_weighted,20260717,lightgbm,platt,350000,0.018985714285714286,85848,0.003739166899636567,1.9808080196380615
0.9591580149791723,0.9988050629982691,0.00044827123974811663,0.002087875134425159,-0.10288851125208043,0.9523784325224646,1.0,0.26791277258566976,0.39160925014632614,0.7093023255813954,0.9501557632398754,0.9952987811330332,0.36670547147846333,0.9813084112149533,0.9995036222779817,0.18462434478741993,0.9875389408099688,0.9997356769723028,2020-07,30,capped_weighted,20260717,lightgbm,beta,350000,0.018985714285714286,85848,0.003739166899636567,1.9808080196380615
0.9568106499307196,0.997977210526912,0.0009674587636254728,0.0038132532499730587,-2.530742883682251,0.8079155683517456,1.0,0.26791277258566976,0.3836474170302053,0.7093023255813954,0.9501557632398754,0.9946361458652196,0.36437718277066355,0.9750778816199377,0.9977274774123243,0.18462434478741993,0.9875389408099688,0.9997356769723028,2020-07,30,capped_weighted,20260717,xgboost,raw,350000,0.018985714285714286,85848,0.003739166899636567,2.7219016551971436
0.9568106499307196,0.997977210526912,0.0004942623781971633,0.002250463468953967,-0.20936019718647003,0.9282949566841125,1.0,0.26791277258566976,0.3836474170302053,0.7093023255813954,0.9501557632398754,0.9946361458652196,0.36437718277066355,0.9750778816199377,0.9977274774123243,0.18462434478741993,0.9875389408099688,0.9997356769723028,2020-07,30,capped_weighted,20260717,xgboost,platt,350000,0.018985714285714286,85848,0.003739166899636567,2.7219016551971436
0.9568106499307196,0.997977210526912,0.0004890044801868498,0.0022495302837342024,-0.12427444010972977,0.9426707029342651,1.0,0.26791277258566976,0.3836474170302053,0.7093023255813954,0.9501557632398754,0.9946361458652196,0.36437718277066355,0.9750778816199377,0.9977274774123243,0.18462434478741993,0.9875389408099688,0.9997356769723028,2020-07,30,capped_weighted,20260717,xgboost,beta,350000,0.018985714285714286,85848,0.003739166899636567,2.7219016551971436
0.24943581770688766,0.95232556136196,0.045970916748046875,0.21799629926681519,-5.474771976470947,0.40336504578590393,0.20930232558139536,0.056074766355140186,0.09859274142747923,0.35348837209302325,0.4735202492211838,0.6529908175793595,0.25145518044237486,0.6728971962616822,0.8574439232142236,0.1525917297612114,0.8161993769470405,0.9623449977686322,2020-07,30,sliding180_weighted,20260716,logistic,raw,446668,0.005256700726266488,85848,0.003739166899636567,0.7508490085601807
0.24966962743253293,0.9523263809096812,0.0037683562841266394,0.01604580134153366,-0.8765424489974976,0.8766688108444214,0.19767441860465115,0.0529595015576324,0.07798058719417325,0.35348837209302325,0.4735202492211838,0.6529908175793595,0.25145518044237486,0.6728971962616822,0.8574439232142236,0.1525917297612114,0.8161993769470405,0.9623449977686322,2020-07,30,sliding180_weighted,20260716,logistic,platt,446668,0.005256700726266488,85848,0.003739166899636567,0.7508490085601807
0.24966962743253293,0.9523263809096811,0.003199215279892087,0.013734499923884869,-0.6269590854644775,0.8803554773330688,0.19767441860465115,0.0529595015576324,0.07798058719417325,0.35348837209302325,0.4735202492211838,0.6529908175793595,0.25145518044237486,0.6728971962616822,0.8574439232142236,0.1525917297612114,0.8161993769470405,0.9623449977686322,2020-07,30,sliding180_weighted,20260716,logistic,beta,446668,0.005256700726266488,85848,0.003739166899636567,0.7508490085601807
0.944994507943154,0.9974343056921013,0.0007747020109194014,0.003411263104803046,-1.7379031621823944,0.7349151307420854,1.0,0.26791277258566976,0.3987605934827168,0.7,0.9376947040498442,0.991031041947636,0.3573923166472643,0.956386292834891,0.9945941087981061,0.1834595224228305,0.9813084112149533,0.9995646926198603,2020-07,30,sliding180_weighted,20260716,lightgbm,raw,446668,0.005256700726266488,85848,0.003739166899636567,2.5903680324554443
0.9449945079431541,0.9974343056921013,0.00056087447744029,0.002636157538416778,-0.5945259437366623,0.8920230721459202,1.0,0.26791277258566976,0.3987605934827168,0.7,0.9376947040498442,0.991031041947636,0.3573923166472643,0.956386292834891,0.9945941087981061,0.1834595224228305,0.9813084112149533,0.9995646926198603,2020-07,30,sliding180_weighted,20260716,lightgbm,platt,446668,0.005256700726266488,85848,0.003739166899636567,2.5903680324554443
0.9449945079431541,0.9974343056921013,0.0005522722592899959,0.0026245705974239733,-0.5335893473636697,0.9047176385501877,1.0,0.26791277258566976,0.3987605934827168,0.7,0.9376947040498442,0.991031041947636,0.3573923166472643,0.956386292834891,0.9945941087981061,0.1834595224228305,0.9813084112149533,0.9995646926198603,2020-07,30,sliding180_weighted,20260716,lightgbm,beta,446668,0.005256700726266488,85848,0.003739166899636567,2.5903680324554443
0.9379100286216757,0.9966112248096983,0.0007650207844562829,0.0035428879782557487,-1.5402458906173706,0.7238085865974426,1.0,0.26791277258566976,0.38342229498563335,0.6976744186046512,0.9345794392523364,0.9900703027406216,0.3585564610011641,0.9595015576323987,0.9947288542995885,0.18171228887594643,0.9719626168224299,0.9981971959448538,2020-07,30,sliding180_weighted,20260716,xgboost,raw,446668,0.005256700726266488,85848,0.003739166899636567,3.1536498069763184
0.9379100286216756,0.9966112248096983,0.0006477545248344541,0.00300410739146173,-0.8112601041793823,0.8675361275672913,1.0,0.26791277258566976,0.38342229498563335,0.6976744186046512,0.9345794392523364,0.9900703027406216,0.3585564610011641,0.9595015576323987,0.9947288542995885,0.18171228887594643,0.9719626168224299,0.9981971959448538,2020-07,30,sliding180_weighted,20260716,xgboost,platt,446668,0.005256700726266488,85848,0.003739166899636567,3.1536498069763184
0.9379100286216756,0.9966112248096983,0.0006342041306197643,0.0029446864500641823,-0.6327106356620789,0.8822410106658936,1.0,0.26791277258566976,0.38342229498563335,0.6976744186046512,0.9345794392523364,0.9900703027406216,0.3585564610011641,0.9595015576323987,0.9947288542995885,0.18171228887594643,0.9719626168224299,0.9981971959448538,2020-07,30,sliding180_weighted,20260716,xgboost,beta,446668,0.005256700726266488,85848,0.003739166899636567,3.1536498069763184
0.24943581770688766,0.95232556136196,0.045970916748046875,0.21799629926681519,-5.474771976470947,0.40336504578590393,0.20930232558139536,0.056074766355140186,0.09859274142747923,0.35348837209302325,0.4735202492211838,0.6529908175793595,0.25145518044237486,0.6728971962616822,0.8574439232142236,0.1525917297612114,0.8161993769470405,0.9623449977686322,2020-07,30,sliding180_weighted,20260717,logistic,raw,446668,0.005256700726266488,85848,0.003739166899636567,0.7047929763793945
0.24966962743253293,0.9523263809096812,0.0037683562841266394,0.01604580134153366,-0.8765424489974976,0.8766688108444214,0.19767441860465115,0.0529595015576324,0.07798058719417325,0.35348837209302325,0.4735202492211838,0.6529908175793595,0.25145518044237486,0.6728971962616822,0.8574439232142236,0.1525917297612114,0.8161993769470405,0.9623449977686322,2020-07,30,sliding180_weighted,20260717,logistic,platt,446668,0.005256700726266488,85848,0.003739166899636567,0.7047929763793945
0.24966962743253293,0.9523263809096811,0.003199215279892087,0.013734499923884869,-0.6269590854644775,0.8803554773330688,0.19767441860465115,0.0529595015576324,0.07798058719417325,0.35348837209302325,0.4735202492211838,0.6529908175793595,0.25145518044237486,0.6728971962616822,0.8574439232142236,0.1525917297612114,0.8161993769470405,0.9623449977686322,2020-07,30,sliding180_weighted,20260717,logistic,beta,446668,0.005256700726266488,85848,0.003739166899636567,0.7047929763793945
0.9395763691226033,0.9975545424488749,0.0008135809006477397,0.003608812066211465,-1.7653484533910233,0.7194855861958249,1.0,0.26791277258566976,0.399570579069738,0.6930232558139535,0.9283489096573209,0.991377989555522,0.359720605355064,0.9626168224299065,0.9948404699605452,0.1834595224228305,0.9813084112149533,0.9995646926198603,2020-07,30,sliding180_weighted,20260717,lightgbm,raw,446668,0.005256700726266488,85848,0.003739166899636567,2.811134099960327
0.9395763691226033,0.9975545424488749,0.0005908962451903688,0.0027770743603763954,-0.526931007496238,0.8944353212739113,1.0,0.26791277258566976,0.399570579069738,0.6930232558139535,0.9283489096573209,0.991377989555522,0.359720605355064,0.9626168224299065,0.9948404699605452,0.1834595224228305,0.9813084112149533,0.9995646926198603,2020-07,30,sliding180_weighted,20260717,lightgbm,platt,446668,0.005256700726266488,85848,0.003739166899636567,2.811134099960327
0.9395763691226033,0.9975545424488749,0.0005877316219994809,0.0027884912526038954,-0.5736633996588744,0.8814771888639976,1.0,0.26791277258566976,0.399570579069738,0.6930232558139535,0.9283489096573209,0.991377989555522,0.359720605355064,0.9626168224299065,0.9948404699605452,0.1834595224228305,0.9813084112149533,0.9995646926198603,2020-07,30,sliding180_weighted,20260717,lightgbm,beta,446668,0.005256700726266488,85848,0.003739166899636567,2.811134099960327
0.937916597392992,0.9969271695622743,0.0007655698573216796,0.0035055200569331646,-1.5058350563049316,0.7231754064559937,1.0,0.26791277258566976,0.39390326394822345,0.6906976744186046,0.9252336448598131,0.9892161372674734,0.359720605355064,0.9626168224299065,0.9955628520643762,0.18171228887594643,0.9719626168224299,0.9981971959448538,2020-07,30,sliding180_weighted,20260717,xgboost,raw,446668,0.005256700726266488,85848,0.003739166899636567,3.5501508712768555
0.9379165973929923,0.9969271695622745,0.0006305677816271782,0.002942814724519849,-0.6595613956451416,0.878868818283081,1.0,0.26791277258566976,0.39390326394822345,0.6906976744186046,0.9252336448598131,0.9892161372674734,0.359720605355064,0.9626168224299065,0.9955628520643762,0.18171228887594643,0.9719626168224299,0.9981971959448538,2020-07,30,sliding180_weighted,20260717,xgboost,platt,446668,0.005256700726266488,85848,0.003739166899636567,3.5501508712768555
0.9379165973929922,0.9969271695622743,0.0006321704713627696,0.00293531222268939,-0.6248200535774231,0.8806086182594299,1.0,0.26791277258566976,0.39390326394822345,0.6906976744186046,0.9252336448598131,0.9892161372674734,0.359720605355064,0.9626168224299065,0.9955628520643762,0.18171228887594643,0.9719626168224299,0.9981971959448538,2020-07,30,sliding180_weighted,20260717,xgboost,beta,446668,0.005256700726266488,85848,0.003739166899636567,3.5501508712768555
0.4203804341507706,0.9037737149336929,0.0026394352316856384,0.015139576978981495,-1.0220301151275635,0.8448550701141357,0.6511627906976745,0.17445482866043613,0.28917556866162486,0.43953488372093025,0.5887850467289719,0.8459942109853635,0.259604190919674,0.6947040498442367,0.9430242071112725,0.1403610949330227,0.7507788161993769,0.9717498304179335,2020-07,30,sliding180_unweighted,20260716,logistic,raw,446668,0.005256700726266488,85848,0.003739166899636567,0.6711430549621582
0.4203804341507706,0.9037737149336929,0.0026498371735215187,0.015027539804577827,-0.944013774394989,0.851525068283081,0.6511627906976745,0.17445482866043613,0.28917556866162486,0.43953488372093025,0.5887850467289719,0.8459942109853635,0.259604190919674,0.6947040498442367,0.9430242071112725,0.1403610949330227,0.7507788161993769,0.9717498304179335,2020-07,30,sliding180_unweighted,20260716,logistic,platt,446668,0.005256700726266488,85848,0.003739166899636567,0.6711430549621582
0.4203804341507706,0.9037737149336931,0.0025405248161405325,0.013835986144840717,-0.5389533638954163,0.9378273487091064,0.6511627906976745,0.17445482866043613,0.28917556866162486,0.43953488372093025,0.5887850467289719,0.8459942109853635,0.259604190919674,0.6947040498442367,0.9430242071112725,0.1403610949330227,0.7507788161993769,0.9717498304179335,2020-07,30,sliding180_unweighted,20260716,logistic,beta,446668,0.005256700726266488,85848,0.003739166899636567,0.6711430549621582
0.9195289558063606,0.9963566186510048,0.0007785221930521854,0.004495194749992292,-0.03876179932841734,0.6255851315990023,1.0,0.26791277258566976,0.34686687402852306,0.6813953488372093,0.9127725856697819,0.9850331024571896,0.3550640279394645,0.9501557632398754,0.9931628947694986,0.17996505532906232,0.9626168224299065,0.9957827431095921,2020-07,30,sliding180_unweighted,20260716,lightgbm,raw,446668,0.005256700726266488,85848,0.003739166899636567,2.719480037689209
0.9195289558063605,0.9963566186510048,0.00078398768889844,0.003553949894599471,-0.6543303752122267,0.8962699309037739,1.0,0.26791277258566976,0.34686687402852306,0.6813953488372093,0.9127725856697819,0.9850331024571896,0.3550640279394645,0.9501557632398754,0.9931628947694986,0.17996505532906232,0.9626168224299065,0.9957827431095921,2020-07,30,sliding180_unweighted,20260716,lightgbm,platt,446668,0.005256700726266488,85848,0.003739166899636567,2.719480037689209
0.9195289558063605,0.9963566186510048,0.000801138238693227,0.0035470560491809426,-0.587405674487276,0.8991592919587517,1.0,0.26791277258566976,0.34686687402852306,0.6813953488372093,0.9127725856697819,0.9850331024571896,0.3550640279394645,0.9501557632398754,0.9931628947694986,0.17996505532906232,0.9626168224299065,0.9957827431095921,2020-07,30,sliding180_unweighted,20260716,lightgbm,beta,446668,0.005256700726266488,85848,0.003739166899636567,2.719480037689209
0.9214520941365818,0.9959696828536083,0.0006841783761046827,0.0034465098287910223,-0.04742281883955002,0.8185709714889526,0.9883720930232558,0.26479750778816197,0.42681482117324515,0.6953488372093023,0.9314641744548287,0.9867456560174234,0.3573923166472643,0.956386292834891,0.995377687291993,0.18171228887594643,0.9719626168224299,0.9981971959448538,2020-07,30,sliding180_unweighted,20260716,xgboost,raw,446668,0.005256700726266488,85848,0.003739166899636567,2.759337902069092
0.9214523849566711,0.9959696828536083,0.0006866782787255943,0.0033324749674648046,-0.5813617706298828,0.8889315128326416,0.9883720930232558,0.26479750778816197,0.42681482117324515,0.6953488372093023,0.9314641744548287,0.9867456560174234,0.3573923166472643,0.956386292834891,0.995377687291993,0.18171228887594643,0.9719626168224299,0.9981971959448538,2020-07,30,sliding180_unweighted,20260716,xgboost,platt,446668,0.005256700726266488,85848,0.003739166899636567,2.759337902069092
0.9214520941365816,0.9959696828536083,0.0006859343266114593,0.003338070120662451,-0.6050482392311096,0.8814070820808411,0.9883720930232558,0.26479750778816197,0.42681482117324515,0.6953488372093023,0.9314641744548287,0.9867456560174234,0.3573923166472643,0.956386292834891,0.995377687291993,0.18171228887594643,0.9719626168224299,0.9981971959448538,2020-07,30,sliding180_unweighted,20260716,xgboost,beta,446668,0.005256700726266488,85848,0.003739166899636567,2.759337902069092
0.4203804341507706,0.9037737149336929,0.0026394352316856384,0.015139576978981495,-1.0220301151275635,0.8448550701141357,0.6511627906976745,0.17445482866043613,0.28917556866162486,0.43953488372093025,0.5887850467289719,0.8459942109853635,0.259604190919674,0.6947040498442367,0.9430242071112725,0.1403610949330227,0.7507788161993769,0.9717498304179335,2020-07,30,sliding180_unweighted,20260717,logistic,raw,446668,0.005256700726266488,85848,0.003739166899636567,0.6347436904907227
0.4203804341507706,0.9037737149336929,0.0026498371735215187,0.015027539804577827,-0.944013774394989,0.851525068283081,0.6511627906976745,0.17445482866043613,0.28917556866162486,0.43953488372093025,0.5887850467289719,0.8459942109853635,0.259604190919674,0.6947040498442367,0.9430242071112725,0.1403610949330227,0.7507788161993769,0.9717498304179335,2020-07,30,sliding180_unweighted,20260717,logistic,platt,446668,0.005256700726266488,85848,0.003739166899636567,0.6347436904907227
0.4203804341507706,0.9037737149336931,0.0025405248161405325,0.013835986144840717,-0.5389533638954163,0.9378273487091064,0.6511627906976745,0.17445482866043613,0.28917556866162486,0.43953488372093025,0.5887850467289719,0.8459942109853635,0.259604190919674,0.6947040498442367,0.9430242071112725,0.1403610949330227,0.7507788161993769,0.9717498304179335,2020-07,30,sliding180_unweighted,20260717,logistic,beta,446668,0.005256700726266488,85848,0.003739166899636567,0.6347436904907227
0.9203025450192807,0.9948890090163726,0.0009063548403081584,0.0048138907008053195,-0.045455316517879464,0.6117057226227596,1.0,0.26791277258566976,0.2704568471229094,0.6953488372093023,0.9314641744548287,0.9899466494787373,0.35273573923166474,0.9439252336448598,0.9940949580161883,0.18054746651135703,0.9657320872274143,0.9958766490016449,2020-07,30,sliding180_unweighted,20260717,lightgbm,raw,446668,0.005256700726266488,85848,0.003739166899636567,2.708310127258301
0.9203025450192807,0.9948890090163726,0.0008794319008036812,0.003922024843886854,-1.1735246254171328,0.8049431124653728,1.0,0.26791277258566976,0.2704568471229094,0.6953488372093023,0.9314641744548287,0.9899466494787373,0.35273573923166474,0.9439252336448598,0.9940949580161883,0.18054746651135703,0.9657320872274143,0.9958766490016449,2020-07,30,sliding180_unweighted,20260717,lightgbm,platt,446668,0.005256700726266488,85848,0.003739166899636567,2.708310127258301
0.9203025450192807,0.9948890090163726,0.0008763751794554162,0.003727454805914562,-0.8545047899062248,0.8572198058849146,1.0,0.26791277258566976,0.2704568471229094,0.6953488372093023,0.9314641744548287,0.9899466494787373,0.35273573923166474,0.9439252336448598,0.9940949580161883,0.18054746651135703,0.9657320872274143,0.9958766490016449,2020-07,30,sliding180_unweighted,20260717,lightgbm,beta,446668,0.005256700726266488,85848,0.003739166899636567,2.708310127258301
0.9227717669278979,0.9960754955704902,0.0006741163088008761,0.003383183851838112,-0.05196456238627434,0.8229807615280151,0.9883720930232558,0.26479750778816197,0.4282698583073534,0.686046511627907,0.9190031152647975,0.9844403609036623,0.3562281722933644,0.9532710280373832,0.9952324797917987,0.18171228887594643,0.9719626168224299,0.9974975025129279,2020-07,30,sliding180_unweighted,20260717,xgboost,raw,446668,0.005256700726266488,85848,0.003739166899636567,2.8571999073028564
0.922771766927898,0.9960754955704904,0.0006821631104685366,0.003297368763014674,-0.6411418914794922,0.8736819624900818,0.9883720930232558,0.26479750778816197,0.4282698583073534,0.686046511627907,0.9190031152647975,0.9844403609036623,0.3562281722933644,0.9532710280373832,0.9952324797917987,0.18171228887594643,0.9719626168224299,0.9974975025129279,2020-07,30,sliding180_unweighted,20260717,xgboost,platt,446668,0.005256700726266488,85848,0.003739166899636567,2.8571999073028564
0.922771766927898,0.9960754955704902,0.0006803608266636729,0.0033024954609572887,-0.6325454711914062,0.8749447464942932,0.9883720930232558,0.26479750778816197,0.4282698583073534,0.686046511627907,0.9190031152647975,0.9844403609036623,0.3562281722933644,0.9532710280373832,0.9952324797917987,0.18171228887594643,0.9719626168224299,0.9974975025129279,2020-07,30,sliding180_unweighted,20260717,xgboost,beta,446668,0.005256700726266488,85848,0.003739166899636567,2.8571999073028564
0.3587999620166382,0.9680533871427027,0.03591785207390785,0.18204276263713837,-5.226164817810059,0.48216789960861206,0.3707865168539326,0.07951807228915662,0.10784325323850426,0.45495495495495497,0.4867469879518072,0.6444981816978321,0.3502252252252252,0.7493975903614458,0.8909067074268545,0.20157657657657657,0.8626506024096385,0.9636838643386179,2020-08,0,capped_weighted,20260716,logistic,raw,350000,0.02049142857142857,88759,0.004675582194481686,0.4842488765716553
0.36131514602379455,0.968057178455741,0.0039705210365355015,0.016687361523509026,1.2482502460479736,1.2103923559188843,0.3707865168539326,0.07951807228915662,0.10784325323850423,0.45495495495495497,0.4867469879518072,0.6444981816978321,0.3502252252252252,0.7493975903614458,0.8909067074268545,0.20157657657657657,0.8626506024096385,0.9636838643386179,2020-08,0,capped_weighted,20260716,logistic,platt,350000,0.02049142857142857,88759,0.004675582194481686,0.4842488765716553
0.3613151485783558,0.9680572057313742,0.003544281469658017,0.01400501374155283,0.6614989042282104,1.1786634922027588,0.3707865168539326,0.07951807228915662,0.10784325323850423,0.45495495495495497,0.4867469879518072,0.6444981816978321,0.3502252252252252,0.7493975903614458,0.8909067074268545,0.20157657657657657,0.8626506024096385,0.9636838643386179,2020-08,0,capped_weighted,20260716,logistic,beta,350000,0.02049142857142857,88759,0.004675582194481686,0.4842488765716553
0.981273054502764,0.9997857771755319,0.0010738007983446055,0.004091754558075092,-2.7258199846256184,1.052491581109972,1.0,0.21445783132530122,0.31097548329881064,0.8941441441441441,0.9566265060240964,0.982910780699592,0.4605855855855856,0.9855421686746988,0.9898678753589271,0.23310810810810811,0.9975903614457832,0.994950988677706,2020-08,0,capped_weighted,20260716,lightgbm,raw,350000,0.02049142857142857,88759,0.004675582194481686,2.5873730182647705
0.981273054502764,0.9997857771755319,0.0004132325356281711,0.0017306497048470426,0.6072476474832129,1.2015458542905864,1.0,0.21445783132530122,0.31097548329881064,0.8941441441441441,0.9566265060240964,0.982910780699592,0.4605855855855856,0.9855421686746988,0.9898678753589271,0.23310810810810811,0.9975903614457832,0.994950988677706,2020-08,0,capped_weighted,20260716,lightgbm,platt,350000,0.02049142857142857,88759,0.004675582194481686,2.5873730182647705
0.981273054502764,0.9997857771755319,0.0004101620733064035,0.0017168320467611554,0.5879313090430216,1.2186981036058129,1.0,0.21445783132530122,0.31097548329881064,0.8941441441441441,0.9566265060240964,0.982910780699592,0.4605855855855856,0.9855421686746988,0.9898678753589271,0.23310810810810811,0.9975903614457832,0.994950988677706,2020-08,0,capped_weighted,20260716,lightgbm,beta,350000,0.02049142857142857,88759,0.004675582194481686,2.5873730182647705
0.9801015629333352,0.9997847679770971,0.0007705158204771578,0.003021160839125514,-2.3722589015960693,0.967014491558075,1.0,0.21445783132530122,0.2828691638109039,0.8963963963963963,0.9590361445783132,0.9854179000900591,0.4617117117117117,0.9879518072289156,0.9942402590065792,0.23254504504504506,0.9951807228915662,0.994848395311876,2020-08,0,capped_weighted,20260716,xgboost,raw,350000,0.02049142857142857,88759,0.004675582194481686,2.8905720710754395
0.9801015629333352,0.9997847679770973,0.00044639172847382724,0.0018163025379180908,0.6615572571754456,1.2012033462524414,1.0,0.21445783132530122,0.2828691638109039,0.8963963963963963,0.9590361445783132,0.9854179000900591,0.4617117117117117,0.9879518072289156,0.9942402590065792,0.23254504504504506,0.9951807228915662,0.994848395311876,2020-08,0,capped_weighted,20260716,xgboost,platt,350000,0.02049142857142857,88759,0.004675582194481686,2.8905720710754395
0.9801015629333352,0.9997847679770973,0.0004507394623942673,0.0018234673188999295,0.7393890619277954,1.199134349822998,1.0,0.21445783132530122,0.2828691638109039,0.8963963963963963,0.9590361445783132,0.9854179000900591,0.4617117117117117,0.9879518072289156,0.9942402590065792,0.23254504504504506,0.9951807228915662,0.994848395311876,2020-08,0,capped_weighted,20260716,xgboost,beta,350000,0.02049142857142857,88759,0.004675582194481686,2.8905720710754395
0.3596705274274361,0.9678370913700985,0.03601478412747383,0.18154732882976532,-5.209095478057861,0.48857980966567993,0.3707865168539326,0.07951807228915662,0.1114505451841156,0.4572072072072072,0.4891566265060241,0.6374155035626768,0.3502252252252252,0.7493975903614458,0.8909067074268543,0.20157657657657657,0.8626506024096385,0.9636838643386181,2020-08,0,capped_weighted,20260717,logistic,raw,350000,0.02049142857142857,88759,0.004675582194481686,0.5818181037902832
0.3607969844751391,0.9678386597190174,0.00398386362940073,0.016763603314757347,1.2834241390228271,1.2165110111236572,0.3707865168539326,0.07951807228915662,0.11145054518411558,0.4572072072072072,0.4891566265060241,0.6374155035626768,0.3502252252252252,0.7493975903614458,0.8909067074268543,0.20157657657657657,0.8626506024096385,0.9636838643386181,2020-08,0,capped_weighted,20260717,logistic,platt,350000,0.02049142857142857,88759,0.004675582194481686,0.5818181037902832
0.36079698447513914,0.9678386597190173,0.0035490926820784807,0.014033591374754906,0.6687378883361816,1.1796327829360962,0.3707865168539326,0.07951807228915662,0.11145054518411558,0.4572072072072072,0.4891566265060241,0.6374155035626768,0.3502252252252252,0.7493975903614458,0.8909067074268543,0.20157657657657657,0.8626506024096385,0.9636838643386181,2020-08,0,capped_weighted,20260717,logistic,beta,350000,0.02049142857142857,88759,0.004675582194481686,0.5818181037902832
0.9787844880166154,0.9997540283382921,0.001081315780099374,0.004227621736945491,-2.710212971252828,1.029553120503696,1.0,0.21445783132530122,0.2958508167931067,0.8963963963963963,0.9590361445783132,0.9830112187426107,0.4583333333333333,0.980722891566265,0.9885525536911268,0.23310810810810811,0.9975903614457832,0.9998974066341699,2020-08,0,capped_weighted,20260717,lightgbm,raw,350000,0.02049142857142857,88759,0.004675582194481686,2.2700111865997314
0.9787844880166154,0.9997540283382921,0.00043346990759754434,0.0018272652801163628,0.5444349959227075,1.1465558669238503,1.0,0.21445783132530122,0.2958508167931067,0.8963963963963963,0.9590361445783132,0.9830112187426107,0.4583333333333333,0.980722891566265,0.9885525536911268,0.23310810810810811,0.9975903614457832,0.9998974066341699,2020-08,0,capped_weighted,20260717,lightgbm,platt,350000,0.02049142857142857,88759,0.004675582194481686,2.2700111865997314
0.9787844880166154,0.9997540283382921,0.0004313020168415046,0.001813203043940414,0.596713930314247,1.1496138401788014,1.0,0.21445783132530122,0.2958508167931067,0.8963963963963963,0.9590361445783132,0.9830112187426107,0.4583333333333333,0.980722891566265,0.9885525536911268,0.23310810810810811,0.9975903614457832,0.9998974066341699,2020-08,0,capped_weighted,20260717,lightgbm,beta,350000,0.02049142857142857,88759,0.004675582194481686,2.2700111865997314
0.977872541404133,0.9997553921199603,0.0008334092563018203,0.003230517031624913,-2.539808750152588,0.9361869096755981,1.0,0.21445783132530122,0.2960361266588382,0.8918918918918919,0.9542168674698795,0.9866474878060217,0.4594594594594595,0.983132530120482,0.9897639409033476,0.23310810810810811,0.9975903614457832,0.9998974066341699,2020-08,0,capped_weighted,20260717,xgboost,raw,350000,0.02049142857142857,88759,0.004675582194481686,2.955202102661133
0.977872541404133,0.9997553921199605,0.0004428753163665533,0.00189002207480371,0.559828519821167,1.1868903636932373,1.0,0.21445783132530122,0.2960361266588382,0.8918918918918919,0.9542168674698795,0.9866474878060217,0.4594594594594595,0.983132530120482,0.9897639409033476,0.23310810810810811,0.9975903614457832,0.9998974066341699,2020-08,0,capped_weighted,20260717,xgboost,platt,350000,0.02049142857142857,88759,0.004675582194481686,2.955202102661133
0.977872541404133,0.9997553921199603,0.00044325803173705935,0.0018843692960217595,0.6429967284202576,1.16819429397583,1.0,0.21445783132530122,0.2960361266588382,0.8918918918918919,0.9542168674698795,0.9866474878060217,0.4594594594594595,0.983132530120482,0.9897639409033476,0.23310810810810811,0.9975903614457832,0.9998974066341699,2020-08,0,capped_weighted,20260717,xgboost,beta,350000,0.02049142857142857,88759,0.004675582194481686,2.955202102661133
0.3606615110220383,0.9681925201485104,0.051290109753608704,0.23124459385871887,-5.429956912994385,0.47560253739356995,0.3595505617977528,0.07710843373493977,0.10807392067540346,0.45495495495495497,0.4867469879518072,0.6587572226663518,0.34572072072072074,0.7397590361445783,0.896922357082101,0.20326576576576577,0.8698795180722891,0.9682038636508304,2020-08,0,sliding180_weighted,20260716,logistic,raw,439719,0.005671804038488216,88759,0.004675582194481686,0.7091147899627686
0.36244053181395314,0.9681953159009306,0.003904732409864664,0.016358938068151474,1.077377438545227,1.190882921218872,0.38202247191011235,0.0819277108433735,0.11520396801635056,0.45495495495495497,0.4867469879518072,0.6587572226663518,0.34572072072072074,0.7397590361445783,0.896922357082101,0.20326576576576577,0.8698795180722891,0.9682038636508304,2020-08,0,sliding180_weighted,20260716,logistic,platt,439719,0.005671804038488216,88759,0.004675582194481686,0.7091147899627686
0.3624405358849955,0.9681953159009307,0.0035517383366823196,0.014198923483490944,0.7193464636802673,1.2178884744644165,0.38202247191011235,0.0819277108433735,0.11520396801635056,0.45495495495495497,0.4867469879518072,0.6587572226663518,0.34572072072072074,0.7397590361445783,0.896922357082101,0.20326576576576577,0.8698795180722891,0.9682038636508304,2020-08,0,sliding180_weighted,20260716,logistic,beta,439719,0.005671804038488216,88759,0.004675582194481686,0.7091147899627686
0.9671262930801389,0.9985471361130477,0.0006412158253826711,0.0027025158134603147,-1.0982250178348492,0.8237522546010392,1.0,0.21445783132530122,0.27597390296822916,0.8783783783783784,0.9397590361445783,0.9849319945362088,0.4572072072072072,0.9783132530120482,0.9922548714246966,0.23085585585585586,0.9879518072289156,0.9942440427955149,2020-08,0,sliding180_weighted,20260716,lightgbm,raw,439719,0.005671804038488216,88759,0.004675582194481686,3.7861239910125732
0.967126293080139,0.9985471361130477,0.0005790247360978239,0.002504906882208836,0.8018090796792873,1.1718549977907355,1.0,0.21445783132530122,0.27597390296822916,0.8783783783783784,0.9397590361445783,0.9849319945362088,0.4572072072072072,0.9783132530120482,0.9922548714246966,0.23085585585585586,0.9879518072289156,0.9942440427955149,2020-08,0,sliding180_weighted,20260716,lightgbm,platt,439719,0.005671804038488216,88759,0.004675582194481686,3.7861239910125732
0.967126293080139,0.9985471361130477,0.000586128050126095,0.0025214483646373268,0.9400608531803143,1.16803072128226,1.0,0.21445783132530122,0.27597390296822916,0.8783783783783784,0.9397590361445783,0.9849319945362088,0.4572072072072072,0.9783132530120482,0.9922548714246966,0.23085585585585586,0.9879518072289156,0.9942440427955149,2020-08,0,sliding180_weighted,20260716,lightgbm,beta,439719,0.005671804038488216,88759,0.004675582194481686,3.7861239910125732
0.9625863202789916,0.9988123370962797,0.0006454180111177266,0.002796527463942766,-0.8587794899940491,0.8104555010795593,1.0,0.21445783132530122,0.28367784092980053,0.8738738738738738,0.9349397590361446,0.9802837774647399,0.4572072072072072,0.9783132530120482,0.9923063117957992,0.23141891891891891,0.9903614457831326,0.9943441934621589,2020-08,0,sliding180_weighted,20260716,xgboost,raw,439719,0.005671804038488216,88759,0.004675582194481686,4.267624139785767
0.9625863202789916,0.9988123370962798,0.0006431867950595915,0.002724749268963933,0.8806207180023193,1.1784849166870117,1.0,0.21445783132530122,0.28367784092980053,0.8738738738738738,0.9349397590361446,0.9802837774647399,0.4572072072072072,0.9783132530120482,0.9923063117957992,0.23141891891891891,0.9903614457831326,0.9943441934621589,2020-08,0,sliding180_weighted,20260716,xgboost,platt,439719,0.005671804038488216,88759,0.004675582194481686,4.267624139785767
0.9625863202789916,0.9988123370962797,0.0006390660419128835,0.0027080480940639973,0.7678634524345398,1.1611180305480957,1.0,0.21445783132530122,0.28367784092980053,0.8738738738738738,0.9349397590361446,0.9802837774647399,0.4572072072072072,0.9783132530120482,0.9923063117957992,0.23141891891891891,0.9903614457831326,0.9943441934621589,2020-08,0,sliding180_weighted,20260716,xgboost,beta,439719,0.005671804038488216,88759,0.004675582194481686,4.267624139785767
0.3606615110220383,0.9681925201485104,0.051290109753608704,0.23124459385871887,-5.429956912994385,0.47560253739356995,0.3595505617977528,0.07710843373493977,0.10807392067540346,0.45495495495495497,0.4867469879518072,0.6587572226663518,0.34572072072072074,0.7397590361445783,0.896922357082101,0.20326576576576577,0.8698795180722891,0.9682038636508304,2020-08,0,sliding180_weighted,20260717,logistic,raw,439719,0.005671804038488216,88759,0.004675582194481686,0.660388708114624
0.36244053181395314,0.9681953159009306,0.003904732409864664,0.016358938068151474,1.077377438545227,1.190882921218872,0.38202247191011235,0.0819277108433735,0.11520396801635056,0.45495495495495497,0.4867469879518072,0.6587572226663518,0.34572072072072074,0.7397590361445783,0.896922357082101,0.20326576576576577,0.8698795180722891,0.9682038636508304,2020-08,0,sliding180_weighted,20260717,logistic,platt,439719,0.005671804038488216,88759,0.004675582194481686,0.660388708114624
0.3624405358849955,0.9681953159009307,0.0035517383366823196,0.014198923483490944,0.7193464636802673,1.2178884744644165,0.38202247191011235,0.0819277108433735,0.11520396801635056,0.45495495495495497,0.4867469879518072,0.6587572226663518,0.34572072072072074,0.7397590361445783,0.896922357082101,0.20326576576576577,0.8698795180722891,0.9682038636508304,2020-08,0,sliding180_weighted,20260717,logistic,beta,439719,0.005671804038488216,88759,0.004675582194481686,0.660388708114624
0.9673061358975416,0.9982596509373545,0.0006391596995496893,0.002745309327435152,-1.072772987175257,0.8322247569635649,1.0,0.21445783132530122,0.28885511790741336,0.8783783783783784,0.9397590361445783,0.9850244339367934,0.4583333333333333,0.980722891566265,0.9923553094677153,0.23085585585585586,0.9879518072289156,0.9942440427955153,2020-08,0,sliding180_weighted,20260717,lightgbm,raw,439719,0.005671804038488216,88759,0.004675582194481686,3.0103769302368164
0.9673061358975416,0.9982596509373544,0.0005704259545586526,0.0024804836503996433,0.7062643488635921,1.1785045738258197,1.0,0.21445783132530122,0.28885511790741336,0.8783783783783784,0.9397590361445783,0.9850244339367934,0.4583333333333333,0.980722891566265,0.9923553094677153,0.23085585585585586,0.9879518072289156,0.9942440427955153,2020-08,0,sliding180_weighted,20260717,lightgbm,platt,439719,0.005671804038488216,88759,0.004675582194481686,3.0103769302368164
0.9673061358975416,0.9982596509373544,0.0005793029913252577,0.0025022066286584446,0.7925123267608898,1.158487828107489,1.0,0.21445783132530122,0.28885511790741336,0.8783783783783784,0.9397590361445783,0.9850244339367934,0.4583333333333333,0.980722891566265,0.9923553094677153,0.23085585585585586,0.9879518072289156,0.9942440427955153,2020-08,0,sliding180_weighted,20260717,lightgbm,beta,439719,0.005671804038488216,88759,0.004675582194481686,3.0103769302368164
0.9618053140529988,0.998325944364254,0.0006267955177463591,0.002834523795172572,-0.92801433801651,0.8082789778709412,1.0,0.21445783132530122,0.2818956763410167,0.8716216216216216,0.9325301204819277,0.9802727613703696,0.4572072072072072,0.9783132530120482,0.9923063117957992,0.22972972972972974,0.983132530120482,0.992459243923295,2020-08,0,sliding180_weighted,20260717,xgboost,raw,439719,0.005671804038488216,88759,0.004675582194481686,3.569333791732788
0.961805313076955,0.9983259307264374,0.0006378110265359282,0.002766301389783621,0.9851908087730408,1.1820590496063232,1.0,0.21445783132530122,0.2818956763410167,0.8716216216216216,0.9325301204819277,0.9802727613703696,0.4572072072072072,0.9783132530120482,0.9923063117957992,0.22972972972972974,0.983132530120482,0.992459243923295,2020-08,0,sliding180_weighted,20260717,xgboost,platt,439719,0.005671804038488216,88759,0.004675582194481686,3.569333791732788
0.961805313076955,0.9983259307264374,0.0006281039677560329,0.0027428469620645046,0.8029195666313171,1.1684733629226685,1.0,0.21445783132530122,0.2818956763410167,0.8716216216216216,0.9325301204819277,0.9802727613703696,0.4572072072072072,0.9783132530120482,0.9923063117957992,0.22972972972972974,0.983132530120482,0.992459243923295,2020-08,0,sliding180_weighted,20260717,xgboost,beta,439719,0.005671804038488216,88759,0.004675582194481686,3.569333791732788
0.5112015573410424,0.9169859552308663,0.0029332381673157215,0.015955988317728043,-0.13691721856594086,1.0242191553115845,0.8651685393258427,0.1855421686746988,0.2804372891345915,0.5202702702702703,0.5566265060240964,0.7434792743918961,0.3096846846846847,0.6626506024096386,0.8505766901454761,0.17004504504504506,0.727710843373494,0.9226924503304661,2020-08,0,sliding180_unweighted,20260716,logistic,raw,439719,0.005671804038488216,88759,0.004675582194481686,0.7086091041564941
0.5112015573410424,0.9169859552308665,0.0033430540934205055,0.016727173700928688,1.9035282135009766,1.3609577417373657,0.8651685393258427,0.1855421686746988,0.2804372891345915,0.5202702702702703,0.5566265060240964,0.7434792743918961,0.3096846846846847,0.6626506024096386,0.8505766901454761,0.17004504504504506,0.727710843373494,0.9226924503304661,2020-08,0,sliding180_unweighted,20260716,logistic,platt,439719,0.005671804038488216,88759,0.004675582194481686,0.7086091041564941
0.5324171590725957,0.9169928559661084,0.0030439971014857292,0.015978829935193062,0.35344451665878296,1.0418949127197266,0.8764044943820225,0.18795180722891566,0.2812947723411543,0.5202702702702703,0.5566265060240964,0.7434792743918961,0.3096846846846847,0.6626506024096386,0.8505766901454761,0.17004504504504506,0.727710843373494,0.9226924503304661,2020-08,0,sliding180_unweighted,20260716,logistic,beta,439719,0.005671804038488216,88759,0.004675582194481686,0.7086091041564941
0.9498586728536773,0.9985638015250352,0.0008457227407845453,0.004183663268863838,0.4632187575124853,0.6681331924823759,1.0,0.21445783132530122,0.23887658252781338,0.8468468468468469,0.9060240963855422,0.9649703525768057,0.4527027027027027,0.9686746987951808,0.992605518498106,0.2302927927927928,0.9855421686746988,0.9986157080022299,2020-08,0,sliding180_unweighted,20260716,lightgbm,raw,439719,0.005671804038488216,88759,0.004675582194481686,2.93078875541687
0.9498586728536775,0.9985638015250352,0.0007864630232397819,0.0032620472252715867,0.5317171058993342,1.1021785847377183,1.0,0.21445783132530122,0.23887658252781338,0.8468468468468469,0.9060240963855422,0.9649703525768057,0.4527027027027027,0.9686746987951808,0.992605518498106,0.2302927927927928,0.9855421686746988,0.9986157080022299,2020-08,0,sliding180_unweighted,20260716,lightgbm,platt,439719,0.005671804038488216,88759,0.004675582194481686,2.93078875541687
0.9498586728536775,0.9985638015250352,0.0007844399365259137,0.0032774890441020052,0.6610222400273223,1.1108792834660604,1.0,0.21445783132530122,0.23887658252781338,0.8468468468468469,0.9060240963855422,0.9649703525768057,0.4527027027027027,0.9686746987951808,0.992605518498106,0.2302927927927928,0.9855421686746988,0.9986157080022299,2020-08,0,sliding180_unweighted,20260716,lightgbm,beta,439719,0.005671804038488216,88759,0.004675582194481686,2.93078875541687
0.9544079867302175,0.9982289931254494,0.0007613478810526431,0.0032569849863648415,0.9445353746414185,0.9461266994476318,1.0,0.21445783132530122,0.32005719939365507,0.8536036036036037,0.9132530120481928,0.9720229998807867,0.45495495495495497,0.9734939759036144,0.9919689319316967,0.23141891891891891,0.9903614457831326,0.9992930541178089,2020-08,0,sliding180_unweighted,20260716,xgboost,raw,439719,0.005671804038488216,88759,0.004675582194481686,2.8388240337371826
0.9544079867302174,0.9982289931254493,0.0007546666893176734,0.003132233629003167,0.9948128461837769,1.2019742727279663,1.0,0.21445783132530122,0.32005719939365507,0.8536036036036037,0.9132530120481928,0.9720229998807867,0.45495495495495497,0.9734939759036144,0.9919689319316967,0.23141891891891891,0.9903614457831326,0.9992930541178089,2020-08,0,sliding180_unweighted,20260716,xgboost,platt,439719,0.005671804038488216,88759,0.004675582194481686,2.8388240337371826
0.9544079867302175,0.9982289931254493,0.0007410577381961048,0.003088202327489853,0.8877124786376953,1.1697601079940796,1.0,0.21445783132530122,0.32005719939365507,0.8536036036036037,0.9132530120481928,0.9720229998807867,0.45495495495495497,0.9734939759036144,0.9919689319316967,0.23141891891891891,0.9903614457831326,0.9992930541178089,2020-08,0,sliding180_unweighted,20260716,xgboost,beta,439719,0.005671804038488216,88759,0.004675582194481686,2.8388240337371826
0.5112015573410424,0.9169859552308663,0.0029332381673157215,0.015955988317728043,-0.13691721856594086,1.0242191553115845,0.8651685393258427,0.1855421686746988,0.2804372891345915,0.5202702702702703,0.5566265060240964,0.7434792743918961,0.3096846846846847,0.6626506024096386,0.8505766901454761,0.17004504504504506,0.727710843373494,0.9226924503304661,2020-08,0,sliding180_unweighted,20260717,logistic,raw,439719,0.005671804038488216,88759,0.004675582194481686,0.6742851734161377
0.5112015573410424,0.9169859552308665,0.0033430540934205055,0.016727173700928688,1.9035282135009766,1.3609577417373657,0.8651685393258427,0.1855421686746988,0.2804372891345915,0.5202702702702703,0.5566265060240964,0.7434792743918961,0.3096846846846847,0.6626506024096386,0.8505766901454761,0.17004504504504506,0.727710843373494,0.9226924503304661,2020-08,0,sliding180_unweighted,20260717,logistic,platt,439719,0.005671804038488216,88759,0.004675582194481686,0.6742851734161377
0.5324171590725957,0.9169928559661084,0.0030439971014857292,0.015978829935193062,0.35344451665878296,1.0418949127197266,0.8764044943820225,0.18795180722891566,0.2812947723411543,0.5202702702702703,0.5566265060240964,0.7434792743918961,0.3096846846846847,0.6626506024096386,0.8505766901454761,0.17004504504504506,0.727710843373494,0.9226924503304661,2020-08,0,sliding180_unweighted,20260717,logistic,beta,439719,0.005671804038488216,88759,0.004675582194481686,0.6742851734161377
0.9408093246735276,0.9984737646592892,0.0008430226980676334,0.004438721320408439,0.9632916095893554,0.7025712922848282,0.9887640449438202,0.21204819277108433,0.24039201394465126,0.8626126126126126,0.9228915662650602,0.9844333007336767,0.4560810810810811,0.9759036144578314,0.9922081248677171,0.2302927927927928,0.9855421686746988,0.9991390682769387,2020-08,0,sliding180_unweighted,20260717,lightgbm,raw,439719,0.005671804038488216,88759,0.004675582194481686,2.7033088207244873
0.9416125375249336,0.9984738055727391,0.0007837826024948585,0.0033296642137222846,1.0339097101994934,1.1746725544120251,0.9887640449438202,0.21204819277108433,0.24039201394465126,0.8626126126126126,0.9228915662650602,0.9844333007336767,0.4560810810810811,0.9759036144578314,0.9922081248677171,0.2302927927927928,0.9855421686746988,0.9991390682769387,2020-08,0,sliding180_unweighted,20260717,lightgbm,platt,439719,0.005671804038488216,88759,0.004675582194481686,2.7033088207244873
0.9416125375249336,0.9984738055727391,0.0007602757784198132,0.003240522740446236,0.941217464710364,1.1590140577393737,0.9887640449438202,0.21204819277108433,0.24039201394465126,0.8626126126126126,0.9228915662650602,0.9844333007336767,0.4560810810810811,0.9759036144578314,0.9922081248677171,0.2302927927927928,0.9855421686746988,0.9991390682769387,2020-08,0,sliding180_unweighted,20260717,lightgbm,beta,439719,0.005671804038488216,88759,0.004675582194481686,2.7033088207244873
0.9531126988245767,0.9985066317974969,0.0007583886617794633,0.0032549859024584293,0.8455457091331482,0.9419382810592651,1.0,0.21445783132530122,0.334463233377923,0.8558558558558559,0.9156626506024096,0.9760671039162073,0.4527027027027027,0.9686746987951808,0.9870395649734753,0.2302927927927928,0.9855421686746988,0.9930326555832943,2020-08,0,sliding180_unweighted,20260717,xgboost,raw,439719,0.005671804038488216,88759,0.004675582194481686,3.5198731422424316
0.9531126988245769,0.9985066317974969,0.0007517742342315614,0.0031422681640833616,0.9690489172935486,1.2059917449951172,1.0,0.21445783132530122,0.334463233377923,0.8558558558558559,0.9156626506024096,0.9760671039162073,0.4527027027027027,0.9686746987951808,0.9870395649734753,0.2302927927927928,0.9855421686746988,0.9930326555832943,2020-08,0,sliding180_unweighted,20260717,xgboost,platt,439719,0.005671804038488216,88759,0.004675582194481686,3.5198731422424316
0.9531126988245767,0.998506631797497,0.0007402495830319822,0.003106172662228346,0.829788863658905,1.1672760248184204,1.0,0.21445783132530122,0.334463233377923,0.8558558558558559,0.9156626506024096,0.9760671039162073,0.4527027027027027,0.9686746987951808,0.9870395649734753,0.2302927927927928,0.9855421686746988,0.9930326555832943,2020-08,0,sliding180_unweighted,20260717,xgboost,beta,439719,0.005671804038488216,88759,0.004675582194481686,3.5198731422424316
0.3583595035695067,0.968085504200993,0.03571758791804314,0.1813608705997467,-5.22330904006958,0.4819936156272888,0.38202247191011235,0.0819277108433735,0.11154456515476201,0.45495495495495497,0.4867469879518072,0.6444981816978321,0.3502252252252252,0.7493975903614458,0.8909067074268545,0.20157657657657657,0.8626506024096385,0.9636838643386181,2020-08,7,capped_weighted,20260716,logistic,raw,350000,0.02049142857142857,88759,0.004675582194481686,0.5247941017150879
0.3611247715379321,0.968089772837615,0.003971246536821127,0.01668861135840416,1.2480846643447876,1.2103053331375122,0.38202247191011235,0.0819277108433735,0.11154456515476201,0.45495495495495497,0.4867469879518072,0.6444981816978321,0.3502252252252252,0.7493975903614458,0.8909067074268545,0.20157657657657657,0.8626506024096385,0.9636838643386181,2020-08,7,capped_weighted,20260716,logistic,platt,350000,0.02049142857142857,88759,0.004675582194481686,0.5247941017150879
0.3611247715379321,0.9680897591997984,0.0035442605149000883,0.01400124840438366,0.6611095666885376,1.178320050239563,0.38202247191011235,0.0819277108433735,0.11154456515476201,0.45495495495495497,0.4867469879518072,0.6444981816978321,0.3502252252252252,0.7493975903614458,0.8909067074268545,0.20157657657657657,0.8626506024096385,0.9636838643386181,2020-08,7,capped_weighted,20260716,logistic,beta,350000,0.02049142857142857,88759,0.004675582194481686,0.5247941017150879
0.9823293340087255,0.9997913414047388,0.0011009631115124524,0.004181828394664876,-2.8060777164053183,1.0604998819070774,1.0,0.21445783132530122,0.31985230003836956,0.9009009009009009,0.963855421686747,0.9870142758524866,0.4605855855855856,0.9855421686746988,0.9898640915699913,0.23310810810810811,0.9975903614457832,0.994950988677706,2020-08,7,capped_weighted,20260716,lightgbm,raw,350000,0.02049142857142857,88759,0.004675582194481686,2.315195083618164
0.9823293340087256,0.9997913414047388,0.00040298899290643335,0.0016990109035685812,0.7478948814144638,1.2263050445657073,1.0,0.21445783132530122,0.31985230003836956,0.9009009009009009,0.963855421686747,0.9870142758524866,0.4605855855855856,0.9855421686746988,0.9898640915699913,0.23310810810810811,0.9975903614457832,0.994950988677706,2020-08,7,capped_weighted,20260716,lightgbm,platt,350000,0.02049142857142857,88759,0.004675582194481686,2.315195083618164
0.9823293340087256,0.9997913414047388,0.0003957173885478175,0.001671906427495659,0.6921773692112958,1.240499215416291,1.0,0.21445783132530122,0.31985230003836956,0.9009009009009009,0.963855421686747,0.9870142758524866,0.4605855855855856,0.9855421686746988,0.9898640915699913,0.23310810810810811,0.9975903614457832,0.994950988677706,2020-08,7,capped_weighted,20260716,lightgbm,beta,350000,0.02049142857142857,88759,0.004675582194481686,2.315195083618164
0.9797718672725214,0.9997681298407429,0.0007738798158243299,0.0030385656282305717,-2.3715193271636963,0.9749349355697632,1.0,0.21445783132530122,0.28723977530424416,0.8986486486486487,0.9614457831325302,0.9869649908041956,0.46283783783783783,0.9903614457831326,0.9943441934621589,0.23254504504504506,0.9951807228915662,0.9948483953118761,2020-08,7,capped_weighted,20260716,xgboost,raw,350000,0.02049142857142857,88759,0.004675582194481686,4.1530921459198
0.9797718672725214,0.999768129840743,0.00044858379987999797,0.0018281976226717234,0.6547069549560547,1.202672004699707,1.0,0.21445783132530122,0.28723977530424416,0.8986486486486487,0.9614457831325302,0.9869649908041956,0.46283783783783783,0.9903614457831326,0.9943441934621589,0.23254504504504506,0.9951807228915662,0.9948483953118761,2020-08,7,capped_weighted,20260716,xgboost,platt,350000,0.02049142857142857,88759,0.004675582194481686,4.1530921459198
0.9797718672725213,0.999768129840743,0.0004518931091297418,0.0018336698412895203,0.7098153233528137,1.2056297063827515,1.0,0.21445783132530122,0.28723977530424416,0.8986486486486487,0.9614457831325302,0.9869649908041956,0.46283783783783783,0.9903614457831326,0.9943441934621589,0.23254504504504506,0.9951807228915662,0.9948483953118761,2020-08,7,capped_weighted,20260716,xgboost,beta,350000,0.02049142857142857,88759,0.004675582194481686,4.1530921459198
0.35962136421130336,0.9678761364392642,0.03582150861620903,0.1808968037366867,-5.206158638000488,0.48849451541900635,0.3707865168539326,0.07951807228915662,0.11145054518411558,0.45495495495495497,0.4867469879518072,0.6361577529619763,0.3502252252252252,0.7493975903614458,0.8909067074268545,0.20157657657657657,0.8626506024096385,0.9636838643386181,2020-08,7,capped_weighted,20260717,logistic,raw,350000,0.02049142857142857,88759,0.004675582194481686,0.5343108177185059
0.3607478212590063,0.9678777047881828,0.003985177725553513,0.016768280416727066,1.2856112718582153,1.216829776763916,0.3707865168539326,0.07951807228915662,0.11145054518411558,0.45495495495495497,0.4867469879518072,0.6361577529619763,0.3502252252252252,0.7493975903614458,0.8909067074268545,0.20157657657657657,0.8626506024096385,0.9636838643386179,2020-08,7,capped_weighted,20260717,logistic,platt,350000,0.02049142857142857,88759,0.004675582194481686,0.5343108177185059
0.3607478212590063,0.967877704788183,0.0035492570605129004,0.01403013151139021,0.6686509847640991,1.179374098777771,0.3707865168539326,0.07951807228915662,0.11145054518411557,0.45495495495495497,0.4867469879518072,0.6361577529619763,0.3502252252252252,0.7493975903614458,0.8909067074268545,0.20157657657657657,0.8626506024096385,0.9636838643386181,2020-08,7,capped_weighted,20260717,logistic,beta,350000,0.02049142857142857,88759,0.004675582194481686,0.5343108177185059
0.980504322073501,0.9997933870772413,0.0010584704767868552,0.00411328772321952,-2.7769332261839503,1.0201502200708388,1.0,0.21445783132530122,0.3086075019698453,0.8986486486486487,0.9614457831325302,0.983617008140846,0.4605855855855856,0.9855421686746988,0.9898640915699913,0.23310810810810811,0.9975903614457832,0.9998974066341699,2020-08,7,capped_weighted,20260717,lightgbm,raw,350000,0.02049142857142857,88759,0.004675582194481686,2.4453039169311523
0.9805043220735011,0.9997933870772412,0.00041553765665457496,0.0017340832045892476,0.44456550436106146,1.1563809948498305,1.0,0.21445783132530122,0.3086075019698453,0.8986486486486487,0.9614457831325302,0.983617008140846,0.4605855855855856,0.9855421686746988,0.9898640915699913,0.23310810810810811,0.9975903614457832,0.9998974066341699,2020-08,7,capped_weighted,20260717,lightgbm,platt,350000,0.02049142857142857,88759,0.004675582194481686,2.4453039169311523
0.9805043220735011,0.9997933870772412,0.00041058785917143486,0.0017208640930556813,0.42807908720573257,1.1437207327714702,1.0,0.21445783132530122,0.3086075019698453,0.8986486486486487,0.9614457831325302,0.983617008140846,0.4605855855855856,0.9855421686746988,0.9898640915699913,0.23310810810810811,0.9975903614457832,0.9998974066341699,2020-08,7,capped_weighted,20260717,lightgbm,beta,350000,0.02049142857142857,88759,0.004675582194481686,2.4453039169311523
0.977335512883373,0.9997686208021437,0.0008561030263081193,0.0033145800698548555,-2.359631061553955,0.9383483529090881,1.0,0.21445783132530122,0.2801848289892643,0.8941441441441441,0.9566265060240964,0.9867488358742275,0.4594594594594595,0.983132530120482,0.9897639409033476,0.23367117117117117,1.0,1.0,2020-08,7,capped_weighted,20260717,xgboost,raw,350000,0.02049142857142857,88759,0.004675582194481686,2.876128673553467
0.9773355128833731,0.9997686208021437,0.0004449591797310859,0.001890396000817418,0.4117240309715271,1.1587707996368408,1.0,0.21445783132530122,0.2801848289892643,0.8941441441441441,0.9566265060240964,0.9867488358742275,0.4594594594594595,0.983132530120482,0.9897639409033476,0.23367117117117117,1.0,1.0,2020-08,7,capped_weighted,20260717,xgboost,platt,350000,0.02049142857142857,88759,0.004675582194481686,2.876128673553467
0.9773355128833731,0.9997686208021437,0.0004460263007786125,0.0018932041712105274,0.552172064781189,1.1404740810394287,1.0,0.21445783132530122,0.2801848289892643,0.8941441441441441,0.9566265060240964,0.9867488358742275,0.4594594594594595,0.983132530120482,0.9897639409033476,0.23367117117117117,1.0,1.0,2020-08,7,capped_weighted,20260717,xgboost,beta,350000,0.02049142857142857,88759,0.004675582194481686,2.876128673553467
0.3606586992229405,0.9682292467888396,0.051375534385442734,0.23154208064079285,-5.430985450744629,0.47563600540161133,0.3595505617977528,0.07710843373493977,0.10992620509965662,0.45495495495495497,0.4867469879518072,0.6587572226663516,0.34572072072072074,0.7397590361445783,0.896922357082101,0.20326576576576577,0.8698795180722891,0.9682038636508306,2020-08,7,sliding180_weighted,20260716,logistic,raw,439719,0.005671804038488216,88759,0.004675582194481686,0.9834208488464355
0.36243772381648903,0.9682320289034432,0.0039047817699611187,0.0163580272346735,1.0773603916168213,1.1909643411636353,0.3707865168539326,0.07951807228915662,0.10876927571047462,0.45495495495495497,0.4867469879518072,0.6587572226663516,0.34572072072072074,0.7397590361445783,0.896922357082101,0.20326576576576577,0.8698795180722891,0.9682038636508306,2020-08,7,sliding180_weighted,20260716,logistic,platt,439719,0.005671804038488216,88759,0.004675582194481686,0.9834208488464355
0.3624377240858977,0.9682320425412598,0.0035517707001417875,0.014197510667145252,0.7217426896095276,1.2189096212387085,0.3707865168539326,0.07951807228915662,0.10876927571047462,0.45495495495495497,0.4867469879518072,0.6587572226663516,0.34572072072072074,0.7397590361445783,0.896922357082101,0.20326576576576577,0.8698795180722891,0.9682038636508306,2020-08,7,sliding180_weighted,20260716,logistic,beta,439719,0.005671804038488216,88759,0.004675582194481686,0.9834208488464355
0.9677867038121593,0.9989828916317266,0.0006377303859042289,0.0026646785410831607,-1.0152359892638563,0.8480222514432902,1.0,0.21445783132530122,0.2802477644153617,0.8783783783783784,0.9397590361445783,0.9811988317384026,0.4583333333333333,0.980722891566265,0.9923553094677153,0.2302927927927928,0.9855421686746988,0.9930326555832943,2020-08,7,sliding180_weighted,20260716,lightgbm,raw,439719,0.005671804038488216,88759,0.004675582194481686,3.311821699142456
0.9677867038121593,0.9989828916317266,0.0005590577924251208,0.002442536709225303,0.769115186403942,1.1805049523524611,1.0,0.21445783132530122,0.2802477644153617,0.8783783783783784,0.9397590361445783,0.9811988317384026,0.4583333333333333,0.980722891566265,0.9923553094677153,0.2302927927927928,0.9855421686746988,0.9930326555832943,2020-08,7,sliding180_weighted,20260716,lightgbm,platt,439719,0.005671804038488216,88759,0.004675582194481686,3.311821699142456
0.9677867038121593,0.9989828916317266,0.0005630413857996583,0.0024518763525105793,0.8618419723191639,1.163486367272812,1.0,0.21445783132530122,0.2802477644153617,0.8783783783783784,0.9397590361445783,0.9811988317384026,0.4583333333333333,0.980722891566265,0.9923553094677153,0.2302927927927928,0.9855421686746988,0.9930326555832943,2020-08,7,sliding180_weighted,20260716,lightgbm,beta,439719,0.005671804038488216,88759,0.004675582194481686,3.311821699142456
0.9640912515447835,0.998792234954488,0.0006134112481959164,0.0026887457352131605,-0.7971799969673157,0.8320850729942322,1.0,0.21445783132530122,0.27467175271761063,0.8738738738738738,0.9349397590361446,0.9803084439369165,0.4572072072072072,0.9783132530120482,0.9923063117957993,0.23085585585585586,0.9879518072289156,0.9942440427955149,2020-08,7,sliding180_weighted,20260716,xgboost,raw,439719,0.005671804038488216,88759,0.004675582194481686,3.986532211303711
0.9640912515447835,0.9987922349544879,0.0006387034081853926,0.002701487625017762,1.0346487760543823,1.2099354267120361,1.0,0.21445783132530122,0.27467175271761063,0.8738738738738738,0.9349397590361446,0.9803084439369165,0.4572072072072072,0.9783132530120482,0.9923063117957993,0.23085585585585586,0.9879518072289156,0.9942440427955149,2020-08,7,sliding180_weighted,20260716,xgboost,platt,439719,0.005671804038488216,88759,0.004675582194481686,3.986532211303711
0.9640912515447835,0.9987922349544878,0.00063489587046206,0.002684085164219141,0.9245637059211731,1.1742849349975586,1.0,0.21445783132530122,0.27467175271761063,0.8738738738738738,0.9349397590361446,0.9803084439369165,0.4572072072072072,0.9783132530120482,0.9923063117957993,0.23085585585585586,0.9879518072289156,0.9942440427955149,2020-08,7,sliding180_weighted,20260716,xgboost,beta,439719,0.005671804038488216,88759,0.004675582194481686,3.986532211303711
0.3606586992229405,0.9682292467888396,0.051375534385442734,0.23154208064079285,-5.430985450744629,0.47563600540161133,0.3595505617977528,0.07710843373493977,0.10992620509965662,0.45495495495495497,0.4867469879518072,0.6587572226663516,0.34572072072072074,0.7397590361445783,0.896922357082101,0.20326576576576577,0.8698795180722891,0.9682038636508306,2020-08,7,sliding180_weighted,20260717,logistic,raw,439719,0.005671804038488216,88759,0.004675582194481686,0.7001452445983887
0.36243772381648903,0.9682320289034432,0.0039047817699611187,0.0163580272346735,1.0773603916168213,1.1909643411636353,0.3707865168539326,0.07951807228915662,0.10876927571047462,0.45495495495495497,0.4867469879518072,0.6587572226663516,0.34572072072072074,0.7397590361445783,0.896922357082101,0.20326576576576577,0.8698795180722891,0.9682038636508306,2020-08,7,sliding180_weighted,20260717,logistic,platt,439719,0.005671804038488216,88759,0.004675582194481686,0.7001452445983887
0.3624377240858977,0.9682320425412598,0.0035517707001417875,0.014197510667145252,0.7217426896095276,1.2189096212387085,0.3707865168539326,0.07951807228915662,0.10876927571047462,0.45495495495495497,0.4867469879518072,0.6587572226663516,0.34572072072072074,0.7397590361445783,0.896922357082101,0.20326576576576577,0.8698795180722891,0.9682038636508306,2020-08,7,sliding180_weighted,20260717,logistic,beta,439719,0.005671804038488216,88759,0.004675582194481686,0.7001452445983887
0.9679287202588603,0.9989584799398626,0.000657711061574831,0.0026920060525177356,-1.1856083713080459,0.8325727997682992,1.0,0.21445783132530122,0.2820467884181382,0.8716216216216216,0.9325301204819277,0.9808865973071015,0.4583333333333333,0.980722891566265,0.9923553094677153,0.23085585585585586,0.9879518072289156,0.994244042795515,2020-08,7,sliding180_weighted,20260717,lightgbm,raw,439719,0.005671804038488216,88759,0.004675582194481686,3.177428960800171
0.9679287202588605,0.9989584799398626,0.0005634924793951516,0.0024373050615769214,0.7492078929568592,1.1636639897692176,1.0,0.21445783132530122,0.2820467884181382,0.8716216216216216,0.9325301204819277,0.9808865973071015,0.4583333333333333,0.980722891566265,0.9923553094677153,0.23085585585585586,0.9879518072289156,0.994244042795515,2020-08,7,sliding180_weighted,20260717,lightgbm,platt,439719,0.005671804038488216,88759,0.004675582194481686,3.177428960800171
0.9679287202588605,0.9989584799398626,0.0005650123099105578,0.002439305217981206,0.8238798700216372,1.151442296278086,1.0,0.21445783132530122,0.2820467884181382,0.8716216216216216,0.9325301204819277,0.9808865973071015,0.4583333333333333,0.980722891566265,0.9923553094677153,0.23085585585585586,0.9879518072289156,0.994244042795515,2020-08,7,sliding180_weighted,20260717,lightgbm,beta,439719,0.005671804038488216,88759,0.004675582194481686,3.177428960800171
0.9629510160601706,0.9985459632608129,0.0006168645923025906,0.0027657414320856333,-0.8877391219139099,0.8054826259613037,1.0,0.21445783132530122,0.2759825242594754,0.8783783783783784,0.9397590361445783,0.9848573724708666,0.4572072072072072,0.9783132530120482,0.9923063117957992,0.2302927927927928,0.9855421686746988,0.9936706311355157,2020-08,7,sliding180_weighted,20260717,xgboost,raw,439719,0.005671804038488216,88759,0.004675582194481686,4.042434930801392
0.9629510160601705,0.9985459632608129,0.0006167697720229626,0.0026796788442879915,0.8653578162193298,1.1734492778778076,1.0,0.21445783132530122,0.2759825242594754,0.8783783783783784,0.9397590361445783,0.9848573724708666,0.4572072072072072,0.9783132530120482,0.9923063117957992,0.2302927927927928,0.9855421686746988,0.9936706311355157,2020-08,7,sliding180_weighted,20260717,xgboost,platt,439719,0.005671804038488216,88759,0.004675582194481686,4.042434930801392
0.9629510160601706,0.9985459632608129,0.0006139680626802146,0.0026673804968595505,0.7658593654632568,1.1553263664245605,1.0,0.21445783132530122,0.2759825242594754,0.8783783783783784,0.9397590361445783,0.9848573724708666,0.4572072072072072,0.9783132530120482,0.9923063117957992,0.2302927927927928,0.9855421686746988,0.9936706311355157,2020-08,7,sliding180_weighted,20260717,xgboost,beta,439719,0.005671804038488216,88759,0.004675582194481686,4.042434930801392
0.5119321390765891,0.9169071832017012,0.0029302176553756,0.01594274863600731,-0.13658177852630615,1.0211255550384521,0.8651685393258427,0.1855421686746988,0.2804372891345914,0.5202702702702703,0.5566265060240964,0.7470001618407951,0.3096846846846847,0.6626506024096386,0.8505766901454761,0.17060810810810811,0.7301204819277108,0.9267806187433673,2020-08,7,sliding180_unweighted,20260716,logistic,raw,439719,0.005671804038488216,88759,0.004675582194481686,0.6833279132843018
0.5119321390765891,0.9169071832017012,0.0033486869651824236,0.01673724129796028,1.9331763982772827,1.3663330078125,0.8651685393258427,0.1855421686746988,0.2804372891345914,0.5202702702702703,0.5566265060240964,0.7470001618407951,0.3096846846846847,0.6626506024096386,0.8505766901454761,0.17060810810810811,0.7301204819277108,0.9267806187433673,2020-08,7,sliding180_unweighted,20260716,logistic,platt,439719,0.005671804038488216,88759,0.004675582194481686,0.6833279132843018
0.5329459462344979,0.9169139748344096,0.0030440017580986023,0.015968775376677513,0.36119696497917175,1.0431972742080688,0.8764044943820225,0.18795180722891566,0.2812947723411543,0.5202702702702703,0.5566265060240964,0.7470001618407951,0.3096846846846847,0.6626506024096386,0.8505766901454761,0.17060810810810811,0.7301204819277108,0.9267806187433673,2020-08,7,sliding180_unweighted,20260716,logistic,beta,439719,0.005671804038488216,88759,0.004675582194481686,0.6833279132843018
0.9543172643851913,0.9986021783411833,0.0007593170527694928,0.003875411315804786,0.6726507793401933,0.6995476546883378,1.0,0.21445783132530122,0.22846555911492483,0.8490990990990991,0.908433734939759,0.9652884782237918,0.45382882882882886,0.9710843373493976,0.9916031018064816,0.23141891891891891,0.9903614457831326,0.9988197931244533,2020-08,7,sliding180_unweighted,20260716,lightgbm,raw,439719,0.005671804038488216,88759,0.004675582194481686,3.158719062805176
0.9543172643851915,0.9986021783411833,0.0007207890559261742,0.0030818458507321515,0.7916970395647316,1.1420978680283969,1.0,0.21445783132530122,0.22846555911492483,0.8490990990990991,0.908433734939759,0.9652884782237917,0.45382882882882886,0.9710843373493976,0.9916031018064815,0.23141891891891891,0.9903614457831326,0.9988197931244531,2020-08,7,sliding180_unweighted,20260716,lightgbm,platt,439719,0.005671804038488216,88759,0.004675582194481686,3.158719062805176
0.9543172643851915,0.9986021783411833,0.0007246380170458619,0.0031154185169702284,0.8928948173120201,1.1453010815804396,1.0,0.21445783132530122,0.22846555911492483,0.8490990990990991,0.908433734939759,0.9652884782237917,0.45382882882882886,0.9710843373493976,0.9916031018064815,0.23141891891891891,0.9903614457831326,0.9988197931244531,2020-08,7,sliding180_unweighted,20260716,lightgbm,beta,439719,0.005671804038488216,88759,0.004675582194481686,3.158719062805176
0.955690277109682,0.9983935742971888,0.0007440827903337777,0.0031653104815632105,0.8480225205421448,0.9366708397865295,1.0,0.21445783132530122,0.31596524719181796,0.8648648648648649,0.9253012048192771,0.9801534522787343,0.4560810810810811,0.9759036144578314,0.9922058737527806,0.2302927927927928,0.9855421686746988,0.9941401083399356,2020-08,7,sliding180_unweighted,20260716,xgboost,raw,439719,0.005671804038488216,88759,0.004675582194481686,3.4148542881011963
0.9556902771096819,0.9983935742971887,0.0007377061410807073,0.0030593061819672585,0.9582257270812988,1.208520770072937,1.0,0.21445783132530122,0.31596524719181796,0.8648648648648649,0.9253012048192771,0.9801534522787343,0.4560810810810811,0.9759036144578314,0.9922058737527806,0.2302927927927928,0.9855421686746988,0.9941401083399356,2020-08,7,sliding180_unweighted,20260716,xgboost,platt,439719,0.005671804038488216,88759,0.004675582194481686,3.4148542881011963
0.955690277109682,0.9983935742971888,0.0007257965626195073,0.003020242787897587,0.798288106918335,1.1569408178329468,1.0,0.21445783132530122,0.31596524719181796,0.8648648648648649,0.9253012048192771,0.9801534522787343,0.4560810810810811,0.9759036144578314,0.9922058737527806,0.2302927927927928,0.9855421686746988,0.9941401083399356,2020-08,7,sliding180_unweighted,20260716,xgboost,beta,439719,0.005671804038488216,88759,0.004675582194481686,3.4148542881011963
0.5119321390765891,0.9169071832017012,0.0029302176553756,0.01594274863600731,-0.13658177852630615,1.0211255550384521,0.8651685393258427,0.1855421686746988,0.2804372891345914,0.5202702702702703,0.5566265060240964,0.7470001618407951,0.3096846846846847,0.6626506024096386,0.8505766901454761,0.17060810810810811,0.7301204819277108,0.9267806187433673,2020-08,7,sliding180_unweighted,20260717,logistic,raw,439719,0.005671804038488216,88759,0.004675582194481686,0.706613302230835
0.5119321390765891,0.9169071832017012,0.0033486869651824236,0.01673724129796028,1.9331763982772827,1.3663330078125,0.8651685393258427,0.1855421686746988,0.2804372891345914,0.5202702702702703,0.5566265060240964,0.7470001618407951,0.3096846846846847,0.6626506024096386,0.8505766901454761,0.17060810810810811,0.7301204819277108,0.9267806187433673,2020-08,7,sliding180_unweighted,20260717,logistic,platt,439719,0.005671804038488216,88759,0.004675582194481686,0.706613302230835
0.5329459462344979,0.9169139748344096,0.0030440017580986023,0.015968775376677513,0.36119696497917175,1.0431972742080688,0.8764044943820225,0.18795180722891566,0.2812947723411543,0.5202702702702703,0.5566265060240964,0.7470001618407951,0.3096846846846847,0.6626506024096386,0.8505766901454761,0.17060810810810811,0.7301204819277108,0.9267806187433673,2020-08,7,sliding180_unweighted,20260717,logistic,beta,439719,0.005671804038488216,88759,0.004675582194481686,0.706613302230835
0.9518049742727804,0.9985118141678367,0.0008627412694407334,0.004360964356190182,1.0685818623197942,0.7238296525542939,1.0,0.21445783132530122,0.24683901553858428,0.8558558558558559,0.9156626506024096,0.9842214085532695,0.4560810810810811,0.9759036144578314,0.9922091785810915,0.22972972972972974,0.983132530120482,0.9974043207900092,2020-08,7,sliding180_unweighted,20260717,lightgbm,raw,439719,0.005671804038488216,88759,0.004675582194481686,3.7806901931762695
0.9518049742727804,0.9985118141678367,0.0008061650974755247,0.0033556790331276784,1.1163424720574215,1.1839656427573468,1.0,0.21445783132530122,0.24683901553858428,0.8558558558558559,0.9156626506024096,0.9842214085532692,0.4560810810810811,0.9759036144578314,0.9922091785810917,0.22972972972972974,0.983132530120482,0.9974043207900092,2020-08,7,sliding180_unweighted,20260717,lightgbm,platt,439719,0.005671804038488216,88759,0.004675582194481686,3.7806901931762695
0.9518049742727804,0.9985118141678367,0.0007857108190465474,0.0032791175123543753,0.94379327194961,1.156353254568525,1.0,0.21445783132530122,0.24683901553858428,0.8558558558558559,0.9156626506024096,0.9842214085532692,0.4560810810810811,0.9759036144578314,0.9922091785810917,0.22972972972972974,0.983132530120482,0.9974043207900092,2020-08,7,sliding180_unweighted,20260717,lightgbm,beta,439719,0.005671804038488216,88759,0.004675582194481686,3.7806901931762695
0.9540555650256987,0.998686105465055,0.0007548482390120625,0.003203850006684661,0.8044742941856384,0.9410494565963745,1.0,0.21445783132530122,0.32693186492946374,0.8603603603603603,0.9204819277108434,0.976202458188773,0.4560810810810811,0.9759036144578314,0.9921391545377473,0.22972972972972974,0.983132530120482,0.9924592439232949,2020-08,7,sliding180_unweighted,20260717,xgboost,raw,439719,0.005671804038488216,88759,0.004675582194481686,3.722766160964966
0.9540555650256987,0.998686105465055,0.0007482206565327942,0.0031031600665301085,0.9201970100402832,1.1907265186309814,1.0,0.21445783132530122,0.32693186492946374,0.8603603603603603,0.9204819277108434,0.976202458188773,0.4560810810810811,0.9759036144578314,0.9921391545377473,0.22972972972972974,0.983132530120482,0.9924592439232949,2020-08,7,sliding180_unweighted,20260717,xgboost,platt,439719,0.005671804038488216,88759,0.004675582194481686,3.722766160964966
0.9540555650256987,0.998686105465055,0.0007338275900110602,0.0030604833737015724,0.7888491153717041,1.160690188407898,1.0,0.21445783132530122,0.32693186492946374,0.8603603603603603,0.9204819277108434,0.976202458188773,0.4560810810810811,0.9759036144578314,0.9921391545377473,0.22972972972972974,0.983132530120482,0.9924592439232949,2020-08,7,sliding180_unweighted,20260717,xgboost,beta,439719,0.005671804038488216,88759,0.004675582194481686,3.722766160964966
0.358563484663297,0.9680671886131869,0.03547648712992668,0.18048939108848572,-5.219547271728516,0.48185083270072937,0.3707865168539326,0.07951807228915662,0.11145054518411558,0.4572072072072072,0.4891566265060241,0.6485165655477013,0.3502252252252252,0.7493975903614458,0.8909067074268546,0.20157657657657657,0.8626506024096385,0.9636838643386181,2020-08,14,capped_weighted,20260716,logistic,raw,350000,0.02049142857142857,88759,0.004675582194481686,0.5663397312164307
0.360653554559475,0.968070325311024,0.0039720009081065655,0.016688844189047813,1.2474650144577026,1.2101211547851562,0.3707865168539326,0.07951807228915662,0.11145054518411558,0.4572072072072072,0.4891566265060241,0.6485165655477013,0.3502252252252252,0.7493975903614458,0.8909067074268546,0.20157657657657657,0.8626506024096385,0.9636838643386181,2020-08,14,capped_weighted,20260716,logistic,platt,350000,0.02049142857142857,88759,0.004675582194481686,0.5663397312164307
0.360653554559475,0.9680703253110241,0.003544420003890991,0.013999738730490208,0.6600776314735413,1.1776399612426758,0.3707865168539326,0.07951807228915662,0.11145054518411558,0.4572072072072072,0.4891566265060241,0.6485165655477013,0.3502252252252252,0.7493975903614458,0.8909067074268546,0.20157657657657657,0.8626506024096385,0.9636838643386181,2020-08,14,capped_weighted,20260716,logistic,beta,350000,0.02049142857142857,88759,0.004675582194481686,0.5663397312164307
0.980482129116605,0.9997835405735956,0.001132888731786556,0.004327890067464724,-2.799838714746156,1.0432647834384927,1.0,0.21445783132530122,0.31851777204951515,0.8986486486486487,0.9614457831325302,0.9831774180794131,0.4605855855855856,0.9855421686746988,0.9898678753589271,0.23310810810810811,0.9975903614457832,0.9949509886777063,2020-08,14,capped_weighted,20260716,lightgbm,raw,350000,0.02049142857142857,88759,0.004675582194481686,2.8098161220550537
0.9804821291166052,0.9997835405735956,0.00042778755819103636,0.001782098192300485,0.6342735105002265,1.1863636050062178,1.0,0.21445783132530122,0.31851777204951515,0.8986486486486487,0.9614457831325302,0.9831774180794131,0.4605855855855856,0.9855421686746988,0.9898678753589271,0.23310810810810811,0.9975903614457832,0.9949509886777063,2020-08,14,capped_weighted,20260716,lightgbm,platt,350000,0.02049142857142857,88759,0.004675582194481686,2.8098161220550537
0.9804821291166052,0.9997835405735956,0.00042194921322172486,0.0017594743361526053,0.6054595004570161,1.1984250025970504,1.0,0.21445783132530122,0.31851777204951515,0.8986486486486487,0.9614457831325302,0.9831774180794131,0.4605855855855856,0.9855421686746988,0.9898678753589271,0.23310810810810811,0.9975903614457832,0.9949509886777063,2020-08,14,capped_weighted,20260716,lightgbm,beta,350000,0.02049142857142857,88759,0.004675582194481686,2.8098161220550537
0.9788219045097718,0.9997880683287347,0.0007849030080251396,0.0030515005346387625,-2.3133704662323,0.9603872895240784,1.0,0.21445783132530122,0.2869552726931185,0.8963963963963963,0.9590361445783132,0.986495944664338,0.4594594594594595,0.983132530120482,0.9897639409033474,0.23367117117117117,1.0,1.0,2020-08,14,capped_weighted,20260716,xgboost,raw,350000,0.02049142857142857,88759,0.004675582194481686,3.9623777866363525
0.9788219045097718,0.9997880683287346,0.0004729110514745116,0.0019247588934376836,0.8372412919998169,1.2123796939849854,1.0,0.21445783132530122,0.2869552726931185,0.8963963963963963,0.9590361445783132,0.986495944664338,0.4594594594594595,0.983132530120482,0.9897639409033474,0.23367117117117117,1.0,1.0,2020-08,14,capped_weighted,20260716,xgboost,platt,350000,0.02049142857142857,88759,0.004675582194481686,3.9623777866363525
0.9788219045097717,0.9997880683287348,0.00047139660455286503,0.0019152091117575765,0.8349466323852539,1.2086987495422363,1.0,0.21445783132530122,0.2869552726931185,0.8963963963963963,0.9590361445783132,0.986495944664338,0.4594594594594595,0.983132530120482,0.9897639409033474,0.23367117117117117,1.0,1.0,2020-08,14,capped_weighted,20260716,xgboost,beta,350000,0.02049142857142857,88759,0.004675582194481686,3.9623777866363525
0.3596662863302753,0.9678486426008298,0.03555978089570999,0.17995420098304749,-5.202435493469238,0.48821908235549927,0.3707865168539326,0.07951807228915662,0.11145054518411558,0.45495495495495497,0.4867469879518072,0.6361577529619763,0.3502252252252252,0.7493975903614458,0.8909067074268545,0.20157657657657657,0.8626506024096385,0.9636838643386181,2020-08,14,capped_weighted,20260717,logistic,raw,350000,0.02049142857142857,88759,0.004675582194481686,0.5305531024932861
0.3607927431159401,0.9678501973119318,0.003984627779573202,0.016765180975198746,1.2855623960494995,1.216745376586914,0.3707865168539326,0.07951807228915662,0.11145054518411558,0.45495495495495497,0.4867469879518072,0.6361577529619763,0.3502252252252252,0.7493975903614458,0.8909067074268545,0.20157657657657657,0.8626506024096385,0.9636838643386181,2020-08,14,capped_weighted,20260717,logistic,platt,350000,0.02049142857142857,88759,0.004675582194481686,0.5305531024932861
0.36079274311594,0.9678501973119318,0.003548751585185528,0.014027200639247894,0.6676265597343445,1.1786922216415405,0.3707865168539326,0.07951807228915662,0.11145054518411558,0.45495495495495497,0.4867469879518072,0.6361577529619763,0.3502252252252252,0.7493975903614458,0.8909067074268545,0.20157657657657657,0.8626506024096385,0.9636838643386181,2020-08,14,capped_weighted,20260717,logistic,beta,350000,0.02049142857142857,88759,0.004675582194481686,0.5305531024932861
0.9808811949060566,0.9997819585868604,0.0011055958171712846,0.004187860935860158,-2.78469943566619,1.0351657576971867,1.0,0.21445783132530122,0.28726899190235644,0.8986486486486487,0.9614457831325302,0.9830612701279012,0.4617117117117117,0.9879518072289156,0.9991891196622293,0.23310810810810811,0.9975903614457832,0.9998974066341699,2020-08,14,capped_weighted,20260717,lightgbm,raw,350000,0.02049142857142857,88759,0.004675582194481686,2.8116228580474854
0.9808811949060566,0.9997819585868604,0.00041949363278485,0.0017461085850008502,0.5225039813170518,1.159541596404149,1.0,0.21445783132530122,0.28726899190235644,0.8986486486486487,0.9614457831325302,0.9830612701279012,0.4617117117117117,0.9879518072289156,0.9991891196622293,0.23310810810810811,0.9975903614457832,0.9998974066341699,2020-08,14,capped_weighted,20260717,lightgbm,platt,350000,0.02049142857142857,88759,0.004675582194481686,2.8116228580474854
0.9808811949060566,0.9997819585868604,0.0004166004877854524,0.001731741196445108,0.5524005769037527,1.1589177709517553,1.0,0.21445783132530122,0.28726899190235644,0.8986486486486487,0.9614457831325302,0.9830612701279012,0.4617117117117117,0.9879518072289156,0.9991891196622293,0.23310810810810811,0.9975903614457832,0.9998974066341699,2020-08,14,capped_weighted,20260717,lightgbm,beta,350000,0.02049142857142857,88759,0.004675582194481686,2.8116228580474854
0.9769073870054599,0.9997040866535962,0.0008175770635716617,0.003183299908414483,-2.432927131652832,0.9413092732429504,1.0,0.21445783132530122,0.28131838509995644,0.8918918918918919,0.9542168674698795,0.9866474878060219,0.4605855855855856,0.9855421686746988,0.9898640915699913,0.23254504504504506,0.9951807228915662,0.9996444196321554,2020-08,14,capped_weighted,20260717,xgboost,raw,350000,0.02049142857142857,88759,0.004675582194481686,2.5567080974578857
0.97690738700546,0.9997040866535962,0.00045279497862793505,0.0019174928311258554,0.45101282000541687,1.166682481765747,1.0,0.21445783132530122,0.28131838509995644,0.8918918918918919,0.9542168674698795,0.9866474878060219,0.4605855855855856,0.9855421686746988,0.9898640915699913,0.23254504504504506,0.9951807228915662,0.9996444196321554,2020-08,14,capped_weighted,20260717,xgboost,platt,350000,0.02049142857142857,88759,0.004675582194481686,2.5567080974578857
0.97690738700546,0.9997040866535962,0.00045553784002549946,0.0019202025141566992,0.5557433366775513,1.1563520431518555,1.0,0.21445783132530122,0.28131838509995644,0.8918918918918919,0.9542168674698795,0.9866474878060219,0.4605855855855856,0.9855421686746988,0.9898640915699913,0.23254504504504506,0.9951807228915662,0.9996444196321554,2020-08,14,capped_weighted,20260717,xgboost,beta,350000,0.02049142857142857,88759,0.004675582194481686,2.5567080974578857
0.3606538892686476,0.9681978525348338,0.05122766271233559,0.23108898103237152,-5.429872989654541,0.4756433963775635,0.34831460674157305,0.0746987951807229,0.0993670391655203,0.45495495495495497,0.4867469879518072,0.6587572226663516,0.34572072072072074,0.7397590361445783,0.896922357082101,0.20326576576576577,0.8698795180722891,0.9682038636508304,2020-08,14,sliding180_weighted,20260716,logistic,raw,439719,0.005671804038488216,88759,0.004675582194481686,0.6680138111114502
0.3624329138277082,0.9682006346494374,0.003904541954398155,0.016357561573386192,1.078014612197876,1.1910344362258911,0.38202247191011235,0.0819277108433735,0.11643240622681382,0.45495495495495497,0.4867469879518072,0.6587572226663516,0.34572072072072074,0.7397590361445783,0.896922357082101,0.20326576576576577,0.8698795180722891,0.9682038636508304,2020-08,14,sliding180_weighted,20260716,logistic,platt,439719,0.005671804038488216,88759,0.004675582194481686,0.6680138111114502
0.3624329141316049,0.9682006482872538,0.003551311092451215,0.014195773750543594,0.7190957069396973,1.217890977859497,0.38202247191011235,0.0819277108433735,0.11643240622681382,0.45495495495495497,0.4867469879518072,0.6587572226663516,0.34572072072072074,0.7397590361445783,0.896922357082101,0.20326576576576577,0.8698795180722891,0.9682038636508304,2020-08,14,sliding180_weighted,20260716,logistic,beta,439719,0.005671804038488216,88759,0.004675582194481686,0.6680138111114502
0.9678632983079909,0.9987298555809765,0.0006389804044883273,0.002670974418781161,-1.0842340029912862,0.8318483639710134,1.0,0.21445783132530122,0.28826029670748576,0.8738738738738738,0.9349397590361446,0.9803521251458974,0.4583333333333333,0.980722891566265,0.9923553094677152,0.23085585585585586,0.9879518072289156,0.9942440427955149,2020-08,14,sliding180_weighted,20260716,lightgbm,raw,439719,0.005671804038488216,88759,0.004675582194481686,3.283358097076416
0.967863298307991,0.9987298555809764,0.0005783408384632499,0.0024647509206868696,0.765064943660214,1.1804798549631443,1.0,0.21445783132530122,0.28826029670748576,0.8738738738738738,0.9349397590361446,0.9803521251458974,0.4583333333333333,0.980722891566265,0.9923553094677152,0.23085585585585586,0.9879518072289156,0.9942440427955149,2020-08,14,sliding180_weighted,20260716,lightgbm,platt,439719,0.005671804038488216,88759,0.004675582194481686,3.283358097076416
0.967863298307991,0.9987298555809764,0.0005840340662811912,0.0024783356559292184,0.8687938594742,1.1615408278713826,1.0,0.21445783132530122,0.28826029670748576,0.8738738738738738,0.9349397590361446,0.9803521251458974,0.4583333333333333,0.980722891566265,0.9923553094677152,0.23085585585585586,0.9879518072289156,0.9942440427955149,2020-08,14,sliding180_weighted,20260716,lightgbm,beta,439719,0.005671804038488216,88759,0.004675582194481686,3.283358097076416
0.9612574280568889,0.9979600008291792,0.0006387651665136218,0.0028287512250244617,-0.8361090421676636,0.8236274123191833,1.0,0.21445783132530122,0.29112735500748305,0.8671171171171171,0.927710843373494,0.9801306537529942,0.4560810810810811,0.9759036144578314,0.9921905949088498,0.2302927927927928,0.9855421686746988,0.9941401083399355,2020-08,14,sliding180_weighted,20260716,xgboost,raw,439719,0.005671804038488216,88759,0.004675582194481686,3.3762519359588623
0.9612574280568889,0.9979600008291792,0.0006407297332771122,0.0027739480137825012,0.8879446387290955,1.169584035873413,1.0,0.21445783132530122,0.29112735500748305,0.8671171171171171,0.927710843373494,0.9801306537529942,0.4560810810810811,0.9759036144578314,0.9921905949088498,0.2302927927927928,0.9855421686746988,0.9941401083399355,2020-08,14,sliding180_weighted,20260716,xgboost,platt,439719,0.005671804038488216,88759,0.004675582194481686,3.3762519359588623
0.9612574280568889,0.9979600008291792,0.0006352734635584056,0.0027611900586634874,0.7687727212905884,1.156390905380249,1.0,0.21445783132530122,0.29112735500748305,0.8671171171171171,0.927710843373494,0.9801306537529942,0.4560810810810811,0.9759036144578314,0.9921905949088498,0.2302927927927928,0.9855421686746988,0.9941401083399355,2020-08,14,sliding180_weighted,20260716,xgboost,beta,439719,0.005671804038488216,88759,0.004675582194481686,3.3762519359588623
0.3606538892686476,0.9681978525348338,0.05122766271233559,0.23108898103237152,-5.429872989654541,0.4756433963775635,0.34831460674157305,0.0746987951807229,0.0993670391655203,0.45495495495495497,0.4867469879518072,0.6587572226663516,0.34572072072072074,0.7397590361445783,0.896922357082101,0.20326576576576577,0.8698795180722891,0.9682038636508304,2020-08,14,sliding180_weighted,20260717,logistic,raw,439719,0.005671804038488216,88759,0.004675582194481686,0.7652041912078857
0.3624329138277082,0.9682006346494374,0.003904541954398155,0.016357561573386192,1.078014612197876,1.1910344362258911,0.38202247191011235,0.0819277108433735,0.11643240622681382,0.45495495495495497,0.4867469879518072,0.6587572226663516,0.34572072072072074,0.7397590361445783,0.896922357082101,0.20326576576576577,0.8698795180722891,0.9682038636508304,2020-08,14,sliding180_weighted,20260717,logistic,platt,439719,0.005671804038488216,88759,0.004675582194481686,0.7652041912078857
0.3624329141316049,0.9682006482872538,0.003551311092451215,0.014195773750543594,0.7190957069396973,1.217890977859497,0.38202247191011235,0.0819277108433735,0.11643240622681382,0.45495495495495497,0.4867469879518072,0.6587572226663516,0.34572072072072074,0.7397590361445783,0.896922357082101,0.20326576576576577,0.8698795180722891,0.9682038636508304,2020-08,14,sliding180_weighted,20260717,logistic,beta,439719,0.005671804038488216,88759,0.004675582194481686,0.7652041912078857
0.9667727607884387,0.9987380382709867,0.0006371929593112726,0.0026986687780870466,-0.9861431868619046,0.8477295415476862,1.0,0.21445783132530122,0.2713283201801965,0.8761261261261262,0.9373493975903614,0.9847576528687849,0.4583333333333333,0.980722891566265,0.9923553094677153,0.23085585585585586,0.9879518072289156,0.9942440427955149,2020-08,14,sliding180_weighted,20260717,lightgbm,raw,439719,0.005671804038488216,88759,0.004675582194481686,3.2123279571533203
0.9667727607884388,0.9987380382709867,0.0005621530306491792,0.002469403501023665,0.7251692669216002,1.173798235994101,1.0,0.21445783132530122,0.2713283201801965,0.8761261261261262,0.9373493975903614,0.9847576528687849,0.4583333333333333,0.980722891566265,0.9923553094677153,0.23085585585585586,0.9879518072289156,0.9942440427955149,2020-08,14,sliding180_weighted,20260717,lightgbm,platt,439719,0.005671804038488216,88759,0.004675582194481686,3.2123279571533203
0.9667727607884388,0.9987380382709867,0.0005716934290426729,0.0024937777752384723,0.8648916868292752,1.1494668586150505,1.0,0.21445783132530122,0.2713283201801965,0.8761261261261262,0.9373493975903614,0.9847576528687849,0.4583333333333333,0.980722891566265,0.9923553094677153,0.23085585585585586,0.9879518072289156,0.9942440427955149,2020-08,14,sliding180_weighted,20260717,lightgbm,beta,439719,0.005671804038488216,88759,0.004675582194481686,3.2123279571533203
0.9626824019603379,0.998524306407919,0.000636178650893271,0.002788200043141842,-0.8996712565422058,0.8034166693687439,1.0,0.21445783132530122,0.28932186503627194,0.8716216216216216,0.9325301204819277,0.9846123362152236,0.4560810810810811,0.9759036144578314,0.9921905949088498,0.22972972972972974,0.983132530120482,0.9924592439232948,2020-08,14,sliding180_weighted,20260717,xgboost,raw,439719,0.005671804038488216,88759,0.004675582194481686,3.496799945831299
0.9626824019603379,0.9985243064079191,0.0006217017653398216,0.002706930274143815,0.9174237251281738,1.18180513381958,1.0,0.21445783132530122,0.28932186503627194,0.8716216216216216,0.9325301204819277,0.9846123362152236,0.4560810810810811,0.9759036144578314,0.9921905949088498,0.22972972972972974,0.983132530120482,0.9924592439232948,2020-08,14,sliding180_weighted,20260717,xgboost,platt,439719,0.005671804038488216,88759,0.004675582194481686,3.496799945831299
0.9626824019603379,0.9985243064079191,0.0006185575621202588,0.002695701317861676,0.801660418510437,1.1517417430877686,1.0,0.21445783132530122,0.28932186503627194,0.8716216216216216,0.9325301204819277,0.9846123362152236,0.4560810810810811,0.9759036144578314,0.9921905949088498,0.22972972972972974,0.983132530120482,0.9924592439232948,2020-08,14,sliding180_weighted,20260717,xgboost,beta,439719,0.005671804038488216,88759,0.004675582194481686,3.496799945831299
0.5115293298216064,0.9171711704192482,0.0029349830001592636,0.015943855047225952,-0.13659517467021942,1.0252809524536133,0.8764044943820225,0.18795180722891566,0.28415560415302926,0.5202702702702703,0.5566265060240964,0.7434792743918964,0.30855855855855857,0.6602409638554216,0.8491987683240159,0.17004504504504506,0.727710843373494,0.9226924503304661,2020-08,14,sliding180_unweighted,20260716,logistic,raw,439719,0.005671804038488216,88759,0.004675582194481686,0.6746301651000977
0.5115293298216064,0.9171711704192482,0.003340591676533222,0.016711650416254997,1.89871346950531,1.3599961996078491,0.8764044943820225,0.18795180722891566,0.28415560415302926,0.5202702702702703,0.5566265060240964,0.7434792743918964,0.30855855855855857,0.6602409638554216,0.8491987683240159,0.17004504504504506,0.727710843373494,0.9226924503304661,2020-08,14,sliding180_unweighted,20260716,logistic,platt,439719,0.005671804038488216,88759,0.004675582194481686,0.6746301651000977
0.5326062967712679,0.9171780438788569,0.0030420103576034307,0.01595987379550934,0.3540923595428467,1.0418297052383423,0.8764044943820225,0.18795180722891566,0.2812947723411543,0.5202702702702703,0.5566265060240964,0.7434792743918964,0.30855855855855857,0.6602409638554216,0.8491987683240159,0.17004504504504506,0.727710843373494,0.9226924503304661,2020-08,14,sliding180_unweighted,20260716,logistic,beta,439719,0.005671804038488216,88759,0.004675582194481686,0.6746301651000977
0.9544958162580218,0.9989793730750222,0.0007753349543519727,0.003988220294917231,1.0116623373496054,0.7330207659289767,1.0,0.21445783132530122,0.25154547422202783,0.8558558558558559,0.9156626506024096,0.9739443983231973,0.4583333333333333,0.980722891566265,0.9972928666526205,0.22972972972972974,0.983132530120482,0.9985042538648411,2020-08,14,sliding180_unweighted,20260716,lightgbm,raw,439719,0.005671804038488216,88759,0.004675582194481686,2.719715118408203
0.954495816258022,0.9989793730750222,0.0007341072404602434,0.0031288901142805556,1.037995428683797,1.1717951334580217,1.0,0.21445783132530122,0.25154547422202783,0.8558558558558559,0.9156626506024096,0.9739443983231973,0.4583333333333333,0.980722891566265,0.9972928666526204,0.22972972972972974,0.983132530120482,0.998504253864841,2020-08,14,sliding180_unweighted,20260716,lightgbm,platt,439719,0.005671804038488216,88759,0.004675582194481686,2.719715118408203
0.954495816258022,0.9989793730750222,0.0007245498396341861,0.0031131444011879656,0.9861007972671928,1.1641006550620356,1.0,0.21445783132530122,0.25154547422202783,0.8558558558558559,0.9156626506024096,0.9739443983231973,0.4583333333333333,0.980722891566265,0.9972928666526204,0.22972972972972974,0.983132530120482,0.998504253864841,2020-08,14,sliding180_unweighted,20260716,lightgbm,beta,439719,0.005671804038488216,88759,0.004675582194481686,2.719715118408203
0.953863805537648,0.9980770678475923,0.0007631247863173485,0.00328580173663795,0.90406733751297,0.9397048950195312,1.0,0.21445783132530122,0.3311400608749375,0.8536036036036037,0.9132530120481928,0.9708122832134408,0.45495495495495497,0.9734939759036144,0.9916000843545454,0.23085585585585586,0.9879518072289156,0.9942440427955149,2020-08,14,sliding180_unweighted,20260716,xgboost,raw,439719,0.005671804038488216,88759,0.004675582194481686,2.910003900527954
0.9538638055376479,0.9980770678475924,0.0007584459963254631,0.0031573104206472635,0.9570407867431641,1.1860759258270264,1.0,0.21445783132530122,0.3311400608749375,0.8536036036036037,0.9132530120481928,0.9708122832134408,0.45495495495495497,0.9734939759036144,0.9916000843545454,0.23085585585585586,0.9879518072289156,0.9942440427955149,2020-08,14,sliding180_unweighted,20260716,xgboost,platt,439719,0.005671804038488216,88759,0.004675582194481686,2.910003900527954
0.953863805537648,0.9980770678475924,0.0007443575304932892,0.0031142542138695717,0.8367743492126465,1.157994031906128,1.0,0.21445783132530122,0.3311400608749375,0.8536036036036037,0.9132530120481928,0.9708122832134408,0.45495495495495497,0.9734939759036144,0.9916000843545454,0.23085585585585586,0.9879518072289156,0.9942440427955149,2020-08,14,sliding180_unweighted,20260716,xgboost,beta,439719,0.005671804038488216,88759,0.004675582194481686,2.910003900527954
0.5115293298216064,0.9171711704192482,0.0029349830001592636,0.015943855047225952,-0.13659517467021942,1.0252809524536133,0.8764044943820225,0.18795180722891566,0.28415560415302926,0.5202702702702703,0.5566265060240964,0.7434792743918964,0.30855855855855857,0.6602409638554216,0.8491987683240159,0.17004504504504506,0.727710843373494,0.9226924503304661,2020-08,14,sliding180_unweighted,20260717,logistic,raw,439719,0.005671804038488216,88759,0.004675582194481686,0.6638708114624023
0.5115293298216064,0.9171711704192482,0.003340591676533222,0.016711650416254997,1.89871346950531,1.3599961996078491,0.8764044943820225,0.18795180722891566,0.28415560415302926,0.5202702702702703,0.5566265060240964,0.7434792743918964,0.30855855855855857,0.6602409638554216,0.8491987683240159,0.17004504504504506,0.727710843373494,0.9226924503304661,2020-08,14,sliding180_unweighted,20260717,logistic,platt,439719,0.005671804038488216,88759,0.004675582194481686,0.6638708114624023
0.5326062967712679,0.9171780438788569,0.0030420103576034307,0.01595987379550934,0.3540923595428467,1.0418297052383423,0.8764044943820225,0.18795180722891566,0.2812947723411543,0.5202702702702703,0.5566265060240964,0.7434792743918964,0.30855855855855857,0.6602409638554216,0.8491987683240159,0.17004504504504506,0.727710843373494,0.9226924503304661,2020-08,14,sliding180_unweighted,20260717,logistic,beta,439719,0.005671804038488216,88759,0.004675582194481686,0.6638708114624023
0.9474729056404169,0.9988140009099152,0.0008627763033041799,0.004447179806321781,0.9623682051299806,0.7014590859908783,0.9887640449438202,0.21204819277108433,0.24974084637994137,0.8558558558558559,0.9156626506024096,0.9805616225231808,0.4527027027027027,0.9686746987951808,0.9915382505378847,0.23141891891891891,0.9903614457831326,0.9992930541178089,2020-08,14,sliding180_unweighted,20260717,lightgbm,raw,439719,0.005671804038488216,88759,0.004675582194481686,2.8100850582122803
0.9474729056404168,0.9988140009099152,0.0008037635859970224,0.0033851719888900052,0.9824101013532932,1.154422734611546,0.9887640449438202,0.21204819277108433,0.24974084637994137,0.8558558558558559,0.9156626506024096,0.9805616225231809,0.4527027027027027,0.9686746987951808,0.9915382505378847,0.23141891891891891,0.9903614457831326,0.999293054117809,2020-08,14,sliding180_unweighted,20260717,lightgbm,platt,439719,0.005671804038488216,88759,0.004675582194481686,2.8100850582122803
0.9474729056404168,0.9988140009099152,0.0007566240922765525,0.003216065247817224,0.5543822922329907,1.0901121915968497,0.9887640449438202,0.21204819277108433,0.24974084637994137,0.8558558558558559,0.9156626506024096,0.9805616225231809,0.4527027027027027,0.9686746987951808,0.9915382505378847,0.23141891891891891,0.9903614457831326,0.999293054117809,2020-08,14,sliding180_unweighted,20260717,lightgbm,beta,439719,0.005671804038488216,88759,0.004675582194481686,2.8100850582122803
0.954286943262615,0.9984395882906797,0.000743707234505564,0.0032249426003545523,0.8749579191207886,0.9418233036994934,1.0,0.21445783132530122,0.31989593335128796,0.8581081081081081,0.9180722891566265,0.9762020271242108,0.45495495495495497,0.9734939759036144,0.9920870915178324,0.22972972972972974,0.983132530120482,0.9929169386963449,2020-08,14,sliding180_unweighted,20260717,xgboost,raw,439719,0.005671804038488216,88759,0.004675582194481686,2.786829710006714
0.954286943262615,0.9984395882906797,0.0007382277981378138,0.003108319127932191,0.9597815871238708,1.1942857503890991,1.0,0.21445783132530122,0.31989593335128796,0.8581081081081081,0.9180722891566265,0.9762020271242108,0.45495495495495497,0.9734939759036144,0.9920870915178324,0.22972972972972974,0.983132530120482,0.9929169386963449,2020-08,14,sliding180_unweighted,20260717,xgboost,platt,439719,0.005671804038488216,88759,0.004675582194481686,2.786829710006714
0.954286943262615,0.9984395882906796,0.0007231842610053718,0.0030650109983980656,0.8319754600524902,1.1543734073638916,1.0,0.21445783132530122,0.31989593335128796,0.8581081081081081,0.9180722891566265,0.9762020271242108,0.45495495495495497,0.9734939759036144,0.9920870915178324,0.22972972972972974,0.983132530120482,0.9929169386963449,2020-08,14,sliding180_unweighted,20260717,xgboost,beta,439719,0.005671804038488216,88759,0.004675582194481686,2.786829710006714
0.3584057701294859,0.9680615016436297,0.03511622175574303,0.17924492061138153,-5.214872360229492,0.48131999373435974,0.3707865168539326,0.07951807228915662,0.11145054518411558,0.4572072072072072,0.4891566265060241,0.6485165655477013,0.3502252252252252,0.7493975903614458,0.8909067074268545,0.20157657657657657,0.8626506024096385,0.9636838643386181,2020-08,30,capped_weighted,20260716,logistic,raw,350000,0.02049142857142857,88759,0.004675582194481686,0.5034768581390381
0.3611710380979113,0.9680657566424349,0.00397088099271059,0.016685185953974724,1.2469407320022583,1.210039496421814,0.3707865168539326,0.07951807228915662,0.11145054518411557,0.4572072072072072,0.4891566265060241,0.6485165655477013,0.3502252252252252,0.7493975903614458,0.8909067074268545,0.20157657657657657,0.8626506024096385,0.9636838643386181,2020-08,30,capped_weighted,20260716,logistic,platt,350000,0.02049142857142857,88759,0.004675582194481686,0.5034768581390381
0.36117103809791123,0.9680657566424351,0.0035437392070889473,0.013996236957609653,0.6588228940963745,1.1770853996276855,0.3707865168539326,0.07951807228915662,0.11145054518411557,0.4572072072072072,0.4891566265060241,0.6485165655477013,0.3502252252252252,0.7493975903614458,0.8909067074268545,0.20157657657657657,0.8626506024096385,0.9636838643386181,2020-08,30,capped_weighted,20260716,logistic,beta,350000,0.02049142857142857,88759,0.004675582194481686,0.5034768581390381
0.9793751164191037,0.9997083689280348,0.001140811242499471,0.004329131941920988,-2.7685920756008553,1.0423867562976044,1.0,0.21445783132530122,0.32931723252910894,0.8918918918918919,0.9542168674698795,0.9833659369813305,0.4594594594594595,0.983132530120482,0.9897639409033474,0.23310810810810811,0.9975903614457832,0.994950988677706,2020-08,30,capped_weighted,20260716,lightgbm,raw,350000,0.02049142857142857,88759,0.004675582194481686,2.2113170623779297
0.9793751164191035,0.9997083689280349,0.0004424881112286656,0.0018651436791387729,0.7305329147989443,1.184920040323686,1.0,0.21445783132530122,0.32931723252910894,0.8918918918918919,0.9542168674698795,0.9833659369813305,0.4594594594594595,0.983132530120482,0.9897639409033474,0.23310810810810811,0.9975903614457832,0.994950988677706,2020-08,30,capped_weighted,20260716,lightgbm,platt,350000,0.02049142857142857,88759,0.004675582194481686,2.2113170623779297
0.9793751164191035,0.9997083689280349,0.000425747756952205,0.001803602864988599,0.5706529640107143,1.1802065502599464,1.0,0.21445783132530122,0.32931723252910894,0.8918918918918919,0.9542168674698795,0.9833659369813305,0.4594594594594595,0.983132530120482,0.9897639409033474,0.23310810810810811,0.9975903614457832,0.994950988677706,2020-08,30,capped_weighted,20260716,lightgbm,beta,350000,0.02049142857142857,88759,0.004675582194481686,2.2113170623779297
0.9785576489128872,0.9997908231677047,0.0007634240901097655,0.002984411781653762,-2.2730422019958496,0.9493257999420166,1.0,0.21445783132530122,0.293483697593266,0.8918918918918919,0.9542168674698795,0.985200547758529,0.4594594594594595,0.983132530120482,0.9897639409033476,0.23367117117117117,1.0,1.0,2020-08,30,capped_weighted,20260716,xgboost,raw,350000,0.02049142857142857,88759,0.004675582194481686,2.788419008255005
0.9785576489128873,0.9997908231677048,0.0004764460609294474,0.0019217386143282056,0.7179551720619202,1.2035939693450928,1.0,0.21445783132530122,0.293483697593266,0.8918918918918919,0.9542168674698795,0.985200547758529,0.4594594594594595,0.983132530120482,0.9897639409033476,0.23367117117117117,1.0,1.0,2020-08,30,capped_weighted,20260716,xgboost,platt,350000,0.02049142857142857,88759,0.004675582194481686,2.788419008255005
0.9785576489128873,0.9997908231677047,0.00047999536036513746,0.0019257661188021302,0.8014149069786072,1.1815392971038818,1.0,0.21445783132530122,0.293483697593266,0.8918918918918919,0.9542168674698795,0.985200547758529,0.4594594594594595,0.983132530120482,0.9897639409033476,0.23367117117117117,1.0,1.0,2020-08,30,capped_weighted,20260716,xgboost,beta,350000,0.02049142857142857,88759,0.004675582194481686,2.788419008255005
0.3596030645054005,0.9678546977914374,0.03519732877612114,0.17869970202445984,-5.196420192718506,0.48804160952568054,0.3707865168539326,0.07951807228915662,0.11145054518411557,0.45495495495495497,0.4867469879518072,0.6361577529619765,0.3502252252252252,0.7493975903614458,0.8909067074268543,0.20157657657657657,0.8626506024096385,0.9636838643386179,2020-08,30,capped_weighted,20260717,logistic,raw,350000,0.02049142857142857,88759,0.004675582194481686,0.47269296646118164
0.36072952155310356,0.967856266140356,0.0039868587628006935,0.016774982213974,1.2898668050765991,1.21750807762146,0.3707865168539326,0.07951807228915662,0.11145054518411558,0.45495495495495497,0.4867469879518072,0.6361577529619765,0.3502252252252252,0.7493975903614458,0.8909067074268543,0.20157657657657657,0.8626506024096385,0.9636838643386179,2020-08,30,capped_weighted,20260717,logistic,platt,350000,0.02049142857142857,88759,0.004675582194481686,0.47269296646118164
0.36072952155310356,0.967856266140356,0.003548686159774661,0.014025071635842323,0.666244626045227,1.178229808807373,0.3707865168539326,0.07951807228915662,0.11145054518411558,0.45495495495495497,0.4867469879518072,0.6361577529619765,0.3502252252252252,0.7493975903614458,0.8909067074268543,0.20157657657657657,0.8626506024096385,0.9636838643386179,2020-08,30,capped_weighted,20260717,logistic,beta,350000,0.02049142857142857,88759,0.004675582194481686,0.47269296646118164
0.9795708740254152,0.9997869227521332,0.0010851811838755328,0.004133206825238508,-2.7268621369231325,1.0230025757518668,1.0,0.21445783132530122,0.30460717493553074,0.8918918918918919,0.9542168674698795,0.9833159334921024,0.4605855855855856,0.9855421686746988,0.9941401083399355,0.23367117117117117,1.0,1.0,2020-08,30,capped_weighted,20260717,lightgbm,raw,350000,0.02049142857142857,88759,0.004675582194481686,2.135664939880371
0.9795708740254152,0.9997869227521332,0.00042977988205580294,0.0018010520150381815,0.535570290460254,1.1484662442906552,1.0,0.21445783132530122,0.30460717493553074,0.8918918918918919,0.9542168674698795,0.9833159334921024,0.4605855855855856,0.9855421686746988,0.9941401083399355,0.23367117117117117,1.0,1.0,2020-08,30,capped_weighted,20260717,lightgbm,platt,350000,0.02049142857142857,88759,0.004675582194481686,2.135664939880371
0.9795708740254152,0.9997869227521332,0.000424412958649808,0.0017776536044280256,0.4972299967349706,1.1425821252926291,1.0,0.21445783132530122,0.30460717493553074,0.8918918918918919,0.9542168674698795,0.9833159334921024,0.4605855855855856,0.9855421686746988,0.9941401083399355,0.23367117117117117,1.0,1.0,2020-08,30,capped_weighted,20260717,lightgbm,beta,350000,0.02049142857142857,88759,0.004675582194481686,2.135664939880371
0.9777554215914033,0.9997130057857073,0.0008233034750446677,0.003153680358082056,-2.4589040279388428,0.9472507238388062,1.0,0.21445783132530122,0.28809749799111944,0.8918918918918919,0.9542168674698795,0.9866474878060219,0.4605855855855856,0.9855421686746988,0.9941401083399355,0.23254504504504506,0.9951807228915662,0.9996444196321554,2020-08,30,capped_weighted,20260717,xgboost,raw,350000,0.02049142857142857,88759,0.004675582194481686,2.4375290870666504
0.9777554215914033,0.9997130057857073,0.0004444878431968391,0.0018974201520904899,0.4916653335094452,1.1832175254821777,1.0,0.21445783132530122,0.28809749799111944,0.8918918918918919,0.9542168674698795,0.9866474878060219,0.4605855855855856,0.9855421686746988,0.9941401083399355,0.23254504504504506,0.9951807228915662,0.9996444196321554,2020-08,30,capped_weighted,20260717,xgboost,platt,350000,0.02049142857142857,88759,0.004675582194481686,2.4375290870666504
0.9777554215914033,0.9997130057857074,0.00044204219011589885,0.001888737198896706,0.5876520276069641,1.1626064777374268,1.0,0.21445783132530122,0.28809749799111944,0.8918918918918919,0.9542168674698795,0.9866474878060219,0.4605855855855856,0.9855421686746988,0.9941401083399355,0.23254504504504506,0.9951807228915662,0.9996444196321554,2020-08,30,capped_weighted,20260717,xgboost,beta,350000,0.02049142857142857,88759,0.004675582194481686,2.4375290870666504
0.3610749137121406,0.968188265149705,0.050700679421424866,0.22953636944293976,-5.4256157875061035,0.47583189606666565,0.3595505617977528,0.07710843373493977,0.10395093182507993,0.45495495495495497,0.4867469879518072,0.6587572226663518,0.34684684684684686,0.7421686746987952,0.8970215498274953,0.20326576576576577,0.8698795180722891,0.9682038636508306,2020-08,30,sliding180_weighted,20260716,logistic,raw,439719,0.005671804038488216,88759,0.004675582194481686,0.729093074798584
0.3622745173213828,0.9681901744440409,0.003905787831172347,0.0163608118891716,1.0787838697433472,1.1910851001739502,0.38202247191011235,0.0819277108433735,0.11235008113353505,0.45495495495495497,0.4867469879518072,0.6587572226663518,0.34684684684684686,0.7421686746987952,0.8970215498274953,0.20326576576576577,0.8698795180722891,0.9682038636508306,2020-08,30,sliding180_weighted,20260716,logistic,platt,439719,0.005671804038488216,88759,0.004675582194481686,0.729093074798584
0.3622745173213828,0.968190160806224,0.0035503683611750603,0.014188634231686592,0.7134298086166382,1.2162816524505615,0.38202247191011235,0.0819277108433735,0.11235008113353505,0.45495495495495497,0.4867469879518072,0.6587572226663518,0.34684684684684686,0.7421686746987952,0.8970215498274953,0.20326576576576577,0.8698795180722891,0.9682038636508306,2020-08,30,sliding180_weighted,20260716,logistic,beta,439719,0.005671804038488216,88759,0.004675582194481686,0.729093074798584
0.9681811378663171,0.9989607983686989,0.0006538103490282142,0.0027082238198015748,-1.178254147912793,0.8344626702999522,1.0,0.21445783132530122,0.2896387453856335,0.8783783783783784,0.9397590361445783,0.9848928634531635,0.4583333333333333,0.980722891566265,0.9923553094677153,0.23085585585585586,0.9879518072289156,0.994244042795515,2020-08,30,sliding180_weighted,20260716,lightgbm,raw,439719,0.005671804038488216,88759,0.004675582194481686,3.0967857837677
0.9681811378663171,0.9989607983686989,0.0005814252731824295,0.0024596449974721665,0.7554591059767601,1.1915259633269963,1.0,0.21445783132530122,0.2896387453856335,0.8783783783783784,0.9397590361445783,0.9848928634531635,0.4583333333333333,0.980722891566265,0.9923553094677153,0.23085585585585586,0.9879518072289156,0.994244042795515,2020-08,30,sliding180_weighted,20260716,lightgbm,platt,439719,0.005671804038488216,88759,0.004675582194481686,3.0967857837677
0.9681811378663171,0.9989607983686989,0.0005878024113512066,0.002469695755525987,0.8861358676501216,1.1666654794251077,1.0,0.21445783132530122,0.2896387453856335,0.8783783783783784,0.9397590361445783,0.9848928634531635,0.4583333333333333,0.980722891566265,0.9923553094677153,0.23085585585585586,0.9879518072289156,0.994244042795515,2020-08,30,sliding180_weighted,20260716,lightgbm,beta,439719,0.005671804038488216,88759,0.004675582194481686,3.0967857837677
0.9640422702042943,0.9984070757357056,0.0006243825773708522,0.0027266342658549547,-0.8792567253112793,0.8123828172683716,1.0,0.21445783132530122,0.28825081328711494,0.8716216216216216,0.9325301204819277,0.9802634695342487,0.4572072072072072,0.9783132530120482,0.992239592580766,0.23085585585585586,0.9879518072289156,0.9987196424578095,2020-08,30,sliding180_weighted,20260716,xgboost,raw,439719,0.005671804038488216,88759,0.004675582194481686,3.1722240447998047
0.9640422702042941,0.9984070757357056,0.0006142898928374052,0.0026463589165359735,0.861661434173584,1.1753408908843994,1.0,0.21445783132530122,0.28825081328711494,0.8716216216216216,0.9325301204819277,0.9802634695342487,0.4572072072072072,0.9783132530120482,0.992239592580766,0.23085585585585586,0.9879518072289156,0.9987196424578095,2020-08,30,sliding180_weighted,20260716,xgboost,platt,439719,0.005671804038488216,88759,0.004675582194481686,3.1722240447998047
0.9640422702042942,0.9984070757357055,0.0006126271327957511,0.002638958627358079,0.7717123627662659,1.162382960319519,1.0,0.21445783132530122,0.28825081328711494,0.8716216216216216,0.9325301204819277,0.9802634695342487,0.4572072072072072,0.9783132530120482,0.992239592580766,0.23085585585585586,0.9879518072289156,0.9987196424578095,2020-08,30,sliding180_weighted,20260716,xgboost,beta,439719,0.005671804038488216,88759,0.004675582194481686,3.1722240447998047
0.3610749137121406,0.968188265149705,0.050700679421424866,0.22953636944293976,-5.4256157875061035,0.47583189606666565,0.3595505617977528,0.07710843373493977,0.10395093182507993,0.45495495495495497,0.4867469879518072,0.6587572226663518,0.34684684684684686,0.7421686746987952,0.8970215498274953,0.20326576576576577,0.8698795180722891,0.9682038636508306,2020-08,30,sliding180_weighted,20260717,logistic,raw,439719,0.005671804038488216,88759,0.004675582194481686,0.7464480400085449
0.3622745173213828,0.9681901744440409,0.003905787831172347,0.0163608118891716,1.0787838697433472,1.1910851001739502,0.38202247191011235,0.0819277108433735,0.11235008113353505,0.45495495495495497,0.4867469879518072,0.6587572226663518,0.34684684684684686,0.7421686746987952,0.8970215498274953,0.20326576576576577,0.8698795180722891,0.9682038636508306,2020-08,30,sliding180_weighted,20260717,logistic,platt,439719,0.005671804038488216,88759,0.004675582194481686,0.7464480400085449
0.3622745173213828,0.968190160806224,0.0035503683611750603,0.014188634231686592,0.7134298086166382,1.2162816524505615,0.38202247191011235,0.0819277108433735,0.11235008113353505,0.45495495495495497,0.4867469879518072,0.6587572226663518,0.34684684684684686,0.7421686746987952,0.8970215498274953,0.20326576576576577,0.8698795180722891,0.9682038636508306,2020-08,30,sliding180_weighted,20260717,logistic,beta,439719,0.005671804038488216,88759,0.004675582194481686,0.7464480400085449
0.9663645840236406,0.9987850341872789,0.0006490374979970651,0.0027426281777252147,-1.0382330901470744,0.8269061683988456,1.0,0.21445783132530122,0.2760605469452538,0.8738738738738738,0.9349397590361446,0.9805677053231158,0.4572072072072072,0.9783132530120482,0.9879791420311275,0.23085585585585586,0.9879518072289156,0.9942440427955149,2020-08,30,sliding180_weighted,20260717,lightgbm,raw,439719,0.005671804038488216,88759,0.004675582194481686,2.7729239463806152
0.9663645840236407,0.9987850341872789,0.0005736111026847161,0.002493804858199045,0.6976583922109301,1.1628361140416248,1.0,0.21445783132530122,0.2760605469452538,0.8738738738738738,0.9349397590361446,0.9805677053231158,0.4572072072072072,0.9783132530120482,0.9879791420311275,0.23085585585585586,0.9879518072289156,0.9942440427955149,2020-08,30,sliding180_weighted,20260717,lightgbm,platt,439719,0.005671804038488216,88759,0.004675582194481686,2.7729239463806152
0.9663645840236407,0.9987850341872789,0.0005769647913562778,0.002496804111197283,0.8011082636260829,1.1411307954078473,1.0,0.21445783132530122,0.2760605469452538,0.8738738738738738,0.9349397590361446,0.9805677053231158,0.4572072072072072,0.9783132530120482,0.9879791420311275,0.23085585585585586,0.9879518072289156,0.9942440427955149,2020-08,30,sliding180_weighted,20260717,lightgbm,beta,439719,0.005671804038488216,88759,0.004675582194481686,2.7729239463806152
0.96352496226676,0.9981590311258617,0.0006183069199323654,0.0027040131390094757,-0.8225245475769043,0.8120482563972473,1.0,0.21445783132530122,0.28703291221039706,0.8648648648648649,0.9253012048192771,0.9800844340527017,0.4560810810810811,0.9759036144578314,0.9921905949088498,0.2302927927927928,0.9855421686746988,0.9936706311355157,2020-08,30,sliding180_weighted,20260717,xgboost,raw,439719,0.005671804038488216,88759,0.004675582194481686,3.1374800205230713
0.9635249622667599,0.9981590311258618,0.0006083543412387371,0.002659763675183058,0.9103600978851318,1.1841028928756714,1.0,0.21445783132530122,0.28703291221039706,0.8648648648648649,0.9253012048192771,0.9800844340527017,0.4560810810810811,0.9759036144578314,0.9921905949088498,0.2302927927927928,0.9855421686746988,0.9936706311355157,2020-08,30,sliding180_weighted,20260717,xgboost,platt,439719,0.005671804038488216,88759,0.004675582194481686,3.1374800205230713
0.9635249622667599,0.9981590311258619,0.0006064226035960019,0.002648585708811879,0.857262909412384,1.1631412506103516,1.0,0.21445783132530122,0.28703291221039706,0.8648648648648649,0.9253012048192771,0.9800844340527017,0.4560810810810811,0.9759036144578314,0.9921905949088498,0.2302927927927928,0.9855421686746988,0.9936706311355157,2020-08,30,sliding180_weighted,20260717,xgboost,beta,439719,0.005671804038488216,88759,0.004675582194481686,3.1374800205230713
0.5116185170592618,0.9171038950695474,0.0029315187130123377,0.0159342959523201,-0.13653849065303802,1.0205848217010498,0.8651685393258427,0.1855421686746988,0.2804372891345914,0.5225225225225225,0.5590361445783133,0.7501050719870636,0.30855855855855857,0.6602409638554216,0.8491987683240159,0.17060810810810811,0.7301204819277108,0.9267806187433674,2020-08,30,sliding180_unweighted,20260716,logistic,raw,439719,0.005671804038488216,88759,0.004675582194481686,0.6264958381652832
0.511618516475043,0.9171038814317307,0.003350788727402687,0.01673796959221363,1.942746877670288,1.367700219154358,0.8651685393258427,0.1855421686746988,0.2804372891345914,0.5225225225225225,0.5590361445783133,0.7501050719870636,0.30855855855855857,0.6602409638554216,0.8491987683240159,0.17060810810810811,0.7301204819277108,0.9267806187433674,2020-08,30,sliding180_unweighted,20260716,logistic,platt,439719,0.005671804038488216,88759,0.004675582194481686,0.6264958381652832
0.533108329835227,0.9171108503560562,0.0030437768436968327,0.015961285680532455,0.35468658804893494,1.0419572591781616,0.8764044943820225,0.18795180722891566,0.2812947723411543,0.5225225225225225,0.5590361445783133,0.7501050719870636,0.30855855855855857,0.6602409638554216,0.8491987683240159,0.17060810810810811,0.7301204819277108,0.9267806187433674,2020-08,30,sliding180_unweighted,20260716,logistic,beta,439719,0.005671804038488216,88759,0.004675582194481686,0.6264958381652832
0.9545564142097978,0.9985541186751897,0.0007956327850942506,0.004052822384394899,1.0167042086476517,0.7201445722188248,1.0,0.21445783132530122,0.24693183810766872,0.8603603603603603,0.9204819277108434,0.9724239378197991,0.4560810810810811,0.9759036144578314,0.9921938039450358,0.2302927927927928,0.9855421686746988,0.9986157080022299,2020-08,30,sliding180_unweighted,20260716,lightgbm,raw,439719,0.005671804038488216,88759,0.004675582194481686,2.773284912109375
0.954556414209798,0.9985541186751897,0.0007432350072479777,0.003138333800647086,1.0523106098452724,1.1711923722167117,1.0,0.21445783132530122,0.24693183810766872,0.8603603603603603,0.9204819277108434,0.9724239378197991,0.4560810810810811,0.9759036144578314,0.992193803945036,0.2302927927927928,0.9855421686746988,0.99861570800223,2020-08,30,sliding180_unweighted,20260716,lightgbm,platt,439719,0.005671804038488216,88759,0.004675582194481686,2.773284912109375
0.954556414209798,0.9985541186751897,0.0007291101118409365,0.0031041964701976335,0.9616128353346574,1.163639626728882,1.0,0.21445783132530122,0.24693183810766872,0.8603603603603603,0.9204819277108434,0.9724239378197991,0.4560810810810811,0.9759036144578314,0.992193803945036,0.2302927927927928,0.9855421686746988,0.99861570800223,2020-08,30,sliding180_unweighted,20260716,lightgbm,beta,439719,0.005671804038488216,88759,0.004675582194481686,2.773284912109375
0.9566514407376433,0.9988612423069076,0.0007433330174535513,0.00314229354262352,0.9562386274337769,0.9482133388519287,1.0,0.21445783132530122,0.3358207993728298,0.8603603603603603,0.9204819277108434,0.9796391922558965,0.4572072072072072,0.9783132530120482,0.99277928541278,0.23085585585585586,0.9879518072289156,0.9942440427955149,2020-08,30,sliding180_unweighted,20260716,xgboost,raw,439719,0.005671804038488216,88759,0.004675582194481686,2.8172519207000732
0.9566514407376434,0.9988612423069075,0.0007359888986684382,0.003032329957932234,1.0708609819412231,1.2328122854232788,1.0,0.21445783132530122,0.3358207993728298,0.8603603603603603,0.9204819277108434,0.9796391922558965,0.4572072072072072,0.9783132530120482,0.99277928541278,0.23085585585585586,0.9879518072289156,0.9942440427955149,2020-08,30,sliding180_unweighted,20260716,xgboost,platt,439719,0.005671804038488216,88759,0.004675582194481686,2.8172519207000732
0.9566514407376434,0.9988612423069076,0.0007238656398840249,0.002996845869347453,0.9272804260253906,1.2073363065719604,1.0,0.21445783132530122,0.3358207993728298,0.8603603603603603,0.9204819277108434,0.9796391922558965,0.4572072072072072,0.9783132530120482,0.99277928541278,0.23085585585585586,0.9879518072289156,0.9942440427955149,2020-08,30,sliding180_unweighted,20260716,xgboost,beta,439719,0.005671804038488216,88759,0.004675582194481686,2.8172519207000732
0.5116185170592618,0.9171038950695474,0.0029315187130123377,0.0159342959523201,-0.13653849065303802,1.0205848217010498,0.8651685393258427,0.1855421686746988,0.2804372891345914,0.5225225225225225,0.5590361445783133,0.7501050719870636,0.30855855855855857,0.6602409638554216,0.8491987683240159,0.17060810810810811,0.7301204819277108,0.9267806187433674,2020-08,30,sliding180_unweighted,20260717,logistic,raw,439719,0.005671804038488216,88759,0.004675582194481686,0.756356954574585
0.511618516475043,0.9171038814317307,0.003350788727402687,0.01673796959221363,1.942746877670288,1.367700219154358,0.8651685393258427,0.1855421686746988,0.2804372891345914,0.5225225225225225,0.5590361445783133,0.7501050719870636,0.30855855855855857,0.6602409638554216,0.8491987683240159,0.17060810810810811,0.7301204819277108,0.9267806187433674,2020-08,30,sliding180_unweighted,20260717,logistic,platt,439719,0.005671804038488216,88759,0.004675582194481686,0.756356954574585
0.533108329835227,0.9171108503560562,0.0030437768436968327,0.015961285680532455,0.35468658804893494,1.0419572591781616,0.8764044943820225,0.18795180722891566,0.2812947723411543,0.5225225225225225,0.5590361445783133,0.7501050719870636,0.30855855855855857,0.6602409638554216,0.8491987683240159,0.17060810810810811,0.7301204819277108,0.9267806187433674,2020-08,30,sliding180_unweighted,20260717,logistic,beta,439719,0.005671804038488216,88759,0.004675582194481686,0.756356954574585
0.9512146312887341,0.9988741982327571,0.0008655634279290334,0.004303401529598288,0.8426840385577358,0.6936640245822385,1.0,0.21445783132530122,0.27006645051812284,0.8513513513513513,0.9108433734939759,0.9808754854206062,0.45495495495495497,0.9734939759036144,0.9927493024776682,0.23085585585585586,0.9879518072289156,0.9942440427955149,2020-08,30,sliding180_unweighted,20260717,lightgbm,raw,439719,0.005671804038488216,88759,0.004675582194481686,2.5853781700134277
0.951214631288734,0.9988741982327571,0.0008022233367577871,0.0033051288852525397,0.9361383210802575,1.1630634296194846,1.0,0.21445783132530122,0.27006645051812284,0.8513513513513513,0.9108433734939759,0.9808754854206063,0.45495495495495497,0.9734939759036144,0.9927493024776681,0.23085585585585586,0.9879518072289156,0.994244042795515,2020-08,30,sliding180_unweighted,20260717,lightgbm,platt,439719,0.005671804038488216,88759,0.004675582194481686,2.5853781700134277
0.951214631288734,0.9988741982327571,0.0007830058606519287,0.003264956967321526,0.7910962181811155,1.1319612556732583,1.0,0.21445783132530122,0.27006645051812284,0.8513513513513513,0.9108433734939759,0.9808754854206063,0.45495495495495497,0.9734939759036144,0.9927493024776681,0.23085585585585586,0.9879518072289156,0.994244042795515,2020-08,30,sliding180_unweighted,20260717,lightgbm,beta,439719,0.005671804038488216,88759,0.004675582194481686,2.5853781700134277
0.952236474793976,0.9985288887143249,0.0007748944335617125,0.0033319462090730667,0.8705303072929382,0.9328601956367493,1.0,0.21445783132530122,0.33033727497172577,0.8603603603603603,0.9204819277108434,0.9762322016435726,0.4560810810810811,0.9759036144578314,0.9921391545377473,0.2302927927927928,0.9855421686746988,0.9930326555832943,2020-08,30,sliding180_unweighted,20260717,xgboost,raw,439719,0.005671804038488216,88759,0.004675582194481686,2.6341700553894043
0.9522364747939761,0.9985288887143248,0.0007627726881764829,0.0031902212649583817,0.9668562412261963,1.2032798528671265,1.0,0.21445783132530122,0.33033727497172577,0.8603603603603603,0.9204819277108434,0.9762322016435726,0.4560810810810811,0.9759036144578314,0.9921391545377473,0.2302927927927928,0.9855421686746988,0.9930326555832943,2020-08,30,sliding180_unweighted,20260717,xgboost,platt,439719,0.005671804038488216,88759,0.004675582194481686,2.6341700553894043
0.9522364747939761,0.9985288887143249,0.0007497911574319005,0.0031475278083235025,0.8091170191764832,1.1595298051834106,1.0,0.21445783132530122,0.33033727497172577,0.8603603603603603,0.9204819277108434,0.9762322016435726,0.4560810810810811,0.9759036144578314,0.9921391545377473,0.2302927927927928,0.9855421686746988,0.9930326555832943,2020-08,30,sliding180_unweighted,20260717,xgboost,beta,439719,0.005671804038488216,88759,0.004675582194481686,2.6341700553894043
0.3813035114527936,0.9697865561035159,0.040423884987831116,0.2058459371328354,-5.395994186401367,0.4388110935688019,0.32857142857142857,0.06764705882352941,0.09822231257972643,0.47701149425287354,0.48823529411764705,0.619806543618756,0.3764367816091954,0.7705882352941177,0.8898893883054049,0.2092020129403307,0.8558823529411764,0.9583998578398656,2020-09,0,capped_weighted,20260716,logistic,raw,350000,0.021825714285714285,69533,0.004889764572217508,0.5845551490783691
0.38528177583546974,0.9697962901721613,0.004077037330716848,0.01659173145890236,-0.6506323218345642,0.9098947048187256,0.38571428571428573,0.07941176470588235,0.118354034679357,0.47701149425287354,0.48823529411764705,0.619806543618756,0.3764367816091954,0.7705882352941177,0.8898893883054049,0.2092020129403307,0.8558823529411764,0.9583998578398656,2020-09,0,capped_weighted,20260716,logistic,platt,350000,0.021825714285714285,69533,0.004889764572217508,0.5845551490783691
0.38528177583546974,0.9697962901721613,0.0034624082036316395,0.013812942430377007,-0.11009304225444794,1.0154807567596436,0.38571428571428573,0.07941176470588235,0.118354034679357,0.47701149425287354,0.48823529411764705,0.619806543618756,0.3764367816091954,0.7705882352941177,0.8898893883054049,0.2092020129403307,0.8558823529411764,0.9583998578398656,2020-09,0,capped_weighted,20260716,logistic,beta,350000,0.021825714285714285,69533,0.004889764572217508,0.5845551490783691
0.9760183697249504,0.9996455778848762,0.0015155719854779042,0.005887726895275087,-3.08257142974476,0.9630371226147453,1.0,0.20588235294117646,0.29727279575694227,0.9195402298850575,0.9411764705882353,0.9633610077582748,0.47988505747126436,0.9823529411764705,0.9962542856845447,0.24299065420560748,0.9941176470588236,0.9970029746771341,2020-09,0,capped_weighted,20260716,lightgbm,raw,350000,0.021825714285714285,69533,0.004889764572217508,2.378551959991455
0.9760183697249504,0.9996455778848762,0.000502531400309004,0.00203168770166648,-0.08335605371891097,0.9912660130124511,1.0,0.20588235294117646,0.29727279575694227,0.9195402298850575,0.9411764705882353,0.9633610077582748,0.47988505747126436,0.9823529411764705,0.9962542856845447,0.24299065420560748,0.9941176470588236,0.9970029746771341,2020-09,0,capped_weighted,20260716,lightgbm,platt,350000,0.021825714285714285,69533,0.004889764572217508,2.378551959991455
0.9760183697249504,0.9996455778848762,0.000499199519324721,0.002033748200394415,-0.10033888468341876,0.9249352158026405,1.0,0.20588235294117646,0.29727279575694227,0.9195402298850575,0.9411764705882353,0.9633610077582748,0.47988505747126436,0.9823529411764705,0.9962542856845447,0.24299065420560748,0.9941176470588236,0.9970029746771341,2020-09,0,capped_weighted,20260716,lightgbm,beta,350000,0.021825714285714285,69533,0.004889764572217508,2.378551959991455
0.971519857045987,0.9989433647232252,0.0011863656109198928,0.004580928478389978,-2.5890870094299316,0.8540828227996826,1.0,0.20588235294117646,0.2653742342353632,0.9109195402298851,0.9323529411764706,0.9582996609932689,0.47988505747126436,0.9823529411764705,0.9917002378725434,0.24227174694464415,0.9911764705882353,0.9969931572608501,2020-09,0,capped_weighted,20260716,xgboost,raw,350000,0.021825714285714285,69533,0.004889764572217508,3.3590898513793945
0.9715198570459868,0.9989433647232252,0.0005320789059624076,0.0022699800319969654,-0.10581184178590775,0.906001091003418,1.0,0.20588235294117646,0.2653742342353632,0.9109195402298851,0.9323529411764706,0.9582996609932689,0.47988505747126436,0.9823529411764705,0.9917002378725434,0.24227174694464415,0.9911764705882353,0.9969931572608501,2020-09,0,capped_weighted,20260716,xgboost,platt,350000,0.021825714285714285,69533,0.004889764572217508,3.3590898513793945
0.971519857045987,0.9989433647232251,0.0005363371456041932,0.0022878944873809814,-0.11459347605705261,0.893040657043457,1.0,0.20588235294117646,0.2653742342353632,0.9109195402298851,0.9323529411764706,0.9582996609932689,0.47988505747126436,0.9823529411764705,0.9917002378725434,0.24227174694464415,0.9911764705882353,0.9969931572608501,2020-09,0,capped_weighted,20260716,xgboost,beta,350000,0.021825714285714285,69533,0.004889764572217508,3.3590898513793945
0.37990306683045355,0.9698511877689089,0.04042866826057434,0.20485909283161163,-5.375143527984619,0.44176673889160156,0.38571428571428573,0.07941176470588235,0.12005673973274626,0.47988505747126436,0.49117647058823527,0.6214739750407732,0.3764367816091954,0.7705882352941177,0.8851420015264851,0.2092020129403307,0.8558823529411764,0.9583998578398655,2020-09,0,capped_weighted,20260717,logistic,raw,350000,0.021825714285714285,69533,0.004889764572217508,0.5113320350646973
0.38397673368037116,0.9698612831457789,0.004075216129422188,0.01667143777012825,-0.6678474545478821,0.904845118522644,0.38571428571428573,0.07941176470588235,0.12110991663138893,0.47988505747126436,0.49117647058823527,0.6214739750407732,0.3764367816091954,0.7705882352941177,0.8851420015264851,0.2092020129403307,0.8558823529411764,0.9583998578398655,2020-09,0,capped_weighted,20260717,logistic,platt,350000,0.021825714285714285,69533,0.004889764572217508,0.5113320350646973
0.3839767336803711,0.9698612831457789,0.0034651090390980244,0.0138365114107728,-0.10960900783538818,1.0134752988815308,0.38571428571428573,0.07941176470588235,0.12110991663138893,0.47988505747126436,0.49117647058823527,0.6214739750407732,0.3764367816091954,0.7705882352941177,0.8851420015264851,0.2092020129403307,0.8558823529411764,0.9583998578398655,2020-09,0,capped_weighted,20260717,logistic,beta,350000,0.021825714285714285,69533,0.004889764572217508,0.5113320350646973
0.9750831509884619,0.9993222282770868,0.0015771829521238538,0.005920051906261469,-3.096678951765905,0.9701800736152961,1.0,0.20588235294117646,0.28526441829415833,0.9137931034482759,0.9352941176470588,0.9501553001788497,0.47844827586206895,0.9794117647058823,0.9916148411509978,0.24299065420560748,0.9941176470588236,0.9970029746771341,2020-09,0,capped_weighted,20260717,lightgbm,raw,350000,0.021825714285714285,69533,0.004889764572217508,2.9337239265441895
0.9750831509884619,0.9993222282770867,0.0004905650899879964,0.002085946453610356,-0.43340603357779894,0.9301491665335859,1.0,0.20588235294117646,0.28526441829415833,0.9137931034482759,0.9352941176470588,0.9501553001788497,0.47844827586206895,0.9794117647058823,0.9916148411509978,0.24299065420560748,0.9941176470588236,0.9970029746771341,2020-09,0,capped_weighted,20260717,lightgbm,platt,350000,0.021825714285714285,69533,0.004889764572217508,2.9337239265441895
0.9750831509884619,0.9993222282770867,0.0004804518586279235,0.002061435679934141,-0.18763840125052578,0.9193429758300147,1.0,0.20588235294117646,0.28526441829415833,0.9137931034482759,0.9352941176470588,0.9501553001788497,0.47844827586206895,0.9794117647058823,0.9916148411509978,0.24299065420560748,0.9941176470588236,0.9970029746771341,2020-09,0,capped_weighted,20260717,lightgbm,beta,350000,0.021825714285714285,69533,0.004889764572217508,2.9337239265441895
0.9747534782284208,0.9988407956942262,0.0010767285712063313,0.004099854733794928,-2.532344102859497,0.9028132557868958,1.0,0.20588235294117646,0.2724836716387029,0.9166666666666666,0.9382352941176471,0.9561603029171195,0.4813218390804598,0.9852941176470589,0.9963593172386579,0.24299065420560748,0.9941176470588236,0.9970029746771341,2020-09,0,capped_weighted,20260717,xgboost,raw,350000,0.021825714285714285,69533,0.004889764572217508,3.404935836791992
0.9747534782284208,0.9988407956942262,0.0004866248636972159,0.0020929656457155943,-0.0900949239730835,0.9110116958618164,1.0,0.20588235294117646,0.2724836716387029,0.9166666666666666,0.9382352941176471,0.9561603029171195,0.4813218390804598,0.9852941176470589,0.9963593172386579,0.24299065420560748,0.9941176470588236,0.9970029746771341,2020-09,0,capped_weighted,20260717,xgboost,platt,350000,0.021825714285714285,69533,0.004889764572217508,3.404935836791992
0.9747534782284208,0.9988407956942261,0.00048824443365447223,0.002078395336866379,-0.10391495376825333,0.9587757587432861,1.0,0.20588235294117646,0.2724836716387029,0.9166666666666666,0.9382352941176471,0.9561603029171195,0.4813218390804598,0.9852941176470589,0.9963593172386579,0.24299065420560748,0.9941176470588236,0.9970029746771341,2020-09,0,capped_weighted,20260717,xgboost,beta,350000,0.021825714285714285,69533,0.004889764572217508,3.404935836791992
0.38423044695041314,0.9672856443315839,0.04153100401163101,0.2059193104505539,-5.4198198318481445,0.42694276571273804,0.44285714285714284,0.09117647058823529,0.13587447204870584,0.4827586206896552,0.49411764705882355,0.6260227441415062,0.3706896551724138,0.7588235294117647,0.8685372478940532,0.21279654924514738,0.8705882352941177,0.9636511395430285,2020-09,0,sliding180_weighted,20260716,logistic,raw,399254,0.006043771634097592,69533,0.004889764572217508,0.5546543598175049
0.3827661343405897,0.9672819249822109,0.004016774706542492,0.016258906573057175,-0.5560978055000305,0.9313083291053772,0.4714285714285714,0.09705882352941177,0.14570930314647207,0.4827586206896552,0.49411764705882355,0.6260227441415062,0.3706896551724138,0.7588235294117647,0.8685372478940532,0.21279654924514738,0.8705882352941177,0.9636511395430285,2020-09,0,sliding180_weighted,20260716,logistic,platt,399254,0.006043771634097592,69533,0.004889764572217508,0.5546543598175049
0.3827661343405897,0.9672819249822109,0.003493048483505845,0.014046888798475266,-0.11378705501556396,1.0214512348175049,0.4714285714285714,0.09705882352941177,0.14570930314647207,0.4827586206896552,0.49411764705882355,0.6260227441415062,0.3706896551724138,0.7588235294117647,0.8685372478940532,0.21279654924514738,0.8705882352941177,0.9636511395430285,2020-09,0,sliding180_weighted,20260716,logistic,beta,399254,0.006043771634097592,69533,0.004889764572217508,0.5546543598175049
0.9692924525825235,0.9995254535268359,0.0007475066512199537,0.002940535091018956,-1.5397489737879069,0.8340114642956123,1.0,0.20588235294117646,0.265569645219789,0.9109195402298851,0.9323529411764706,0.962781582862521,0.47988505747126436,0.9823529411764705,0.9963074674672285,0.24227174694464415,0.9911764705882353,0.9993998549291743,2020-09,0,sliding180_weighted,20260716,lightgbm,raw,399254,0.006043771634097592,69533,0.004889764572217508,2.9249908924102783
0.9692924525825236,0.9995254535268359,0.000539037582919731,0.0023052342110681983,-0.09630973868415872,0.9635613014454991,1.0,0.20588235294117646,0.265569645219789,0.9109195402298851,0.9323529411764706,0.962781582862521,0.47988505747126436,0.9823529411764705,0.9963074674672285,0.24227174694464415,0.9911764705882353,0.9993998549291743,2020-09,0,sliding180_weighted,20260716,lightgbm,platt,399254,0.006043771634097592,69533,0.004889764572217508,2.9249908924102783
0.9692924525825236,0.9995254535268359,0.0005406464640489841,0.002310029868374799,-0.09025961030591242,0.9866442766148608,1.0,0.20588235294117646,0.265569645219789,0.9109195402298851,0.9323529411764706,0.962781582862521,0.47988505747126436,0.9823529411764705,0.9963074674672285,0.24227174694464415,0.9911764705882353,0.9993998549291743,2020-09,0,sliding180_weighted,20260716,lightgbm,beta,399254,0.006043771634097592,69533,0.004889764572217508,2.9249908924102783
0.9643285335929326,0.9992989345232985,0.0006841482245363295,0.0028441594913601875,-1.0296719074249268,0.8190813064575195,1.0,0.20588235294117646,0.27208964297609006,0.9022988505747126,0.9235294117647059,0.9609062096835345,0.47988505747126436,0.9823529411764705,0.9912609208272738,0.2415528396836808,0.9882352941176471,0.9964447139602033,2020-09,0,sliding180_weighted,20260716,xgboost,raw,399254,0.006043771634097592,69533,0.004889764572217508,2.7144787311553955
0.9643285335929326,0.9992989345232983,0.0006155151058919728,0.0025967424735426903,-0.10702480375766754,0.9718433022499084,1.0,0.20588235294117646,0.27208964297609006,0.9022988505747126,0.9235294117647059,0.9609062096835345,0.47988505747126436,0.9823529411764705,0.9912609208272738,0.2415528396836808,0.9882352941176471,0.9964447139602033,2020-09,0,sliding180_weighted,20260716,xgboost,platt,399254,0.006043771634097592,69533,0.004889764572217508,2.7144787311553955
0.9643285335929326,0.9992989345232984,0.0006269949371926486,0.0026115200016647577,-0.39657410979270935,0.9216752648353577,1.0,0.20588235294117646,0.27208964297609006,0.9022988505747126,0.9235294117647059,0.9609062096835345,0.47988505747126436,0.9823529411764705,0.9912609208272738,0.2415528396836808,0.9882352941176471,0.9964447139602033,2020-09,0,sliding180_weighted,20260716,xgboost,beta,399254,0.006043771634097592,69533,0.004889764572217508,2.7144787311553955
0.38423044695041314,0.9672856443315839,0.04153100401163101,0.2059193104505539,-5.4198198318481445,0.42694276571273804,0.44285714285714284,0.09117647058823529,0.13587447204870584,0.4827586206896552,0.49411764705882355,0.6260227441415062,0.3706896551724138,0.7588235294117647,0.8685372478940532,0.21279654924514738,0.8705882352941177,0.9636511395430285,2020-09,0,sliding180_weighted,20260717,logistic,raw,399254,0.006043771634097592,69533,0.004889764572217508,0.5511350631713867
0.3827661343405897,0.9672819249822109,0.004016774706542492,0.016258906573057175,-0.5560978055000305,0.9313083291053772,0.4714285714285714,0.09705882352941177,0.14570930314647207,0.4827586206896552,0.49411764705882355,0.6260227441415062,0.3706896551724138,0.7588235294117647,0.8685372478940532,0.21279654924514738,0.8705882352941177,0.9636511395430285,2020-09,0,sliding180_weighted,20260717,logistic,platt,399254,0.006043771634097592,69533,0.004889764572217508,0.5511350631713867
0.3827661343405897,0.9672819249822109,0.003493048483505845,0.014046888798475266,-0.11378705501556396,1.0214512348175049,0.4714285714285714,0.09705882352941177,0.14570930314647207,0.4827586206896552,0.49411764705882355,0.6260227441415062,0.3706896551724138,0.7588235294117647,0.8685372478940532,0.21279654924514738,0.8705882352941177,0.9636511395430285,2020-09,0,sliding180_weighted,20260717,logistic,beta,399254,0.006043771634097592,69533,0.004889764572217508,0.5511350631713867
0.9694607421620307,0.9992297758783828,0.0007272504190346334,0.002934239628339215,-1.5413201740625069,0.8265667352398444,1.0,0.20588235294117646,0.2787753527992143,0.9137931034482759,0.9352941176470588,0.9640511375894119,0.47988505747126436,0.9823529411764705,0.9962542856845444,0.24083393242271747,0.9852941176470589,0.9963593172386579,2020-09,0,sliding180_weighted,20260717,lightgbm,raw,399254,0.006043771634097592,69533,0.004889764572217508,2.8636319637298584
0.9694607421620308,0.9992297758783828,0.0005274314792075606,0.00231425318034339,-0.08117984184318712,0.9442980488866559,1.0,0.20588235294117646,0.2787753527992143,0.9137931034482759,0.9352941176470588,0.9640511375894119,0.47988505747126436,0.9823529411764705,0.9962542856845444,0.24083393242271747,0.9852941176470589,0.9963593172386579,2020-09,0,sliding180_weighted,20260717,lightgbm,platt,399254,0.006043771634097592,69533,0.004889764572217508,2.8636319637298584
0.9694607421620308,0.9992297758783828,0.0005310928992976283,0.0023237183752416127,-0.09916630670245116,0.9323463461895589,1.0,0.20588235294117646,0.2787753527992143,0.9137931034482759,0.9352941176470588,0.9640511375894119,0.47988505747126436,0.9823529411764705,0.9962542856845444,0.24083393242271747,0.9852941176470589,0.9963593172386579,2020-09,0,sliding180_weighted,20260717,lightgbm,beta,399254,0.006043771634097592,69533,0.004889764572217508,2.8636319637298584
0.9658141351376428,0.9993989106344487,0.0006806935998611152,0.0027869290206581354,-0.9336726069450378,0.8169742226600647,1.0,0.20588235294117646,0.27912991446169055,0.8994252873563219,0.9205882352941176,0.9543104846207215,0.47844827586206895,0.9794117647058823,0.9911755241057284,0.2415528396836808,0.9882352941176471,0.9964447139602033,2020-09,0,sliding180_weighted,20260717,xgboost,raw,399254,0.006043771634097592,69533,0.004889764572217508,3.5164060592651367
0.9658141351376428,0.9993989106344487,0.0006118796882219613,0.00253650383092463,-0.09949293732643127,0.965654730796814,1.0,0.20588235294117646,0.27912991446169055,0.8994252873563219,0.9205882352941176,0.9543104846207215,0.47844827586206895,0.9794117647058823,0.9911755241057284,0.2415528396836808,0.9882352941176471,0.9964447139602033,2020-09,0,sliding180_weighted,20260717,xgboost,platt,399254,0.006043771634097592,69533,0.004889764572217508,3.5164060592651367
0.9658141351376428,0.9993989106344487,0.000613462005276233,0.0025345978792756796,-0.10284440964460373,0.9529404044151306,1.0,0.20588235294117646,0.27912991446169055,0.8994252873563219,0.9205882352941176,0.9543104846207215,0.47844827586206895,0.9794117647058823,0.9911755241057284,0.2415528396836808,0.9882352941176471,0.9964447139602033,2020-09,0,sliding180_weighted,20260717,xgboost,beta,399254,0.006043771634097592,69533,0.004889764572217508,3.5164060592651367
0.5564002938096297,0.9315070548618909,0.0028408225625753403,0.016008684411644936,-0.795181155204773,0.8860703706741333,0.8571428571428571,0.17647058823529413,0.25891856768928456,0.5948275862068966,0.6088235294117647,0.7847635080618008,0.34913793103448276,0.7147058823529412,0.8661949307697018,0.19266714593817397,0.788235294117647,0.9249007121277503,2020-09,0,sliding180_unweighted,20260716,logistic,raw,399254,0.006043771634097592,69533,0.004889764572217508,0.6363828182220459
0.5549297055743357,0.931506991101616,0.0028408414218574762,0.016019737347960472,-0.8290731310844421,0.8774961233139038,0.8571428571428571,0.17647058823529413,0.2589185676892846,0.5948275862068966,0.6088235294117647,0.7847635080618008,0.34913793103448276,0.7147058823529412,0.8661949307697018,0.19266714593817397,0.788235294117647,0.9249007121277503,2020-09,0,sliding180_unweighted,20260716,logistic,platt,399254,0.006043771634097592,69533,0.004889764572217508,0.6363828182220459
0.5549297055743357,0.931506991101616,0.002820568159222603,0.015316215343773365,-0.5082225203514099,0.95249342918396,0.8571428571428571,0.17647058823529413,0.2589185676892846,0.5948275862068966,0.6088235294117647,0.7847635080618008,0.34913793103448276,0.7147058823529412,0.8661949307697018,0.19266714593817397,0.788235294117647,0.9249007121277503,2020-09,0,sliding180_unweighted,20260716,logistic,beta,399254,0.006043771634097592,69533,0.004889764572217508,0.6363828182220459
0.9582370368077061,0.9993973378809995,0.0006859845531974906,0.003657606769487922,0.6120617563171141,0.7084141866470309,1.0,0.20588235294117646,0.22801516657614748,0.8879310344827587,0.9088235294117647,0.9549527607141929,0.47701149425287354,0.9764705882352941,0.994094947439576,0.2415528396836808,0.9882352941176471,0.9964447139602033,2020-09,0,sliding180_unweighted,20260716,lightgbm,raw,399254,0.006043771634097592,69533,0.004889764572217508,2.85899019241333
0.9582370368077061,0.9993973378809996,0.0006605737178289155,0.0028787312623047004,-0.11442733712618908,0.9685628788414102,1.0,0.20588235294117646,0.2280151665761475,0.8879310344827587,0.9088235294117647,0.9549527607141929,0.47701149425287354,0.9764705882352941,0.994094947439576,0.2415528396836808,0.9882352941176471,0.9964447139602033,2020-09,0,sliding180_unweighted,20260716,lightgbm,platt,399254,0.006043771634097592,69533,0.004889764572217508,2.85899019241333
0.9582370368077061,0.9993973378809996,0.0006565068813258997,0.0029415687270079077,-0.10604531163622297,0.9667505391136368,1.0,0.20588235294117646,0.2280151665761475,0.8879310344827587,0.9088235294117647,0.9549527607141929,0.47701149425287354,0.9764705882352941,0.994094947439576,0.2415528396836808,0.9882352941176471,0.9964447139602033,2020-09,0,sliding180_unweighted,20260716,lightgbm,beta,399254,0.006043771634097592,69533,0.004889764572217508,2.85899019241333
0.9548549157542369,0.9990327566287307,0.0006690695881843567,0.003026536200195551,0.4004829525947571,0.9269555807113647,1.0,0.20588235294117646,0.3033058693990592,0.896551724137931,0.9176470588235294,0.9553076183791702,0.4698275862068966,0.961764705882353,0.9806900795107119,0.24083393242271747,0.9852941176470589,0.9963396824060899,2020-09,0,sliding180_unweighted,20260716,xgboost,raw,399254,0.006043771634097592,69533,0.004889764572217508,3.443086862564087
0.9548549157542366,0.9990327566287307,0.0006652643787674606,0.0029352204874157906,-0.10419049113988876,0.9518982172012329,1.0,0.20588235294117646,0.3033058693990592,0.896551724137931,0.9176470588235294,0.9553076183791702,0.4698275862068966,0.961764705882353,0.9806900795107119,0.24083393242271747,0.9852941176470589,0.9963396824060899,2020-09,0,sliding180_unweighted,20260716,xgboost,platt,399254,0.006043771634097592,69533,0.004889764572217508,3.443086862564087
0.9548549157542366,0.9990327566287307,0.0006642519147135317,0.0029336856678128242,-0.10425222665071487,0.9611372947692871,1.0,0.20588235294117646,0.3033058693990592,0.896551724137931,0.9176470588235294,0.9553076183791702,0.4698275862068966,0.961764705882353,0.9806900795107119,0.24083393242271747,0.9852941176470589,0.9963396824060899,2020-09,0,sliding180_unweighted,20260716,xgboost,beta,399254,0.006043771634097592,69533,0.004889764572217508,3.443086862564087
0.5564002938096297,0.9315070548618909,0.0028408225625753403,0.016008684411644936,-0.795181155204773,0.8860703706741333,0.8571428571428571,0.17647058823529413,0.25891856768928456,0.5948275862068966,0.6088235294117647,0.7847635080618008,0.34913793103448276,0.7147058823529412,0.8661949307697018,0.19266714593817397,0.788235294117647,0.9249007121277503,2020-09,0,sliding180_unweighted,20260717,logistic,raw,399254,0.006043771634097592,69533,0.004889764572217508,0.6522641181945801
0.5549297055743357,0.931506991101616,0.0028408414218574762,0.016019737347960472,-0.8290731310844421,0.8774961233139038,0.8571428571428571,0.17647058823529413,0.2589185676892846,0.5948275862068966,0.6088235294117647,0.7847635080618008,0.34913793103448276,0.7147058823529412,0.8661949307697018,0.19266714593817397,0.788235294117647,0.9249007121277503,2020-09,0,sliding180_unweighted,20260717,logistic,platt,399254,0.006043771634097592,69533,0.004889764572217508,0.6522641181945801
0.5549297055743357,0.931506991101616,0.002820568159222603,0.015316215343773365,-0.5082225203514099,0.95249342918396,0.8571428571428571,0.17647058823529413,0.2589185676892846,0.5948275862068966,0.6088235294117647,0.7847635080618008,0.34913793103448276,0.7147058823529412,0.8661949307697018,0.19266714593817397,0.788235294117647,0.9249007121277503,2020-09,0,sliding180_unweighted,20260717,logistic,beta,399254,0.006043771634097592,69533,0.004889764572217508,0.6522641181945801
0.9540803739391238,0.9979319992416779,0.0007223833405210281,0.003986248286477931,-0.029981573865010068,0.6356212437165929,1.0,0.20588235294117646,0.24015038111062006,0.882183908045977,0.9029411764705882,0.9462196015914872,0.47270114942528735,0.9676470588235294,0.9852726915640619,0.2415528396836808,0.9882352941176471,0.9943210933503581,2020-09,0,sliding180_unweighted,20260717,lightgbm,raw,399254,0.006043771634097592,69533,0.004889764572217508,2.8764867782592773
0.9540803739391239,0.9979319992416779,0.0007065918985753213,0.003145211877320539,-0.12692070091304924,1.0092916580489362,1.0,0.20588235294117646,0.24015038111062006,0.882183908045977,0.9029411764705882,0.9462196015914872,0.47270114942528735,0.9676470588235294,0.9852726915640619,0.2415528396836808,0.9882352941176471,0.9943210933503581,2020-09,0,sliding180_unweighted,20260717,lightgbm,platt,399254,0.006043771634097592,69533,0.004889764572217508,2.8764867782592773
0.9540803739391239,0.9979319992416779,0.0007067157935924958,0.0030672640562722526,-0.1092476898279537,1.0127984602936109,1.0,0.20588235294117646,0.24015038111062006,0.882183908045977,0.9029411764705882,0.9462196015914872,0.47270114942528735,0.9676470588235294,0.9852726915640619,0.2415528396836808,0.9882352941176471,0.9943210933503581,2020-09,0,sliding180_unweighted,20260717,lightgbm,beta,399254,0.006043771634097592,69533,0.004889764572217508,2.8764867782592773
0.9578182322227754,0.9992451208512252,0.0006548513192683458,0.00286814640276134,0.3235822021961212,0.9328893423080444,1.0,0.20588235294117646,0.2992231069024379,0.9022988505747126,0.9235294117647059,0.9507270290095772,0.47270114942528735,0.9676470588235294,0.982886566069559,0.24083393242271747,0.9852941176470589,0.9963396824060899,2020-09,0,sliding180_unweighted,20260717,xgboost,raw,399254,0.006043771634097592,69533,0.004889764572217508,3.060141086578369
0.9578182322227754,0.9992451208512252,0.0006555115687660873,0.002818185370415449,-0.09548872709274292,0.9858964681625366,1.0,0.20588235294117646,0.2992231069024379,0.9022988505747126,0.9235294117647059,0.9507270290095772,0.47270114942528735,0.9676470588235294,0.982886566069559,0.24083393242271747,0.9852941176470589,0.9963396824060899,2020-09,0,sliding180_unweighted,20260717,xgboost,platt,399254,0.006043771634097592,69533,0.004889764572217508,3.060141086578369
0.9578182322227752,0.9992451208512252,0.0006542670889757574,0.0028177336789667606,-0.09653016179800034,0.9886993169784546,1.0,0.20588235294117646,0.2992231069024379,0.9022988505747126,0.9235294117647059,0.9507270290095772,0.47270114942528735,0.9676470588235294,0.982886566069559,0.24083393242271747,0.9852941176470589,0.9963396824060899,2020-09,0,sliding180_unweighted,20260717,xgboost,beta,399254,0.006043771634097592,69533,0.004889764572217508,3.060141086578369
0.38123416657938913,0.9698199027273245,0.040214378386735916,0.20517633855342865,-5.3935866355896,0.43865013122558594,0.37142857142857144,0.07647058823529412,0.12252002321251614,0.47701149425287354,0.48823529411764705,0.6198065436187559,0.3764367816091954,0.7705882352941177,0.8898893883054048,0.2092020129403307,0.8558823529411764,0.9583998578398656,2020-09,7,capped_weighted,20260716,logistic,raw,350000,0.021825714285714285,69533,0.004889764572217508,0.5293540954589844
0.38521243096206526,0.9698296367959697,0.004077822435647249,0.01659337803721428,-0.6511194109916687,0.9096542596817017,0.38571428571428573,0.07941176470588235,0.1274485635220627,0.47701149425287354,0.48823529411764705,0.6198065436187559,0.3764367816091954,0.7705882352941177,0.8898893883054048,0.2092020129403307,0.8558823529411764,0.9583998578398656,2020-09,7,capped_weighted,20260716,logistic,platt,350000,0.021825714285714285,69533,0.004889764572217508,0.5293540954589844
0.3852124309620653,0.9698296367959696,0.00346302124671638,0.013809219934046268,-0.10993371903896332,1.0147955417633057,0.38571428571428573,0.07941176470588235,0.1274485635220627,0.47701149425287354,0.48823529411764705,0.6198065436187559,0.3764367816091954,0.7705882352941177,0.8898893883054048,0.2092020129403307,0.8558823529411764,0.9583998578398656,2020-09,7,capped_weighted,20260716,logistic,beta,350000,0.021825714285714285,69533,0.004889764572217508,0.5293540954589844
0.9762208460860455,0.9995316170200828,0.0015583768646320428,0.006050111335788426,-3.1288630533679185,0.958521802119088,1.0,0.20588235294117646,0.29515835122462897,0.9195402298850575,0.9411764705882353,0.9627829148737754,0.4813218390804598,0.9852941176470589,0.9968027289851915,0.24299065420560748,0.9941176470588236,0.9970029746771341,2020-09,7,capped_weighted,20260716,lightgbm,raw,350000,0.021825714285714285,69533,0.004889764572217508,2.704390048980713
0.9762208460860456,0.9995316170200828,0.0004923718576132213,0.002031147125364766,-0.12248746960097523,0.9499498539475412,1.0,0.20588235294117646,0.29515835122462897,0.9195402298850575,0.9411764705882353,0.9627829148737754,0.4813218390804598,0.9852941176470589,0.9968027289851915,0.24299065420560748,0.9941176470588236,0.9970029746771341,2020-09,7,capped_weighted,20260716,lightgbm,platt,350000,0.021825714285714285,69533,0.004889764572217508,2.704390048980713
0.9762208460860456,0.9995316170200828,0.0004903899633569948,0.002052411172671508,-0.10477620995925509,0.8911127661034488,1.0,0.20588235294117646,0.29515835122462897,0.9195402298850575,0.9411764705882353,0.9627829148737754,0.4813218390804598,0.9852941176470589,0.9968027289851915,0.24299065420560748,0.9941176470588236,0.9970029746771341,2020-09,7,capped_weighted,20260716,lightgbm,beta,350000,0.021825714285714285,69533,0.004889764572217508,2.704390048980713
0.9714447868817012,0.9992376821524789,0.0011674030683934689,0.004623804707080126,-2.631119966506958,0.8387042284011841,1.0,0.20588235294117646,0.26897619000282136,0.9137931034482759,0.9352941176470588,0.9588239800900825,0.4813218390804598,0.9852941176470589,0.9964090456588297,0.24227174694464415,0.9911764705882353,0.9969931572608501,2020-09,7,capped_weighted,20260716,xgboost,raw,350000,0.021825714285714285,69533,0.004889764572217508,3.4287641048431396
0.9714447868817014,0.9992376821524789,0.0005553161026909947,0.002287771087139845,-0.10522956401109695,0.9036886692047119,1.0,0.20588235294117646,0.26897619000282136,0.9137931034482759,0.9352941176470588,0.9588239800900825,0.4813218390804598,0.9852941176470589,0.9964090456588297,0.24227174694464415,0.9911764705882353,0.9969931572608501,2020-09,7,capped_weighted,20260716,xgboost,platt,350000,0.021825714285714285,69533,0.004889764572217508,3.4287641048431396
0.9714447868817014,0.9992376821524789,0.0005613444373011589,0.0023099509999156,-0.11641151458024979,0.8878229260444641,1.0,0.20588235294117646,0.26897619000282136,0.9137931034482759,0.9352941176470588,0.9588239800900825,0.4813218390804598,0.9852941176470589,0.9964090456588297,0.24227174694464415,0.9911764705882353,0.9969931572608501,2020-09,7,capped_weighted,20260716,xgboost,beta,350000,0.021825714285714285,69533,0.004889764572217508,3.4287641048431396
0.378870993032141,0.9698322509672433,0.04017157480120659,0.2041044980287552,-5.372704029083252,0.4415167272090912,0.34285714285714286,0.07058823529411765,0.11187261591568942,0.47988505747126436,0.49117647058823527,0.6214739750407732,0.3764367816091954,0.7705882352941177,0.8851420015264849,0.2092020129403307,0.8558823529411764,0.9583998578398656,2020-09,7,capped_weighted,20260717,logistic,raw,350000,0.021825714285714285,69533,0.004889764572217508,0.49693989753723145
0.38388472893802533,0.9698449817688122,0.004078121855854988,0.016679910942912102,-0.6689451932907104,0.9046357274055481,0.4142857142857143,0.08529411764705883,0.13550402491867453,0.47988505747126436,0.49117647058823527,0.6214739750407732,0.3764367816091954,0.7705882352941177,0.8851420015264849,0.2092020129403307,0.8558823529411764,0.9583998578398656,2020-09,7,capped_weighted,20260717,logistic,platt,350000,0.021825714285714285,69533,0.004889764572217508,0.49693989753723145
0.38388472893802533,0.969844981768812,0.0034914652351289988,0.013834100216627121,-0.11022049933671951,1.0094757080078125,0.4142857142857143,0.08529411764705883,0.13550402491867453,0.47988505747126436,0.49117647058823527,0.6214739750407732,0.3764367816091954,0.7705882352941177,0.8851420015264849,0.2092020129403307,0.8558823529411764,0.9583998578398656,2020-09,7,capped_weighted,20260717,logistic,beta,350000,0.021825714285714285,69533,0.004889764572217508,0.49693989753723145
0.9750400179261888,0.9980734620384075,0.0015365860445541492,0.005861980474480576,-3.04015463926434,0.9703830878589321,1.0,0.20588235294117646,0.2955880481886152,0.9137931034482759,0.9352941176470588,0.9593246683205642,0.47844827586206895,0.9794117647058823,0.9916148411509978,0.24299065420560748,0.9941176470588236,0.9970029746771341,2020-09,7,capped_weighted,20260717,lightgbm,raw,350000,0.021825714285714285,69533,0.004889764572217508,2.54682993888855
0.9750400179261888,0.9980734620384075,0.0005037065282935782,0.002145246527045006,-0.4846149585157624,0.9027837181808648,1.0,0.20588235294117646,0.2955880481886152,0.9137931034482759,0.9352941176470588,0.9593246683205642,0.47844827586206895,0.9794117647058823,0.9916148411509978,0.24299065420560748,0.9941176470588236,0.9970029746771341,2020-09,7,capped_weighted,20260717,lightgbm,platt,350000,0.021825714285714285,69533,0.004889764572217508,2.54682993888855
0.9750400179261888,0.9980734620384075,0.000495414913852855,0.0021063857681865375,-0.29724939979896303,0.9219085148422427,1.0,0.20588235294117646,0.2955880481886152,0.9137931034482759,0.9352941176470588,0.9593246683205642,0.47844827586206895,0.9794117647058823,0.9916148411509978,0.24299065420560748,0.9941176470588236,0.9970029746771341,2020-09,7,capped_weighted,20260717,lightgbm,beta,350000,0.021825714285714285,69533,0.004889764572217508,2.54682993888855
0.9726958680907165,0.9992156636041899,0.0011130205821245909,0.004225932992994785,-2.506314754486084,0.8836755752563477,1.0,0.20588235294117646,0.26317493565275635,0.9166666666666666,0.9382352941176471,0.9561603029171195,0.47988505747126436,0.9823529411764705,0.9867265078478403,0.24299065420560748,0.9941176470588236,0.9970029746771341,2020-09,7,capped_weighted,20260717,xgboost,raw,350000,0.021825714285714285,69533,0.004889764572217508,3.4088666439056396
0.9726958680907165,0.9992156636041899,0.000480548944324255,0.00215057167224586,-0.08113410323858261,0.9112768769264221,1.0,0.20588235294117646,0.26317493565275635,0.9166666666666666,0.9382352941176471,0.9561603029171195,0.47988505747126436,0.9823529411764705,0.9867265078478403,0.24299065420560748,0.9941176470588236,0.9970029746771341,2020-09,7,capped_weighted,20260717,xgboost,platt,350000,0.021825714285714285,69533,0.004889764572217508,3.4088666439056396
0.9726958680907165,0.9992156636041898,0.00048186464118771255,0.0021310928277671337,-0.09933561831712723,0.9580296874046326,1.0,0.20588235294117646,0.26317493565275635,0.9166666666666666,0.9382352941176471,0.9561603029171195,0.47988505747126436,0.9823529411764705,0.9867265078478403,0.24299065420560748,0.9941176470588236,0.9970029746771341,2020-09,7,capped_weighted,20260717,xgboost,beta,350000,0.021825714285714285,69533,0.004889764572217508,3.4088666439056396
0.38423871261542164,0.9673115522566462,0.04174356907606125,0.2066294401884079,-5.422485828399658,0.42707332968711853,0.45714285714285713,0.09411764705882353,0.14084529138214866,0.4827586206896552,0.49411764705882355,0.6260227441415063,0.3706896551724138,0.7588235294117647,0.8685372478940532,0.21279654924514738,0.8705882352941177,0.9636511395430286,2020-09,7,sliding180_weighted,20260716,logistic,raw,399254,0.006043771634097592,69533,0.004889764572217508,0.6059660911560059
0.38277440000559815,0.9673078329072731,0.004016459919512272,0.01625712960958481,-0.5571529269218445,0.9315353035926819,0.45714285714285713,0.09411764705882353,0.1417004919413566,0.4827586206896552,0.49411764705882355,0.6260227441415063,0.3706896551724138,0.7588235294117647,0.8685372478940532,0.21279654924514738,0.8705882352941177,0.9636511395430286,2020-09,7,sliding180_weighted,20260716,logistic,platt,399254,0.006043771634097592,69533,0.004889764572217508,0.6059660911560059
0.38277440000559815,0.9673078329072731,0.0034931497648358345,0.014048637822270393,-0.11399274319410324,1.0221915245056152,0.45714285714285713,0.09411764705882353,0.1417004919413566,0.4827586206896552,0.49411764705882355,0.6260227441415063,0.3706896551724138,0.7588235294117647,0.8685372478940532,0.21279654924514738,0.8705882352941177,0.9636511395430286,2020-09,7,sliding180_weighted,20260716,logistic,beta,399254,0.006043771634097592,69533,0.004889764572217508,0.6059660911560059
0.9704323662363706,0.9995691505686142,0.0007426644398734648,0.002868276061740494,-1.5560102816807326,0.8156289515186619,1.0,0.20588235294117646,0.28894032535312236,0.9137931034482759,0.9352941176470588,0.9640511375894119,0.4813218390804598,0.9852941176470589,0.9963593172386579,0.2415528396836808,0.9882352941176471,0.9964447139602032,2020-09,7,sliding180_weighted,20260716,lightgbm,raw,399254,0.006043771634097592,69533,0.004889764572217508,3.184044122695923
0.9704323662363706,0.9995691505686142,0.0005430905000921789,0.0022683386307289217,-0.08832081975588837,0.9960920804813418,1.0,0.20588235294117646,0.28894032535312236,0.9137931034482759,0.9352941176470588,0.9640511375894119,0.4813218390804598,0.9852941176470589,0.9963593172386579,0.2415528396836808,0.9882352941176471,0.9964447139602032,2020-09,7,sliding180_weighted,20260716,lightgbm,platt,399254,0.006043771634097592,69533,0.004889764572217508,3.184044122695923
0.9704323662363706,0.9995691505686142,0.0005456512507369881,0.0023026820842066654,-0.10789912907515666,0.9645641370872106,1.0,0.20588235294117646,0.28894032535312236,0.9137931034482759,0.9352941176470588,0.9640511375894119,0.4813218390804598,0.9852941176470589,0.9963593172386579,0.2415528396836808,0.9882352941176471,0.9964447139602032,2020-09,7,sliding180_weighted,20260716,lightgbm,beta,399254,0.006043771634097592,69533,0.004889764572217508,3.184044122695923
0.9650528580492441,0.9993463296610249,0.0006926540518179536,0.002855965169146657,-1.0896658897399902,0.8093643188476562,1.0,0.20588235294117646,0.2751520848516823,0.9022988505747126,0.9235294117647059,0.9565519142259741,0.47844827586206895,0.9794117647058823,0.988783527894955,0.24083393242271747,0.9852941176470589,0.9913659523813869,2020-09,7,sliding180_weighted,20260716,xgboost,raw,399254,0.006043771634097592,69533,0.004889764572217508,5.371011972427368
0.9650528580492441,0.999346329661025,0.0006089076632633805,0.0025691199116408825,-0.10374123603105545,0.965609610080719,1.0,0.20588235294117646,0.2751520848516823,0.9022988505747126,0.9235294117647059,0.9565519142259741,0.47844827586206895,0.9794117647058823,0.988783527894955,0.24083393242271747,0.9852941176470589,0.9913659523813869,2020-09,7,sliding180_weighted,20260716,xgboost,platt,399254,0.006043771634097592,69533,0.004889764572217508,5.371011972427368
0.965052858049244,0.9993463296610249,0.0006102683837525547,0.0025647536385804415,-0.10316254943609238,0.9501696825027466,1.0,0.20588235294117646,0.2751520848516823,0.9022988505747126,0.9235294117647059,0.9565519142259741,0.47844827586206895,0.9794117647058823,0.988783527894955,0.24083393242271747,0.9852941176470589,0.9913659523813869,2020-09,7,sliding180_weighted,20260716,xgboost,beta,399254,0.006043771634097592,69533,0.004889764572217508,5.371011972427368
0.38423871261542164,0.9673115522566462,0.04174356907606125,0.2066294401884079,-5.422485828399658,0.42707332968711853,0.45714285714285713,0.09411764705882353,0.14084529138214866,0.4827586206896552,0.49411764705882355,0.6260227441415063,0.3706896551724138,0.7588235294117647,0.8685372478940532,0.21279654924514738,0.8705882352941177,0.9636511395430286,2020-09,7,sliding180_weighted,20260717,logistic,raw,399254,0.006043771634097592,69533,0.004889764572217508,0.6353499889373779
0.38277440000559815,0.9673078329072731,0.004016459919512272,0.01625712960958481,-0.5571529269218445,0.9315353035926819,0.45714285714285713,0.09411764705882353,0.1417004919413566,0.4827586206896552,0.49411764705882355,0.6260227441415063,0.3706896551724138,0.7588235294117647,0.8685372478940532,0.21279654924514738,0.8705882352941177,0.9636511395430286,2020-09,7,sliding180_weighted,20260717,logistic,platt,399254,0.006043771634097592,69533,0.004889764572217508,0.6353499889373779
0.38277440000559815,0.9673078329072731,0.0034931497648358345,0.014048637822270393,-0.11399274319410324,1.0221915245056152,0.45714285714285713,0.09411764705882353,0.1417004919413566,0.4827586206896552,0.49411764705882355,0.6260227441415063,0.3706896551724138,0.7588235294117647,0.8685372478940532,0.21279654924514738,0.8705882352941177,0.9636511395430286,2020-09,7,sliding180_weighted,20260717,logistic,beta,399254,0.006043771634097592,69533,0.004889764572217508,0.6353499889373779
0.9696721596823042,0.9994139155524913,0.0007481123060361832,0.0029532270776172946,-1.5912741544534628,0.8200506700754676,1.0,0.20588235294117646,0.2714112052437435,0.9137931034482759,0.9352941176470588,0.966710769394861,0.47988505747126436,0.9823529411764705,0.9962542856845444,0.2415528396836808,0.9882352941176471,0.9964447139602033,2020-09,7,sliding180_weighted,20260717,lightgbm,raw,399254,0.006043771634097592,69533,0.004889764572217508,3.7626349925994873
0.9696721596823042,0.9994139155524913,0.000530568739582494,0.002307645794778521,-0.09544876882672251,0.9527531309789551,1.0,0.20588235294117646,0.2714112052437435,0.9137931034482759,0.9352941176470588,0.966710769394861,0.47988505747126436,0.9823529411764705,0.9962542856845444,0.2415528396836808,0.9882352941176471,0.9964447139602033,2020-09,7,sliding180_weighted,20260717,lightgbm,platt,399254,0.006043771634097592,69533,0.004889764572217508,3.7626349925994873
0.9696721596823042,0.9994139155524913,0.0005359338852986916,0.0023246045525434213,-0.1099825545209236,0.9305360891791181,1.0,0.20588235294117646,0.2714112052437435,0.9137931034482759,0.9352941176470588,0.966710769394861,0.47988505747126436,0.9823529411764705,0.9962542856845444,0.2415528396836808,0.9882352941176471,0.9964447139602033,2020-09,7,sliding180_weighted,20260717,lightgbm,beta,399254,0.006043771634097592,69533,0.004889764572217508,3.7626349925994873
0.965730168518726,0.9992100952068426,0.0006779191899113357,0.002819290617480874,-1.077172875404358,0.8089659810066223,1.0,0.20588235294117646,0.2760750699836247,0.9051724137931034,0.9264705882352942,0.9615694032870783,0.47844827586206895,0.9794117647058823,0.9887835278949552,0.2415528396836808,0.9882352941176471,0.9964447139602033,2020-09,7,sliding180_weighted,20260717,xgboost,raw,399254,0.006043771634097592,69533,0.004889764572217508,4.119555950164795
0.9657301685187258,0.9992100952068426,0.0005972697399556637,0.0025464696809649467,-0.1070714145898819,0.9673231840133667,1.0,0.20588235294117646,0.2760750699836247,0.9051724137931034,0.9264705882352942,0.9615694032870783,0.47844827586206895,0.9794117647058823,0.9887835278949552,0.2415528396836808,0.9882352941176471,0.9964447139602033,2020-09,7,sliding180_weighted,20260717,xgboost,platt,399254,0.006043771634097592,69533,0.004889764572217508,4.119555950164795
0.9657301685187258,0.9992100952068427,0.0005999825662001967,0.0025448317173868418,-0.11021120846271515,0.9557642340660095,1.0,0.20588235294117646,0.2760750699836247,0.9051724137931034,0.9264705882352942,0.9615694032870783,0.47844827586206895,0.9794117647058823,0.9887835278949552,0.2415528396836808,0.9882352941176471,0.9964447139602033,2020-09,7,sliding180_weighted,20260717,xgboost,beta,399254,0.006043771634097592,69533,0.004889764572217508,4.119555950164795
0.5567760988289889,0.9315327077458533,0.0028400039300322533,0.016004551202058792,-0.7954579591751099,0.8860668540000916,0.8571428571428571,0.17647058823529413,0.25891856768928456,0.5948275862068966,0.6088235294117647,0.7847635080618006,0.34913793103448276,0.7147058823529412,0.8661949307697018,0.19266714593817397,0.788235294117647,0.9249007121277503,2020-09,7,sliding180_unweighted,20260716,logistic,raw,399254,0.006043771634097592,69533,0.004889764572217508,0.60300612449646
0.5553055105936948,0.9315326439855783,0.0028400190640240908,0.016015972942113876,-0.8292599320411682,0.8775887489318848,0.8571428571428571,0.17647058823529413,0.25891856768928456,0.5948275862068966,0.6088235294117647,0.7847635080618006,0.34913793103448276,0.7147058823529412,0.8661949307697018,0.19266714593817397,0.788235294117647,0.9249007121277503,2020-09,7,sliding180_unweighted,20260716,logistic,platt,399254,0.006043771634097592,69533,0.004889764572217508,0.60300612449646
0.5553055105936948,0.9315326439855782,0.0028198398649692535,0.01531319972127676,-0.5080509781837463,0.9525694251060486,0.8571428571428571,0.17647058823529413,0.25891856768928456,0.5948275862068966,0.6088235294117647,0.7847635080618006,0.34913793103448276,0.7147058823529412,0.8661949307697018,0.19266714593817397,0.788235294117647,0.9249007121277503,2020-09,7,sliding180_unweighted,20260716,logistic,beta,399254,0.006043771634097592,69533,0.004889764572217508,0.60300612449646
0.956969001134493,0.9992371295634291,0.000669335440661388,0.0036282279202971327,0.46945995272300356,0.6973044116734738,1.0,0.20588235294117646,0.2288336628252284,0.8908045977011494,0.9117647058823529,0.9541195136738108,0.47701149425287354,0.9764705882352941,0.9956942982863576,0.24083393242271747,0.9852941176470589,0.99633968240609,2020-09,7,sliding180_unweighted,20260716,lightgbm,raw,399254,0.006043771634097592,69533,0.004889764572217508,2.5305778980255127
0.9569690011344931,0.9992371295634291,0.0006900385833099406,0.0029845007224252747,-0.7847720049850556,0.8594010035918281,1.0,0.20588235294117646,0.22883366282522843,0.8908045977011494,0.9117647058823529,0.9541195136738108,0.47701149425287354,0.9764705882352941,0.9956942982863576,0.24083393242271747,0.9852941176470589,0.99633968240609,2020-09,7,sliding180_unweighted,20260716,lightgbm,platt,399254,0.006043771634097592,69533,0.004889764572217508,2.5305778980255127
0.9569690011344931,0.9992371295634291,0.0006922599247320681,0.0029263774946312817,-0.6223432489640847,0.8873450421342474,1.0,0.20588235294117646,0.22883366282522843,0.8908045977011494,0.9117647058823529,0.9541195136738108,0.47701149425287354,0.9764705882352941,0.9956942982863576,0.24083393242271747,0.9852941176470589,0.99633968240609,2020-09,7,sliding180_unweighted,20260716,lightgbm,beta,399254,0.006043771634097592,69533,0.004889764572217508,2.5305778980255127
0.95482725615126,0.9990846149857049,0.0007015267037786543,0.0030535003170371056,0.393496036529541,0.9239147305488586,1.0,0.20588235294117646,0.30013513994184243,0.896551724137931,0.9176470588235294,0.9553076183791702,0.47126436781609193,0.9647058823529412,0.9850300681807227,0.24083393242271747,0.9852941176470589,0.9992094266535156,2020-09,7,sliding180_unweighted,20260716,xgboost,raw,399254,0.006043771634097592,69533,0.004889764572217508,2.6058530807495117
0.9548272561512599,0.9990846149857051,0.0006908742361702025,0.0029665823094546795,-0.10402621328830719,0.9358590245246887,1.0,0.20588235294117646,0.30013513994184243,0.896551724137931,0.9176470588235294,0.9553076183791702,0.47126436781609193,0.9647058823529412,0.9850300681807227,0.24083393242271747,0.9852941176470589,0.9992094266535156,2020-09,7,sliding180_unweighted,20260716,xgboost,platt,399254,0.006043771634097592,69533,0.004889764572217508,2.6058530807495117
0.95482725615126,0.9990846149857049,0.0006914067198522389,0.0029725797940045595,-0.10577105730772018,0.9476911425590515,1.0,0.20588235294117646,0.30013513994184243,0.896551724137931,0.9176470588235294,0.9553076183791702,0.47126436781609193,0.9647058823529412,0.9850300681807227,0.24083393242271747,0.9852941176470589,0.9992094266535156,2020-09,7,sliding180_unweighted,20260716,xgboost,beta,399254,0.006043771634097592,69533,0.004889764572217508,2.6058530807495117
0.5567760988289889,0.9315327077458533,0.0028400039300322533,0.016004551202058792,-0.7954579591751099,0.8860668540000916,0.8571428571428571,0.17647058823529413,0.25891856768928456,0.5948275862068966,0.6088235294117647,0.7847635080618006,0.34913793103448276,0.7147058823529412,0.8661949307697018,0.19266714593817397,0.788235294117647,0.9249007121277503,2020-09,7,sliding180_unweighted,20260717,logistic,raw,399254,0.006043771634097592,69533,0.004889764572217508,0.6132519245147705
0.5553055105936948,0.9315326439855783,0.0028400190640240908,0.016015972942113876,-0.8292599320411682,0.8775887489318848,0.8571428571428571,0.17647058823529413,0.25891856768928456,0.5948275862068966,0.6088235294117647,0.7847635080618006,0.34913793103448276,0.7147058823529412,0.8661949307697018,0.19266714593817397,0.788235294117647,0.9249007121277503,2020-09,7,sliding180_unweighted,20260717,logistic,platt,399254,0.006043771634097592,69533,0.004889764572217508,0.6132519245147705
0.5553055105936948,0.9315326439855782,0.0028198398649692535,0.01531319972127676,-0.5080509781837463,0.9525694251060486,0.8571428571428571,0.17647058823529413,0.25891856768928456,0.5948275862068966,0.6088235294117647,0.7847635080618006,0.34913793103448276,0.7147058823529412,0.8661949307697018,0.19266714593817397,0.788235294117647,0.9249007121277503,2020-09,7,sliding180_unweighted,20260717,logistic,beta,399254,0.006043771634097592,69533,0.004889764572217508,0.6132519245147705
0.9568392050434774,0.9993970828398997,0.0007153100543155659,0.003823787885512045,0.5121743850321531,0.6894416836227562,1.0,0.20588235294117646,0.23686924272052146,0.8908045977011494,0.9117647058823529,0.9446371722210138,0.4698275862068966,0.961764705882353,0.984108415060035,0.24227174694464415,0.9911764705882353,0.9993998549291743,2020-09,7,sliding180_unweighted,20260717,lightgbm,raw,399254,0.006043771634097592,69533,0.004889764572217508,2.646474838256836
0.9568392050434774,0.9993970828398997,0.000688382015418879,0.002989164093294953,-0.12448865173528591,1.0156117927461714,1.0,0.20588235294117646,0.23686924272052148,0.8908045977011494,0.9117647058823529,0.9446371722210138,0.4698275862068966,0.961764705882353,0.984108415060035,0.24227174694464415,0.9911764705882353,0.9993998549291743,2020-09,7,sliding180_unweighted,20260717,lightgbm,platt,399254,0.006043771634097592,69533,0.004889764572217508,2.646474838256836
0.9568392050434774,0.9993970828398997,0.0006997044619845325,0.0029454017435893176,-0.11975912210701985,1.0138858356000637,1.0,0.20588235294117646,0.23686924272052148,0.8908045977011494,0.9117647058823529,0.9446371722210138,0.4698275862068966,0.961764705882353,0.984108415060035,0.24227174694464415,0.9911764705882353,0.9993998549291743,2020-09,7,sliding180_unweighted,20260717,lightgbm,beta,399254,0.006043771634097592,69533,0.004889764572217508,2.646474838256836
0.9576817450000443,0.9991233812328857,0.0006699296063743532,0.0028994884341955185,0.3001394271850586,0.9249038100242615,1.0,0.20588235294117646,0.2994394847306863,0.896551724137931,0.9176470588235294,0.9505774984128099,0.47270114942528735,0.9676470588235294,0.9824140967441748,0.2415528396836808,0.9882352941176471,0.9964447139602033,2020-09,7,sliding180_unweighted,20260717,xgboost,raw,399254,0.006043771634097592,69533,0.004889764572217508,3.7827260494232178
0.9576817450000443,0.9991233812328857,0.0006720282835885882,0.002854305086657405,-0.3678131401538849,0.9345887303352356,1.0,0.20588235294117646,0.2994394847306863,0.896551724137931,0.9176470588235294,0.9505774984128099,0.47270114942528735,0.9676470588235294,0.9824140967441748,0.2415528396836808,0.9882352941176471,0.9964447139602033,2020-09,7,sliding180_unweighted,20260717,xgboost,platt,399254,0.006043771634097592,69533,0.004889764572217508,3.7827260494232178
0.9576817450000443,0.9991233812328856,0.0006724984850734472,0.0028609561268240213,-0.39676231145858765,0.9405614733695984,1.0,0.20588235294117646,0.2994394847306863,0.896551724137931,0.9176470588235294,0.9505774984128099,0.47270114942528735,0.9676470588235294,0.9824140967441748,0.2415528396836808,0.9882352941176471,0.9964447139602033,2020-09,7,sliding180_unweighted,20260717,xgboost,beta,399254,0.006043771634097592,69533,0.004889764572217508,3.7827260494232178
0.38089250772211575,0.9697712961443737,0.03993157669901848,0.20421133935451508,-5.389328956604004,0.43857118487358093,0.4142857142857143,0.08529411764705883,0.13507146659717845,0.47701149425287354,0.48823529411764705,0.6198065436187559,0.3764367816091954,0.7705882352941177,0.8898893883054048,0.2092020129403307,0.8558823529411764,0.9583998578398656,2020-09,14,capped_weighted,20260716,logistic,raw,350000,0.021825714285714285,69533,0.004889764572217508,0.5724818706512451
0.38429761976693366,0.9697795637266946,0.00408011581748724,0.016601357609033585,-0.6505723595619202,0.9095375537872314,0.42857142857142855,0.08823529411764706,0.13767836062369504,0.47701149425287354,0.48823529411764705,0.6198065436187559,0.3764367816091954,0.7705882352941177,0.8898893883054048,0.2092020129403307,0.8558823529411764,0.9583998578398656,2020-09,14,capped_weighted,20260716,logistic,platt,350000,0.021825714285714285,69533,0.004889764572217508,0.5724818706512451
0.38429761976693366,0.9697795637266945,0.0034642755053937435,0.01381161343306303,-0.10973117500543594,1.014168381690979,0.42857142857142855,0.08823529411764706,0.13767836062369504,0.47701149425287354,0.48823529411764705,0.6198065436187559,0.3764367816091954,0.7705882352941177,0.8898893883054048,0.2092020129403307,0.8558823529411764,0.9583998578398656,2020-09,14,capped_weighted,20260716,logistic,beta,350000,0.021825714285714285,69533,0.004889764572217508,0.5724818706512451
0.9757829180282661,0.9995873009935552,0.0015950808524233286,0.006085422228299843,-3.131845396346332,0.9735179871241578,1.0,0.20588235294117646,0.2901073645471588,0.9224137931034483,0.9441176470588235,0.9634281016585069,0.4827586206896552,0.9882352941176471,0.9969077605393047,0.24299065420560748,0.9941176470588236,0.9970029746771341,2020-09,14,capped_weighted,20260716,lightgbm,raw,350000,0.021825714285714285,69533,0.004889764572217508,3.1659040451049805
0.9757829180282659,0.9995873009935552,0.000496221735127419,0.002027739565582337,-0.07849728455310373,0.9969143274714176,1.0,0.20588235294117646,0.2901073645471588,0.9224137931034483,0.9441176470588235,0.9634281016585069,0.4827586206896552,0.9882352941176471,0.9969077605393047,0.24299065420560748,0.9941176470588236,0.9970029746771341,2020-09,14,capped_weighted,20260716,lightgbm,platt,350000,0.021825714285714285,69533,0.004889764572217508,3.1659040451049805
0.9757829180282659,0.9995873009935552,0.0004915627750352948,0.0020246712481392414,-0.09140698022641328,0.920867908860837,1.0,0.20588235294117646,0.2901073645471588,0.9224137931034483,0.9441176470588235,0.9634281016585069,0.4827586206896552,0.9882352941176471,0.9969077605393047,0.24299065420560748,0.9941176470588236,0.9970029746771341,2020-09,14,capped_weighted,20260716,lightgbm,beta,350000,0.021825714285714285,69533,0.004889764572217508,3.1659040451049805
0.9716114502664972,0.9993264789620847,0.0011836551129817963,0.004577518440783024,-2.546724796295166,0.8257991075515747,1.0,0.20588235294117646,0.2743198738200539,0.9080459770114943,0.9294117647058824,0.957030106266378,0.47988505747126436,0.9823529411764705,0.9917002378725432,0.24299065420560748,0.9941176470588236,0.9970029746771341,2020-09,14,capped_weighted,20260716,xgboost,raw,350000,0.021825714285714285,69533,0.004889764572217508,4.375246047973633
0.9716114502664971,0.9993264789620848,0.0005478218663483858,0.0022706484887748957,-0.11823451519012451,0.9051836729049683,1.0,0.20588235294117646,0.2743198738200539,0.9080459770114943,0.9294117647058824,0.957030106266378,0.47988505747126436,0.9823529411764705,0.9917002378725432,0.24299065420560748,0.9941176470588236,0.9970029746771341,2020-09,14,capped_weighted,20260716,xgboost,platt,350000,0.021825714285714285,69533,0.004889764572217508,4.375246047973633
0.9716114502664971,0.9993264789620847,0.0005487163434736431,0.0022805246990174055,-0.11629065126180649,0.8943907618522644,1.0,0.20588235294117646,0.2743198738200539,0.9080459770114943,0.9294117647058824,0.957030106266378,0.47988505747126436,0.9823529411764705,0.9917002378725432,0.24299065420560748,0.9941176470588236,0.9970029746771341,2020-09,14,capped_weighted,20260716,xgboost,beta,350000,0.021825714285714285,69533,0.004889764572217508,4.375246047973633
0.3788044367205502,0.9698336962001427,0.039907753467559814,0.2032051980495453,-5.3694748878479,0.4413321912288666,0.32857142857142857,0.06764705882352941,0.10385089880419428,0.4827586206896552,0.49411764705882355,0.623017825418613,0.37787356321839083,0.7735294117647059,0.8899339860155591,0.2092020129403307,0.8558823529411764,0.9583998578398656,2020-09,14,capped_weighted,20260717,logistic,raw,350000,0.021825714285714285,69533,0.004889764572217508,0.516848087310791
0.3838181805358333,0.9698464482551361,0.004078679718077183,0.01668076403439045,-0.6692083477973938,0.9042713046073914,0.34285714285714286,0.07058823529411765,0.11205835748508185,0.4827586206896552,0.49411764705882355,0.623017825418613,0.37787356321839083,0.7735294117647059,0.8899339860155591,0.2092020129403307,0.8558823529411764,0.9583998578398656,2020-09,14,capped_weighted,20260717,logistic,platt,350000,0.021825714285714285,69533,0.004889764572217508,0.516848087310791
0.38381818053583333,0.9698464482551363,0.0034916114527732134,0.013833661563694477,-0.11022920906543732,1.0101783275604248,0.34285714285714286,0.07058823529411765,0.11205835748508185,0.4827586206896552,0.49411764705882355,0.623017825418613,0.37787356321839083,0.7735294117647059,0.8899339860155591,0.2092020129403307,0.8558823529411764,0.9583998578398656,2020-09,14,capped_weighted,20260717,logistic,beta,350000,0.021825714285714285,69533,0.004889764572217508,0.516848087310791
0.9764180772425263,0.9990499293961221,0.0015393505669791011,0.005730259911920393,-3.0126777323342897,1.0094993465469024,1.0,0.20588235294117646,0.2663784720538366,0.9252873563218391,0.9470588235294117,0.9674689304674833,0.47844827586206895,0.9794117647058823,0.9916148411509978,0.24299065420560748,0.9941176470588236,0.9970029746771341,2020-09,14,capped_weighted,20260717,lightgbm,raw,350000,0.021825714285714285,69533,0.004889764572217508,3.3203489780426025
0.9764180772425263,0.9990499293961221,0.0004646280294309751,0.002011358089781282,-0.3462909910480492,0.9419739617511382,1.0,0.20588235294117646,0.2663784720538366,0.9252873563218391,0.9470588235294117,0.9674689304674833,0.47844827586206895,0.9794117647058823,0.9916148411509978,0.24299065420560748,0.9941176470588236,0.9970029746771341,2020-09,14,capped_weighted,20260717,lightgbm,platt,350000,0.021825714285714285,69533,0.004889764572217508,3.3203489780426025
0.9764180772425263,0.9990499293961221,0.0004514349623781317,0.0019528007357606605,-0.10081843384166689,0.9516561987447072,1.0,0.20588235294117646,0.2663784720538366,0.9252873563218391,0.9470588235294117,0.9674689304674833,0.47844827586206895,0.9794117647058823,0.9916148411509978,0.24299065420560748,0.9941176470588236,0.9970029746771341,2020-09,14,capped_weighted,20260717,lightgbm,beta,350000,0.021825714285714285,69533,0.004889764572217508,3.3203489780426025
0.9742380815251942,0.9989813658471063,0.0010627881856635213,0.0040137553587555885,-2.6703591346740723,0.9172899127006531,1.0,0.20588235294117646,0.2748514943118927,0.9137931034482759,0.9352941176470588,0.955520345509906,0.47988505747126436,0.9823529411764705,0.9942384593188223,0.24299065420560748,0.9941176470588236,0.9970029746771341,2020-09,14,capped_weighted,20260717,xgboost,raw,350000,0.021825714285714285,69533,0.004889764572217508,3.976684808731079
0.9742380815251942,0.9989813658471063,0.00048113008961081505,0.002098275348544121,-0.08882101625204086,0.9231682419776917,1.0,0.20588235294117646,0.2748514943118927,0.9137931034482759,0.9352941176470588,0.955520345509906,0.47988505747126436,0.9823529411764705,0.9942384593188223,0.24299065420560748,0.9941176470588236,0.9970029746771341,2020-09,14,capped_weighted,20260717,xgboost,platt,350000,0.021825714285714285,69533,0.004889764572217508,3.976684808731079
0.9742380815251943,0.9989813658471063,0.00048126516048796475,0.0020761117339134216,-0.09734656661748886,0.9591694474220276,1.0,0.20588235294117646,0.2748514943118927,0.9137931034482759,0.9352941176470588,0.955520345509906,0.47988505747126436,0.9823529411764705,0.9942384593188223,0.24299065420560748,0.9941176470588236,0.9970029746771341,2020-09,14,capped_weighted,20260717,xgboost,beta,350000,0.021825714285714285,69533,0.004889764572217508,3.976684808731079
0.3843147978879851,0.9673380340241832,0.04179200902581215,0.20679427683353424,-5.423163414001465,0.42710039019584656,0.4857142857142857,0.1,0.15825556648736644,0.4827586206896552,0.49411764705882355,0.6260227441415063,0.3706896551724138,0.7588235294117647,0.8685372478940533,0.21279654924514738,0.8705882352941177,0.9636511395430283,2020-09,14,sliding180_weighted,20260716,logistic,raw,399254,0.006043771634097592,69533,0.004889764572217508,0.62117600440979
0.3828504852781616,0.9673343146748097,0.004016418009996414,0.01625671237707138,-0.558264434337616,0.9315219521522522,0.5142857142857142,0.10588235294117647,0.17213403841786856,0.4827586206896552,0.49411764705882355,0.6260227441415063,0.3706896551724138,0.7588235294117647,0.8685372478940533,0.21279654924514738,0.8705882352941177,0.9636511395430283,2020-09,14,sliding180_weighted,20260716,logistic,platt,399254,0.006043771634097592,69533,0.004889764572217508,0.62117600440979
0.3828504852781617,0.96733431467481,0.0034930200781673193,0.014048156328499317,-0.11415447294712067,1.022638201713562,0.5142857142857142,0.10588235294117647,0.17213403841786856,0.4827586206896552,0.49411764705882355,0.6260227441415063,0.3706896551724138,0.7588235294117647,0.8685372478940533,0.21279654924514738,0.8705882352941177,0.9636511395430283,2020-09,14,sliding180_weighted,20260716,logistic,beta,399254,0.006043771634097592,69533,0.004889764572217508,0.62117600440979
0.9692969662411289,0.9995214578829378,0.0007674074184867832,0.0030020719821392036,-1.6116527225003792,0.8164944706318145,1.0,0.20588235294117646,0.26180913077928236,0.9080459770114943,0.9294117647058824,0.958410415262402,0.47988505747126436,0.9823529411764705,0.9912805556598417,0.24227174694464415,0.9911764705882353,0.9993998549291743,2020-09,14,sliding180_weighted,20260716,lightgbm,raw,399254,0.006043771634097592,69533,0.004889764572217508,3.866472005844116
0.9692969662411289,0.9995214578829378,0.0005574490005354565,0.002333930555304037,-0.1070245667518196,0.9406966941535598,1.0,0.20588235294117646,0.26180913077928236,0.9080459770114943,0.9294117647058824,0.958410415262402,0.47988505747126436,0.9823529411764705,0.9912805556598417,0.24227174694464415,0.9911764705882353,0.9993998549291743,2020-09,14,sliding180_weighted,20260716,lightgbm,platt,399254,0.006043771634097592,69533,0.004889764572217508,3.866472005844116
0.9692969662411289,0.9995214578829378,0.0005578164074537765,0.002341387005009796,-0.10871635987155003,0.9343527817699734,1.0,0.20588235294117646,0.26180913077928236,0.9080459770114943,0.9294117647058824,0.958410415262402,0.47988505747126436,0.9823529411764705,0.9912805556598417,0.24227174694464415,0.9911764705882353,0.9993998549291743,2020-09,14,sliding180_weighted,20260716,lightgbm,beta,399254,0.006043771634097592,69533,0.004889764572217508,3.866472005844116
0.963080662666481,0.9992759383174599,0.0007162927649915218,0.0029227931518107653,-0.9801350235939026,0.8104433417320251,1.0,0.20588235294117646,0.2766816777757227,0.896551724137931,0.9176470588235294,0.9540954388037276,0.47701149425287354,0.9764705882352941,0.9886953191496499,0.2415528396836808,0.9882352941176471,0.9964447139602033,2020-09,14,sliding180_weighted,20260716,xgboost,raw,399254,0.006043771634097592,69533,0.004889764572217508,4.406799793243408
0.963080662666481,0.9992759383174599,0.000627212633844465,0.0026391935534775257,-0.10818063467741013,0.9631954431533813,1.0,0.20588235294117646,0.2766816777757227,0.896551724137931,0.9176470588235294,0.9540954388037276,0.47701149425287354,0.9764705882352941,0.9886953191496499,0.2415528396836808,0.9882352941176471,0.9964447139602033,2020-09,14,sliding180_weighted,20260716,xgboost,platt,399254,0.006043771634097592,69533,0.004889764572217508,4.406799793243408
0.963080662666481,0.9992759383174599,0.0006480481242761016,0.0026787430979311466,-0.39409056305885315,0.9368507862091064,1.0,0.20588235294117646,0.2766816777757227,0.896551724137931,0.9176470588235294,0.9540954388037276,0.47701149425287354,0.9764705882352941,0.9886953191496499,0.2415528396836808,0.9882352941176471,0.9964447139602033,2020-09,14,sliding180_weighted,20260716,xgboost,beta,399254,0.006043771634097592,69533,0.004889764572217508,4.406799793243408
0.3843147978879851,0.9673380340241832,0.04179200902581215,0.20679427683353424,-5.423163414001465,0.42710039019584656,0.4857142857142857,0.1,0.15825556648736644,0.4827586206896552,0.49411764705882355,0.6260227441415063,0.3706896551724138,0.7588235294117647,0.8685372478940533,0.21279654924514738,0.8705882352941177,0.9636511395430283,2020-09,14,sliding180_weighted,20260717,logistic,raw,399254,0.006043771634097592,69533,0.004889764572217508,0.6594629287719727
0.3828504852781616,0.9673343146748097,0.004016418009996414,0.01625671237707138,-0.558264434337616,0.9315219521522522,0.5142857142857142,0.10588235294117647,0.17213403841786856,0.4827586206896552,0.49411764705882355,0.6260227441415063,0.3706896551724138,0.7588235294117647,0.8685372478940533,0.21279654924514738,0.8705882352941177,0.9636511395430283,2020-09,14,sliding180_weighted,20260717,logistic,platt,399254,0.006043771634097592,69533,0.004889764572217508,0.6594629287719727
0.3828504852781617,0.96733431467481,0.0034930200781673193,0.014048156328499317,-0.11415447294712067,1.022638201713562,0.5142857142857142,0.10588235294117647,0.17213403841786856,0.4827586206896552,0.49411764705882355,0.6260227441415063,0.3706896551724138,0.7588235294117647,0.8685372478940533,0.21279654924514738,0.8705882352941177,0.9636511395430283,2020-09,14,sliding180_weighted,20260717,logistic,beta,399254,0.006043771634097592,69533,0.004889764572217508,0.6594629287719727
0.9677010036981931,0.9993996757577484,0.0007732668246866804,0.003072525289828177,-1.5679610283769134,0.812640733971354,1.0,0.20588235294117646,0.28044243888498027,0.9080459770114943,0.9294117647058824,0.9595830785039581,0.47988505747126436,0.9823529411764705,0.9962542856845444,0.2415528396836808,0.9882352941176471,0.9964447139602033,2020-09,14,sliding180_weighted,20260717,lightgbm,raw,399254,0.006043771634097592,69533,0.004889764572217508,4.005741119384766
0.9677010036981931,0.9993996757577484,0.0005636551228976857,0.002409988701478023,-0.10888509887254758,0.941658197731318,1.0,0.20588235294117646,0.28044243888498027,0.9080459770114943,0.9294117647058824,0.9595830785039581,0.47988505747126436,0.9823529411764705,0.9962542856845444,0.2415528396836808,0.9882352941176471,0.9964447139602033,2020-09,14,sliding180_weighted,20260717,lightgbm,platt,399254,0.006043771634097592,69533,0.004889764572217508,4.005741119384766
0.9677010036981931,0.9993996757577484,0.000570621397727837,0.002439661256326703,-0.2283708476789586,0.9205175589301698,1.0,0.20588235294117646,0.28044243888498027,0.9080459770114943,0.9294117647058824,0.9595830785039581,0.47988505747126436,0.9823529411764705,0.9962542856845444,0.2415528396836808,0.9882352941176471,0.9964447139602033,2020-09,14,sliding180_weighted,20260717,lightgbm,beta,399254,0.006043771634097592,69533,0.004889764572217508,4.005741119384766
0.9646245667492986,0.9992178739603886,0.0007161557441577315,0.002909739501774311,-1.1102594137191772,0.7963999509811401,1.0,0.20588235294117646,0.27742434805079147,0.896551724137931,0.9176470588235294,0.9552246883451334,0.47844827586206895,0.9794117647058823,0.988783527894955,0.2415528396836808,0.9882352941176471,0.9964447139602033,2020-09,14,sliding180_weighted,20260717,xgboost,raw,399254,0.006043771634097592,69533,0.004889764572217508,4.337579965591431
0.9646245667492989,0.9992178739603887,0.0006286667194217443,0.002614470198750496,-0.10792606323957443,0.950668215751648,1.0,0.20588235294117646,0.27742434805079147,0.896551724137931,0.9176470588235294,0.9552246883451334,0.47844827586206895,0.9794117647058823,0.988783527894955,0.2415528396836808,0.9882352941176471,0.9964447139602033,2020-09,14,sliding180_weighted,20260717,xgboost,platt,399254,0.006043771634097592,69533,0.004889764572217508,4.337579965591431
0.9646245667492989,0.9992178739603887,0.0006445671315304935,0.002634153701364994,-0.4204328656196594,0.9080737829208374,1.0,0.20588235294117646,0.27742434805079147,0.896551724137931,0.9176470588235294,0.9552246883451334,0.47844827586206895,0.9794117647058823,0.988783527894955,0.2415528396836808,0.9882352941176471,0.9964447139602033,2020-09,14,sliding180_weighted,20260717,xgboost,beta,399254,0.006043771634097592,69533,0.004889764572217508,4.337579965591431
0.5562331148318057,0.9315829720959532,0.0028406891506165266,0.01600358821451664,-0.7955765128135681,0.8859764337539673,0.8571428571428571,0.17647058823529413,0.25891856768928456,0.5948275862068966,0.6088235294117647,0.7847635080618008,0.34626436781609193,0.7088235294117647,0.8646684952056722,0.19338605319913732,0.7911764705882353,0.9266909352539422,2020-09,14,sliding180_unweighted,20260716,logistic,raw,399254,0.006043771634097592,69533,0.004889764572217508,0.7228620052337646
0.5547625265965116,0.9315829083356784,0.002841633977368474,0.015961961820721626,-0.731439471244812,0.8975706100463867,0.8571428571428571,0.17647058823529413,0.25891856768928456,0.5948275862068966,0.6088235294117647,0.7847635080618008,0.34626436781609193,0.7088235294117647,0.8646684952056722,0.19338605319913732,0.7911764705882353,0.9266909352539422,2020-09,14,sliding180_unweighted,20260716,logistic,platt,399254,0.006043771634097592,69533,0.004889764572217508,0.7228620052337646
0.5547625265965116,0.9315829083356783,0.002820417983457446,0.015311405062675476,-0.5072606205940247,0.95270836353302,0.8571428571428571,0.17647058823529413,0.25891856768928456,0.5948275862068966,0.6088235294117647,0.7847635080618008,0.34626436781609193,0.7088235294117647,0.8646684952056722,0.19338605319913732,0.7911764705882353,0.9266909352539422,2020-09,14,sliding180_unweighted,20260716,logistic,beta,399254,0.006043771634097592,69533,0.004889764572217508,0.7228620052337646
0.9675811593825066,0.9994291755116338,0.0005528163209071478,0.0029427127050663067,0.6029669141558733,0.7416121689936718,1.0,0.20588235294117646,0.21129571197456903,0.9051724137931034,0.9264705882352942,0.9570890107640817,0.47844827586206895,0.9794117647058823,0.9957803363466553,0.2415528396836808,0.9882352941176471,0.9964447139602033,2020-09,14,sliding180_unweighted,20260716,lightgbm,raw,399254,0.006043771634097592,69533,0.004889764572217508,3.262392044067383
0.9675811593825066,0.9994291755116338,0.0005934055149750021,0.0024875630997681503,-0.5718572278656301,0.9805537729545203,1.0,0.20588235294117646,0.21129571197456903,0.9051724137931034,0.9264705882352942,0.9570890107640817,0.47844827586206895,0.9794117647058823,0.9957803363466553,0.2415528396836808,0.9882352941176471,0.9964447139602033,2020-09,14,sliding180_unweighted,20260716,lightgbm,platt,399254,0.006043771634097592,69533,0.004889764572217508,3.262392044067383
0.9675811593825066,0.9994291755116338,0.0006155746908619,0.0025323643688071142,-0.5203101173866562,0.9883049169964447,1.0,0.20588235294117646,0.21129571197456903,0.9051724137931034,0.9264705882352942,0.9570890107640817,0.47844827586206895,0.9794117647058823,0.9957803363466553,0.2415528396836808,0.9882352941176471,0.9964447139602033,2020-09,14,sliding180_unweighted,20260716,lightgbm,beta,399254,0.006043771634097592,69533,0.004889764572217508,3.262392044067383
0.9553380245810806,0.9991799153433576,0.0006748058367520571,0.002990428591147065,0.41494107246398926,0.9274902939796448,1.0,0.20588235294117646,0.3038517473446973,0.9051724137931034,0.9264705882352942,0.957578006895773,0.47270114942528735,0.9676470588235294,0.985081917952152,0.24083393242271747,0.9852941176470589,0.99633968240609,2020-09,14,sliding180_unweighted,20260716,xgboost,raw,399254,0.006043771634097592,69533,0.004889764572217508,4.137647867202759
0.9553380245810806,0.9991799153433576,0.0006661960505880415,0.002901956904679537,-0.10814343392848969,0.9529646039009094,1.0,0.20588235294117646,0.3038517473446973,0.9051724137931034,0.9264705882352942,0.957578006895773,0.47270114942528735,0.9676470588235294,0.985081917952152,0.24083393242271747,0.9852941176470589,0.99633968240609,2020-09,14,sliding180_unweighted,20260716,xgboost,platt,399254,0.006043771634097592,69533,0.004889764572217508,4.137647867202759
0.9553380245810806,0.9991799153433576,0.0006671054870821536,0.0029072039760649204,-0.3285142779350281,0.9340903162956238,1.0,0.20588235294117646,0.3038517473446973,0.9051724137931034,0.9264705882352942,0.957578006895773,0.47270114942528735,0.9676470588235294,0.985081917952152,0.24083393242271747,0.9852941176470589,0.99633968240609,2020-09,14,sliding180_unweighted,20260716,xgboost,beta,399254,0.006043771634097592,69533,0.004889764572217508,4.137647867202759
0.5562331148318057,0.9315829720959532,0.0028406891506165266,0.01600358821451664,-0.7955765128135681,0.8859764337539673,0.8571428571428571,0.17647058823529413,0.25891856768928456,0.5948275862068966,0.6088235294117647,0.7847635080618008,0.34626436781609193,0.7088235294117647,0.8646684952056722,0.19338605319913732,0.7911764705882353,0.9266909352539422,2020-09,14,sliding180_unweighted,20260717,logistic,raw,399254,0.006043771634097592,69533,0.004889764572217508,0.6510698795318604
0.5547625265965116,0.9315829083356784,0.002841633977368474,0.015961961820721626,-0.731439471244812,0.8975706100463867,0.8571428571428571,0.17647058823529413,0.25891856768928456,0.5948275862068966,0.6088235294117647,0.7847635080618008,0.34626436781609193,0.7088235294117647,0.8646684952056722,0.19338605319913732,0.7911764705882353,0.9266909352539422,2020-09,14,sliding180_unweighted,20260717,logistic,platt,399254,0.006043771634097592,69533,0.004889764572217508,0.6510698795318604
0.5547625265965116,0.9315829083356783,0.002820417983457446,0.015311405062675476,-0.5072606205940247,0.95270836353302,0.8571428571428571,0.17647058823529413,0.25891856768928456,0.5948275862068966,0.6088235294117647,0.7847635080618008,0.34626436781609193,0.7088235294117647,0.8646684952056722,0.19338605319913732,0.7911764705882353,0.9266909352539422,2020-09,14,sliding180_unweighted,20260717,logistic,beta,399254,0.006043771634097592,69533,0.004889764572217508,0.6510698795318604
0.9536299445716704,0.999285714892955,0.000733435019097572,0.0039959782535745215,-0.003585685582425552,0.6379349135617343,1.0,0.20588235294117646,0.2479363815638,0.8850574712643678,0.9058823529411765,0.9417573638885535,0.47701149425287354,0.9764705882352941,0.9916672829274292,0.24227174694464415,0.9911764705882353,0.9993998549291743,2020-09,14,sliding180_unweighted,20260717,lightgbm,raw,399254,0.006043771634097592,69533,0.004889764572217508,4.179190158843994
0.9536299445716704,0.999285714892955,0.0007164763285418363,0.0031534849880249507,-0.5667537715811775,0.9391008827013934,1.0,0.20588235294117646,0.2479363815638,0.8850574712643678,0.9058823529411765,0.9417573638885535,0.47701149425287354,0.9764705882352941,0.9916672829274292,0.24227174694464415,0.9911764705882353,0.9993998549291743,2020-09,14,sliding180_unweighted,20260717,lightgbm,platt,399254,0.006043771634097592,69533,0.004889764572217508,4.179190158843994
0.9536299445716704,0.999285714892955,0.0007295266826020247,0.0030878898999250805,-0.367038975229552,0.9767869612017718,1.0,0.20588235294117646,0.2479363815638,0.8850574712643678,0.9058823529411765,0.9417573638885535,0.47701149425287354,0.9764705882352941,0.9916672829274292,0.24227174694464415,0.9911764705882353,0.9993998549291743,2020-09,14,sliding180_unweighted,20260717,lightgbm,beta,399254,0.006043771634097592,69533,0.004889764572217508,4.179190158843994
0.9564834666271628,0.9991575992471187,0.0006663792883045971,0.0029314085841178894,0.3186676502227783,0.9215817451477051,1.0,0.20588235294117646,0.30589145124550204,0.9022988505747126,0.9235294117647059,0.9535159645742234,0.47126436781609193,0.9647058823529412,0.9823622469727455,0.24227174694464415,0.9911764705882353,0.9993998549291743,2020-09,14,sliding180_unweighted,20260717,xgboost,raw,399254,0.006043771634097592,69533,0.004889764572217508,3.6222000122070312
0.9564834666271628,0.9991575992471187,0.0006658525089733303,0.0028842936735600233,-0.41016560792922974,0.9252429604530334,1.0,0.20588235294117646,0.30589145124550204,0.9022988505747126,0.9235294117647059,0.9535159645742234,0.47126436781609193,0.9647058823529412,0.9823622469727455,0.24227174694464415,0.9911764705882353,0.9993998549291743,2020-09,14,sliding180_unweighted,20260717,xgboost,platt,399254,0.006043771634097592,69533,0.004889764572217508,3.6222000122070312
0.9564834666271629,0.9991575992471187,0.0006658014608547091,0.002890360075980425,-0.4288984537124634,0.9271880984306335,1.0,0.20588235294117646,0.30589145124550204,0.9022988505747126,0.9235294117647059,0.9535159645742234,0.47126436781609193,0.9647058823529412,0.9823622469727455,0.24227174694464415,0.9911764705882353,0.9993998549291743,2020-09,14,sliding180_unweighted,20260717,xgboost,beta,399254,0.006043771634097592,69533,0.004889764572217508,3.6222000122070312
0.37990544091894934,0.9698340575083675,0.03951314091682434,0.20281873643398285,-5.383803367614746,0.43828481435775757,0.4142857142857143,0.08529411764705883,0.12780277984828786,0.47701149425287354,0.48823529411764705,0.619806543618756,0.3764367816091954,0.7705882352941177,0.8898893883054051,0.20992092020129402,0.8588235294117647,0.9611892867420135,2020-09,30,capped_weighted,20260716,logistic,raw,350000,0.021825714285714285,69533,0.004889764572217508,0.5240507125854492
0.3833484059427967,0.9698424738646633,0.0040827724151313305,0.01660650596022606,-0.6492340564727783,0.9091514945030212,0.42857142857142855,0.08823529411764706,0.1354152241683674,0.47701149425287354,0.48823529411764705,0.619806543618756,0.3764367816091954,0.7705882352941177,0.8898893883054051,0.20992092020129402,0.8588235294117647,0.9611892867420135,2020-09,30,capped_weighted,20260716,logistic,platt,350000,0.021825714285714285,69533,0.004889764572217508,0.5240507125854492
0.38334839913251323,0.9698424526112384,0.0034680652897804976,0.013805081136524677,-0.10884325951337814,1.010581135749817,0.42857142857142855,0.08823529411764706,0.1354152241683674,0.47701149425287354,0.48823529411764705,0.619806543618756,0.3764367816091954,0.7705882352941177,0.8898893883054051,0.20992092020129402,0.8588235294117647,0.9611892867420135,2020-09,30,capped_weighted,20260716,logistic,beta,350000,0.021825714285714285,69533,0.004889764572217508,0.5240507125854492
0.9734710048452242,0.9994216092923374,0.0016498811019872424,0.0063411094672609835,-3.149567575939836,0.9590682616722908,1.0,0.20588235294117646,0.2872422576722492,0.9137931034482759,0.9352941176470588,0.9572091384457471,0.47988505747126436,0.9823529411764705,0.9921632844516447,0.24299065420560748,0.9941176470588236,0.9970029746771341,2020-09,30,capped_weighted,20260716,lightgbm,raw,350000,0.021825714285714285,69533,0.004889764572217508,3.435134172439575
0.9734710048452241,0.9994216092923375,0.0005384028291122953,0.0021831654950865654,-0.14649532084157812,0.9330937611953551,1.0,0.20588235294117646,0.2872422576722492,0.9137931034482759,0.9352941176470588,0.9572091384457471,0.47988505747126436,0.9823529411764705,0.9921632844516447,0.24299065420560748,0.9941176470588236,0.9970029746771341,2020-09,30,capped_weighted,20260716,lightgbm,platt,350000,0.021825714285714285,69533,0.004889764572217508,3.435134172439575
0.9734710048452241,0.9994216092923375,0.0005376939766494786,0.0021992636220404347,-0.10877138025935736,0.907647871788028,1.0,0.20588235294117646,0.2872422576722492,0.9137931034482759,0.9352941176470588,0.9572091384457471,0.47988505747126436,0.9823529411764705,0.9921632844516447,0.24299065420560748,0.9941176470588236,0.9970029746771341,2020-09,30,capped_weighted,20260716,lightgbm,beta,350000,0.021825714285714285,69533,0.004889764572217508,3.435134172439575
0.9720594766630654,0.9992716451256121,0.0011403033277019858,0.00438326969742775,-2.508852481842041,0.8416905403137207,1.0,0.20588235294117646,0.2612318765685358,0.9137931034482759,0.9352941176470588,0.958366754893501,0.4827586206896552,0.9882352941176471,0.9964447139602033,0.24299065420560748,0.9941176470588236,0.9970029746771341,2020-09,30,capped_weighted,20260716,xgboost,raw,350000,0.021825714285714285,69533,0.004889764572217508,3.582443952560425
0.9720594766630654,0.999271645125612,0.0005420883535407484,0.0022507680114358664,-0.10423725843429565,0.9099207520484924,1.0,0.20588235294117646,0.2612318765685358,0.9137931034482759,0.9352941176470588,0.958366754893501,0.4827586206896552,0.9882352941176471,0.9964447139602033,0.24299065420560748,0.9941176470588236,0.9970029746771341,2020-09,30,capped_weighted,20260716,xgboost,platt,350000,0.021825714285714285,69533,0.004889764572217508,3.582443952560425
0.9720594766630654,0.999271645125612,0.0005444546695798635,0.0022619026713073254,-0.1073376014828682,0.8987184166908264,1.0,0.20588235294117646,0.2612318765685358,0.9137931034482759,0.9352941176470588,0.958366754893501,0.4827586206896552,0.9882352941176471,0.9964447139602033,0.24299065420560748,0.9941176470588236,0.9970029746771341,2020-09,30,capped_weighted,20260716,xgboost,beta,350000,0.021825714285714285,69533,0.004889764572217508,3.582443952560425
0.3785536858911431,0.9699035137012328,0.03952493518590927,0.20193259418010712,-5.364584445953369,0.4410942792892456,0.35714285714285715,0.07352941176470588,0.11118302875580433,0.47988505747126436,0.49117647058823527,0.6214739750407732,0.375,0.7676470588235295,0.8809407393619538,0.20848310567936737,0.8529411764705882,0.9583527934422028,2020-09,30,capped_weighted,20260717,logistic,raw,350000,0.021825714285714285,69533,0.004889764572217508,0.5131900310516357
0.38356742970642616,0.9699162657562267,0.004080909304320812,0.01668483205139637,-0.604202926158905,0.9151858687400818,0.4,0.08235294117647059,0.12398405158257984,0.47988505747126436,0.49117647058823527,0.6214739750407732,0.375,0.7676470588235295,0.8809407393619538,0.20848310567936737,0.8529411764705882,0.9583527934422028,2020-09,30,capped_weighted,20260717,logistic,platt,350000,0.021825714285714285,69533,0.004889764572217508,0.5131900310516357
0.38356742970642616,0.9699162657562267,0.0034928065724670887,0.013829518109560013,-0.10974916815757751,1.0086119174957275,0.4,0.08235294117647059,0.12398405158257984,0.47988505747126436,0.49117647058823527,0.6214739750407732,0.375,0.7676470588235295,0.8809407393619538,0.20848310567936737,0.8529411764705882,0.9583527934422028,2020-09,30,capped_weighted,20260717,logistic,beta,350000,0.021825714285714285,69533,0.004889764572217508,0.5131900310516357
0.9764043654135711,0.9993034827562461,0.001488319219060836,0.0057041239105180795,-3.070618297394315,0.9813249567645276,1.0,0.20588235294117646,0.2727395164670878,0.9252873563218391,0.9470588235294117,0.9635110810262941,0.47844827586206895,0.9794117647058823,0.9916148411509978,0.24299065420560748,0.9941176470588236,0.9970029746771341,2020-09,30,capped_weighted,20260717,lightgbm,raw,350000,0.021825714285714285,69533,0.004889764572217508,3.3168821334838867
0.9764043654135711,0.9993034827562461,0.0004926671927531493,0.002053584748331425,-0.42848616831085873,0.9356981950621654,1.0,0.20588235294117646,0.2727395164670878,0.9252873563218391,0.9470588235294117,0.9635110810262941,0.47844827586206895,0.9794117647058823,0.9916148411509978,0.24299065420560748,0.9941176470588236,0.9970029746771341,2020-09,30,capped_weighted,20260717,lightgbm,platt,350000,0.021825714285714285,69533,0.004889764572217508,3.3168821334838867
0.9764043654135711,0.9993034827562461,0.00048712685575602686,0.00202551032187101,-0.39280527736743304,0.9229499818584177,1.0,0.20588235294117646,0.2727395164670878,0.9252873563218391,0.9470588235294117,0.9635110810262941,0.47844827586206895,0.9794117647058823,0.9916148411509978,0.24299065420560748,0.9941176470588236,0.9970029746771341,2020-09,30,capped_weighted,20260717,lightgbm,beta,350000,0.021825714285714285,69533,0.004889764572217508,3.3168821334838867
0.9743809226706508,0.998951781079521,0.0010788135696202517,0.00400958675891161,-2.682014226913452,0.9311543107032776,1.0,0.20588235294117646,0.2751476941479171,0.9166666666666666,0.9382352941176471,0.9560446646067196,0.47988505747126436,0.9823529411764705,0.9917198727051112,0.24299065420560748,0.9941176470588236,0.9970029746771341,2020-09,30,capped_weighted,20260717,xgboost,raw,350000,0.021825714285714285,69533,0.004889764572217508,4.272568225860596
0.9743809226706507,0.998951781079521,0.0004612297343555838,0.0020704499911516905,-0.0658765509724617,0.9183885455131531,1.0,0.20588235294117646,0.2751476941479171,0.9166666666666666,0.9382352941176471,0.9560446646067196,0.47988505747126436,0.9823529411764705,0.9917198727051112,0.24299065420560748,0.9941176470588236,0.9970029746771341,2020-09,30,capped_weighted,20260717,xgboost,platt,350000,0.021825714285714285,69533,0.004889764572217508,4.272568225860596
0.9743809226706508,0.998951781079521,0.00046484023914672434,0.0020514586940407753,-0.08896089345216751,0.9871035218238831,1.0,0.20588235294117646,0.2751476941479171,0.9166666666666666,0.9382352941176471,0.9560446646067196,0.47988505747126436,0.9823529411764705,0.9917198727051112,0.24299065420560748,0.9941176470588236,0.9970029746771341,2020-09,30,capped_weighted,20260717,xgboost,beta,350000,0.021825714285714285,69533,0.004889764572217508,4.272568225860596
0.38425703745066025,0.9673777141686384,0.041589416563510895,0.20617058873176575,-5.421233177185059,0.42719849944114685,0.5,0.10294117647058823,0.1631652119705977,0.4827586206896552,0.49411764705882355,0.6260227441415062,0.3706896551724138,0.7588235294117647,0.8685372478940532,0.21279654924514738,0.8705882352941177,0.9636511395430285,2020-09,30,sliding180_weighted,20260716,logistic,raw,399254,0.006043771634097592,69533,0.004889764572217508,0.6559200286865234
0.3827927248408369,0.967373994819265,0.0040159630589187145,0.0162546057254076,-0.5575721859931946,0.9317185878753662,0.4714285714285714,0.09705882352941177,0.15012876848800788,0.4827586206896552,0.49411764705882355,0.6260227441415062,0.3706896551724138,0.7588235294117647,0.8685372478940532,0.21279654924514738,0.8705882352941177,0.9636511395430285,2020-09,30,sliding180_weighted,20260716,logistic,platt,399254,0.006043771634097592,69533,0.004889764572217508,0.6559200286865234
0.3827927248408369,0.9673739948192652,0.003492161398753524,0.014042549766600132,-0.1141863465309143,1.0229469537734985,0.4714285714285714,0.09705882352941177,0.15012876848800788,0.4827586206896552,0.49411764705882355,0.6260227441415062,0.3706896551724138,0.7588235294117647,0.8685372478940532,0.21279654924514738,0.8705882352941177,0.9636511395430285,2020-09,30,sliding180_weighted,20260716,logistic,beta,399254,0.006043771634097592,69533,0.004889764572217508,0.6559200286865234
0.969356378080246,0.9995606917054684,0.0007355683238756745,0.0028877985897931163,-1.4791259482798143,0.8150091868075501,1.0,0.20588235294117646,0.28332540457745176,0.9137931034482759,0.9352941176470588,0.9640511375894119,0.47988505747126436,0.9823529411764705,0.9962542856845444,0.2415528396836808,0.9882352941176471,0.9964447139602032,2020-09,30,sliding180_weighted,20260716,lightgbm,raw,399254,0.006043771634097592,69533,0.004889764572217508,3.7349660396575928
0.969356378080246,0.9995606917054684,0.0005673501406230368,0.002339561689411082,-0.09146877470127202,0.9424106030127485,1.0,0.20588235294117646,0.28332540457745176,0.9137931034482759,0.9352941176470588,0.9640511375894119,0.47988505747126436,0.9823529411764705,0.9962542856845444,0.2415528396836808,0.9882352941176471,0.9964447139602032,2020-09,30,sliding180_weighted,20260716,lightgbm,platt,399254,0.006043771634097592,69533,0.004889764572217508,3.7349660396575928
0.969356378080246,0.9995606917054684,0.0005696517708776251,0.002350447283336232,-0.09641421825295189,0.9352919033053686,1.0,0.20588235294117646,0.28332540457745176,0.9137931034482759,0.9352941176470588,0.9640511375894119,0.47988505747126436,0.9823529411764705,0.9962542856845444,0.2415528396836808,0.9882352941176471,0.9964447139602032,2020-09,30,sliding180_weighted,20260716,lightgbm,beta,399254,0.006043771634097592,69533,0.004889764572217508,3.7349660396575928
0.9642878957963938,0.9992890304272534,0.0007242741412483156,0.0029736622236669064,-1.185278058052063,0.7945752143859863,1.0,0.20588235294117646,0.27010134484296305,0.896551724137931,0.9176470588235294,0.9545710161553725,0.47988505747126436,0.9823529411764705,0.9912609208272738,0.2415528396836808,0.9882352941176471,0.9964447139602033,2020-09,30,sliding180_weighted,20260716,xgboost,raw,399254,0.006043771634097592,69533,0.004889764572217508,4.937376976013184
0.9642878957963937,0.9992890304272534,0.0006320637185126543,0.0026294367853552103,-0.1108638122677803,0.9604060053825378,1.0,0.20588235294117646,0.27010134484296305,0.896551724137931,0.9176470588235294,0.9545710161553725,0.47988505747126436,0.9823529411764705,0.9912609208272738,0.2415528396836808,0.9882352941176471,0.9964447139602033,2020-09,30,sliding180_weighted,20260716,xgboost,platt,399254,0.006043771634097592,69533,0.004889764572217508,4.937376976013184
0.9642878957963937,0.9992890304272534,0.0006325700087472796,0.0026199468411505222,-0.1092127338051796,0.9419718384742737,1.0,0.20588235294117646,0.27010134484296305,0.896551724137931,0.9176470588235294,0.9545710161553725,0.47988505747126436,0.9823529411764705,0.9912609208272738,0.2415528396836808,0.9882352941176471,0.9964447139602033,2020-09,30,sliding180_weighted,20260716,xgboost,beta,399254,0.006043771634097592,69533,0.004889764572217508,4.937376976013184
0.38425703745066025,0.9673777141686384,0.041589416563510895,0.20617058873176575,-5.421233177185059,0.42719849944114685,0.5,0.10294117647058823,0.1631652119705977,0.4827586206896552,0.49411764705882355,0.6260227441415062,0.3706896551724138,0.7588235294117647,0.8685372478940532,0.21279654924514738,0.8705882352941177,0.9636511395430285,2020-09,30,sliding180_weighted,20260717,logistic,raw,399254,0.006043771634097592,69533,0.004889764572217508,0.6506979465484619
0.3827927248408369,0.967373994819265,0.0040159630589187145,0.0162546057254076,-0.5575721859931946,0.9317185878753662,0.4714285714285714,0.09705882352941177,0.15012876848800788,0.4827586206896552,0.49411764705882355,0.6260227441415062,0.3706896551724138,0.7588235294117647,0.8685372478940532,0.21279654924514738,0.8705882352941177,0.9636511395430285,2020-09,30,sliding180_weighted,20260717,logistic,platt,399254,0.006043771634097592,69533,0.004889764572217508,0.6506979465484619
0.3827927248408369,0.9673739948192652,0.003492161398753524,0.014042549766600132,-0.1141863465309143,1.0229469537734985,0.4714285714285714,0.09705882352941177,0.15012876848800788,0.4827586206896552,0.49411764705882355,0.6260227441415062,0.3706896551724138,0.7588235294117647,0.8685372478940532,0.21279654924514738,0.8705882352941177,0.9636511395430285,2020-09,30,sliding180_weighted,20260717,logistic,beta,399254,0.006043771634097592,69533,0.004889764572217508,0.6506979465484619
0.9684925245727467,0.9992637388515159,0.0007290222037553335,0.0029545478555611025,-1.5411079108176073,0.8216620879043903,1.0,0.20588235294117646,0.26796455212182235,0.9109195402298851,0.9323529411764706,0.9596799699892931,0.47988505747126436,0.9823529411764705,0.9962542856845447,0.2415528396836808,0.9882352941176471,0.9964447139602033,2020-09,30,sliding180_weighted,20260717,lightgbm,raw,399254,0.006043771634097592,69533,0.004889764572217508,3.008439064025879
0.9684925245727467,0.9992637388515159,0.0005385332750935425,0.0023460696288649437,-0.10024004811181449,0.9667986007854441,1.0,0.20588235294117646,0.26796455212182235,0.9109195402298851,0.9323529411764706,0.9596799699892931,0.47988505747126436,0.9823529411764705,0.9962542856845447,0.2415528396836808,0.9882352941176471,0.9964447139602033,2020-09,30,sliding180_weighted,20260717,lightgbm,platt,399254,0.006043771634097592,69533,0.004889764572217508,3.008439064025879
0.9684925245727467,0.9992637388515159,0.000538734866382119,0.002353097473542602,-0.10181108594342757,0.9481507650420862,1.0,0.20588235294117646,0.26796455212182235,0.9109195402298851,0.9323529411764706,0.9596799699892931,0.47988505747126436,0.9823529411764705,0.9962542856845447,0.2415528396836808,0.9882352941176471,0.9964447139602033,2020-09,30,sliding180_weighted,20260717,lightgbm,beta,399254,0.006043771634097592,69533,0.004889764572217508,3.008439064025879
0.9639048814039665,0.9992663317693646,0.0006791022606194019,0.002839823719114065,-1.044254183769226,0.818702220916748,1.0,0.20588235294117646,0.26640718429643595,0.9051724137931034,0.9264705882352942,0.9649434864624983,0.47844827586206895,0.9794117647058823,0.988783527894955,0.2415528396836808,0.9882352941176471,0.9964447139602033,2020-09,30,sliding180_weighted,20260717,xgboost,raw,399254,0.006043771634097592,69533,0.004889764572217508,3.7374250888824463
0.9639048814039664,0.9992663317693646,0.000602772634010762,0.002573619596660137,-0.09906003624200821,0.9784871935844421,1.0,0.20588235294117646,0.26640718429643595,0.9051724137931034,0.9264705882352942,0.9649434864624983,0.47844827586206895,0.9794117647058823,0.988783527894955,0.2415528396836808,0.9882352941176471,0.9964447139602033,2020-09,30,sliding180_weighted,20260717,xgboost,platt,399254,0.006043771634097592,69533,0.004889764572217508,3.7374250888824463
0.9639048814039664,0.9992663317693646,0.0006036696140654385,0.0025704370345920324,-0.10000354796648026,0.9662458896636963,1.0,0.20588235294117646,0.26640718429643595,0.9051724137931034,0.9264705882352942,0.9649434864624983,0.47844827586206895,0.9794117647058823,0.988783527894955,0.2415528396836808,0.9882352941176471,0.9964447139602033,2020-09,30,sliding180_weighted,20260717,xgboost,beta,399254,0.006043771634097592,69533,0.004889764572217508,3.7374250888824463
0.5568369747510543,0.9316416315489242,0.0028388453647494316,0.015984544530510902,-0.789465606212616,0.8854598999023438,0.8571428571428571,0.17647058823529413,0.25891856768928456,0.5948275862068966,0.6088235294117647,0.7847635080618008,0.34913793103448276,0.7147058823529412,0.8661949307697018,0.19266714593817397,0.788235294117647,0.9249007121277503,2020-09,30,sliding180_unweighted,20260716,logistic,raw,399254,0.006043771634097592,69533,0.004889764572217508,0.6123669147491455
0.555455513075475,0.9316415677886491,0.0028386893682181835,0.016000084578990936,-0.8229462504386902,0.8780239820480347,0.8571428571428571,0.17647058823529413,0.25891856768928456,0.5948275862068966,0.6088235294117647,0.7847635080618008,0.34913793103448276,0.7147058823529412,0.8661949307697018,0.19266714593817397,0.788235294117647,0.9249007121277503,2020-09,30,sliding180_unweighted,20260716,logistic,platt,399254,0.006043771634097592,69533,0.004889764572217508,0.6123669147491455
0.5553663865157602,0.9316415677886491,0.0028088034596294165,0.015027574263513088,-0.5010060667991638,0.9584827423095703,0.8571428571428571,0.17647058823529413,0.25891856768928456,0.5948275862068966,0.6088235294117647,0.7847635080618008,0.34913793103448276,0.7147058823529412,0.8661949307697018,0.19266714593817397,0.788235294117647,0.9249007121277503,2020-09,30,sliding180_unweighted,20260716,logistic,beta,399254,0.006043771634097592,69533,0.004889764572217508,0.6123669147491455
0.9617756109278515,0.9987839215289545,0.0005723058851538831,0.00304323037848925,-0.007045760287546946,0.717854759074775,1.0,0.20588235294117646,0.2009068135286364,0.9051724137931034,0.9264705882352942,0.9587361166810286,0.4755747126436782,0.9735294117647059,0.992374679571126,0.24011502516175415,0.9823529411764705,0.9963208369135249,2020-09,30,sliding180_unweighted,20260716,lightgbm,raw,399254,0.006043771634097592,69533,0.004889764572217508,2.92490291595459
0.9617756109278516,0.9987839215289545,0.0005861134985223256,0.0026844994687112234,-0.5513976508488785,0.9734616227564367,1.0,0.20588235294117646,0.2009068135286364,0.9051724137931034,0.9264705882352942,0.9587361166810286,0.4755747126436782,0.9735294117647059,0.992374679571126,0.24011502516175415,0.9823529411764705,0.9963208369135249,2020-09,30,sliding180_unweighted,20260716,lightgbm,platt,399254,0.006043771634097592,69533,0.004889764572217508,2.92490291595459
0.9617756109278516,0.9987839215289545,0.0005962818564123979,0.0026932243569381957,-0.49502200936990276,0.9766600844234361,1.0,0.20588235294117646,0.2009068135286364,0.9051724137931034,0.9264705882352942,0.9587361166810286,0.4755747126436782,0.9735294117647059,0.992374679571126,0.24011502516175415,0.9823529411764705,0.9963208369135249,2020-09,30,sliding180_unweighted,20260716,lightgbm,beta,399254,0.006043771634097592,69533,0.004889764572217508,2.92490291595459
0.9548350147115198,0.9990594934373674,0.0006573934806510806,0.0029895431362092495,0.4133686423301697,0.9222222566604614,1.0,0.20588235294117646,0.3058403414803253,0.9051724137931034,0.9264705882352942,0.9575928070208242,0.46839080459770116,0.9588235294117647,0.9800663035735544,0.24083393242271747,0.9852941176470589,0.9963396824060898,2020-09,30,sliding180_unweighted,20260716,xgboost,raw,399254,0.006043771634097592,69533,0.004889764572217508,3.3722448348999023
0.9548350147115197,0.9990594934373674,0.0006506106001324952,0.0029077923391014338,-0.34776994585990906,0.923603355884552,1.0,0.20588235294117646,0.3058403414803253,0.9051724137931034,0.9264705882352942,0.9575928070208242,0.46839080459770116,0.9588235294117647,0.9800663035735544,0.24083393242271747,0.9852941176470589,0.9963396824060898,2020-09,30,sliding180_unweighted,20260716,xgboost,platt,399254,0.006043771634097592,69533,0.004889764572217508,3.3722448348999023
0.9548350147115198,0.9990594934373676,0.0006514715496450663,0.0029140193946659565,-0.40222495794296265,0.9194486737251282,1.0,0.20588235294117646,0.30584034148032535,0.9051724137931034,0.9264705882352942,0.9575928070208242,0.46839080459770116,0.9588235294117647,0.9800663035735544,0.24083393242271747,0.9852941176470589,0.9963396824060898,2020-09,30,sliding180_unweighted,20260716,xgboost,beta,399254,0.006043771634097592,69533,0.004889764572217508,3.3722448348999023
0.5568369747510543,0.9316416315489242,0.0028388453647494316,0.015984544530510902,-0.789465606212616,0.8854598999023438,0.8571428571428571,0.17647058823529413,0.25891856768928456,0.5948275862068966,0.6088235294117647,0.7847635080618008,0.34913793103448276,0.7147058823529412,0.8661949307697018,0.19266714593817397,0.788235294117647,0.9249007121277503,2020-09,30,sliding180_unweighted,20260717,logistic,raw,399254,0.006043771634097592,69533,0.004889764572217508,0.6274540424346924
0.555455513075475,0.9316415677886491,0.0028386893682181835,0.016000084578990936,-0.8229462504386902,0.8780239820480347,0.8571428571428571,0.17647058823529413,0.25891856768928456,0.5948275862068966,0.6088235294117647,0.7847635080618008,0.34913793103448276,0.7147058823529412,0.8661949307697018,0.19266714593817397,0.788235294117647,0.9249007121277503,2020-09,30,sliding180_unweighted,20260717,logistic,platt,399254,0.006043771634097592,69533,0.004889764572217508,0.6274540424346924
0.5553663865157602,0.9316415677886491,0.0028088034596294165,0.015027574263513088,-0.5010060667991638,0.9584827423095703,0.8571428571428571,0.17647058823529413,0.25891856768928456,0.5948275862068966,0.6088235294117647,0.7847635080618008,0.34913793103448276,0.7147058823529412,0.8661949307697018,0.19266714593817397,0.788235294117647,0.9249007121277503,2020-09,30,sliding180_unweighted,20260717,logistic,beta,399254,0.006043771634097592,69533,0.004889764572217508,0.6274540424346924
0.9460014054182985,0.9990168165599886,0.0007740134961296703,0.004354488419761656,-0.030553852836966457,0.627207830508248,1.0,0.20588235294117646,0.24146971359143335,0.8735632183908046,0.8941176470588236,0.939012039359058,0.46839080459770116,0.9588235294117647,0.982472557238127,0.24083393242271747,0.9852941176470589,0.9992597964124399,2020-09,30,sliding180_unweighted,20260717,lightgbm,raw,399254,0.006043771634097592,69533,0.004889764572217508,2.8077712059020996
0.9460014054182985,0.9990168165599886,0.0007830733948874973,0.0034584285839167946,-0.7019877391777783,0.9194983114737564,1.0,0.20588235294117646,0.24146971359143335,0.8735632183908046,0.8941176470588236,0.939012039359058,0.46839080459770116,0.9588235294117647,0.982472557238127,0.24083393242271747,0.9852941176470589,0.9992597964124399,2020-09,30,sliding180_unweighted,20260717,lightgbm,platt,399254,0.006043771634097592,69533,0.004889764572217508,2.8077712059020996
0.9460014054182985,0.9990168165599886,0.0008121804647350418,0.0034381401626027404,-0.3830009354271717,0.9551131397728794,1.0,0.20588235294117646,0.24146971359143335,0.8735632183908046,0.8941176470588236,0.939012039359058,0.46839080459770116,0.9588235294117647,0.982472557238127,0.24083393242271747,0.9852941176470589,0.9992597964124399,2020-09,30,sliding180_unweighted,20260717,lightgbm,beta,399254,0.006043771634097592,69533,0.004889764572217508,2.8077712059020996
0.9584109264508323,0.9992652265912652,0.0006494743283838034,0.0028529418632388115,0.3373677730560303,0.9238982200622559,1.0,0.20588235294117646,0.3054443888014558,0.9022988505747126,0.9235294117647059,0.9534916923691396,0.4755747126436782,0.9735294117647059,0.9875810670682962,0.2415528396836808,0.9882352941176471,0.9992948233750609,2020-09,30,sliding180_unweighted,20260717,xgboost,raw,399254,0.006043771634097592,69533,0.004889764572217508,3.324363946914673
0.9584109264508321,0.9992652265912653,0.0006513813859783113,0.0028007919900119305,-0.4135017693042755,0.9579757452011108,1.0,0.20588235294117646,0.3054443888014558,0.9022988505747126,0.9235294117647059,0.9534916923691396,0.4755747126436782,0.9735294117647059,0.9875810670682962,0.2415528396836808,0.9882352941176471,0.9992948233750609,2020-09,30,sliding180_unweighted,20260717,xgboost,platt,399254,0.006043771634097592,69533,0.004889764572217508,3.324363946914673
0.9584109264508321,0.9992652265912652,0.0006508043734356761,0.0028006164357066154,-0.4112967550754547,0.9582837820053101,1.0,0.20588235294117646,0.3054443888014558,0.9022988505747126,0.9235294117647059,0.9534916923691396,0.4755747126436782,0.9735294117647059,0.9875810670682962,0.2415528396836808,0.9882352941176471,0.9992948233750609,2020-09,30,sliding180_unweighted,20260717,xgboost,beta,399254,0.006043771634097592,69533,0.004889764572217508,3.324363946914673
0.41747042043929466,0.9784806392042709,0.043506551533937454,0.21417681872844696,-5.2736406326293945,0.46762317419052124,0.42857142857142855,0.078125,0.1033454674232334,0.5273775216138329,0.4765625,0.61351392270619,0.4034582132564842,0.7291666666666666,0.8806640815446021,0.23792357606344627,0.859375,0.9619978670876657,2020-10,0,capped_weighted,20260716,logistic,raw,350000,0.022742857142857145,69348,0.005537290188613947,0.587069034576416
0.4182562525507317,0.9784822251766623,0.004320302978157997,0.018006430938839912,0.46920159459114075,1.062421441078186,0.4714285714285714,0.0859375,0.11671295885111323,0.5273775216138329,0.4765625,0.61351392270619,0.4034582132564842,0.7291666666666666,0.8806640815446021,0.23792357606344627,0.859375,0.9619978670876657,2020-10,0,capped_weighted,20260716,logistic,platt,350000,0.022742857142857145,69348,0.005537290188613947,0.587069034576416
0.4182562525507317,0.9784822251766622,0.0038318985607475042,0.014627133496105671,0.29734665155410767,1.067634105682373,0.4714285714285714,0.0859375,0.11671295885111323,0.5273775216138329,0.4765625,0.61351392270619,0.4034582132564842,0.7291666666666666,0.8806640815446021,0.23792357606344627,0.859375,0.9619978670876657,2020-10,0,capped_weighted,20260716,logistic,beta,350000,0.022742857142857145,69348,0.005537290188613947,0.587069034576416
0.9764292568447437,0.9996893759787715,0.0017332493083837212,0.006510149383345889,-3.0323988094275114,0.9871164844809284,1.0,0.18229166666666666,0.26581055654060987,0.9798270893371758,0.8854166666666666,0.9500440679506991,0.5446685878962536,0.984375,0.9963577277575731,0.2761355443403028,0.9973958333333334,0.9998921630120974,2020-10,0,capped_weighted,20260716,lightgbm,raw,350000,0.022742857142857145,69348,0.005537290188613947,2.438223123550415
0.9764292568447438,0.9996893759787715,0.0005496632551374699,0.0022289985840855983,-0.07917225800650346,0.9968609499635099,1.0,0.18229166666666666,0.26581055654060987,0.9798270893371758,0.8854166666666666,0.9500440679506991,0.5446685878962536,0.984375,0.9963577277575731,0.2761355443403028,0.9973958333333334,0.9998921630120974,2020-10,0,capped_weighted,20260716,lightgbm,platt,350000,0.022742857142857145,69348,0.005537290188613947,2.438223123550415
0.9764292568447438,0.9996893759787715,0.000548902129437225,0.0022432359084212684,-0.04155109934616599,0.9330069329925971,1.0,0.18229166666666666,0.26581055654060987,0.9798270893371758,0.8854166666666666,0.9500440679506991,0.5446685878962536,0.984375,0.9963577277575731,0.2761355443403028,0.9973958333333334,0.9998921630120974,2020-10,0,capped_weighted,20260716,lightgbm,beta,350000,0.022742857142857145,69348,0.005537290188613947,2.438223123550415
0.9789793054313023,0.9995587220627188,0.0011165839387103915,0.004321096930652857,-2.5696194171905518,0.9256007075309753,1.0,0.18229166666666666,0.2645471406401407,0.9798270893371758,0.8854166666666666,0.9552839536056542,0.5461095100864554,0.9869791666666666,0.9963977639650307,0.2754145638067772,0.9947916666666666,0.9996334871838375,2020-10,0,capped_weighted,20260716,xgboost,raw,350000,0.022742857142857145,69348,0.005537290188613947,3.931920051574707
0.9789793054313024,0.9995587220627187,0.0005430641467683017,0.0021878478582948446,0.09736353904008865,0.9649292230606079,1.0,0.18229166666666666,0.2645471406401407,0.9798270893371758,0.8854166666666666,0.9552839536056542,0.5461095100864554,0.9869791666666666,0.9963977639650307,0.2754145638067772,0.9947916666666666,0.9996334871838375,2020-10,0,capped_weighted,20260716,xgboost,platt,350000,0.022742857142857145,69348,0.005537290188613947,3.931920051574707
0.9789793054313024,0.9995587220627187,0.000540630950126797,0.0021746011916548014,0.24754436314105988,1.0296449661254883,1.0,0.18229166666666666,0.2645471406401407,0.9798270893371758,0.8854166666666666,0.9552839536056542,0.5461095100864554,0.9869791666666666,0.9963977639650307,0.2754145638067772,0.9947916666666666,0.9996334871838375,2020-10,0,capped_weighted,20260716,xgboost,beta,350000,0.022742857142857145,69348,0.005537290188613947,3.931920051574707
0.415569200778815,0.9784346648855442,0.043565474450588226,0.21349488198757172,-5.255720138549805,0.47160816192626953,0.38571428571428573,0.0703125,0.10047180855309405,0.5302593659942363,0.4791666666666667,0.6163376769294858,0.40057636887608067,0.7239583333333334,0.8711843461803542,0.23720259552992068,0.8567708333333334,0.9619562457940892,2020-10,0,capped_weighted,20260717,logistic,raw,350000,0.022742857142857145,69348,0.005537290188613947,0.5235471725463867
0.41662088347112264,0.9784367795153994,0.004346261732280254,0.018105534836649895,0.4670066833496094,1.0637273788452148,0.4142857142857143,0.07552083333333333,0.10657597519739054,0.5302593659942363,0.4791666666666667,0.6163376769294858,0.40057636887608067,0.7239583333333334,0.8711843461803542,0.23720259552992068,0.8567708333333334,0.9619562457940892,2020-10,0,capped_weighted,20260717,logistic,platt,350000,0.022742857142857145,69348,0.005537290188613947,0.5235471725463867
0.4166208834711226,0.9784367795153993,0.0038365900982171297,0.014645772986114025,0.27939510345458984,1.0597466230392456,0.4142857142857143,0.07552083333333333,0.10657597519739054,0.5302593659942363,0.4791666666666667,0.6163376769294858,0.40057636887608067,0.7239583333333334,0.8711843461803542,0.23720259552992068,0.8567708333333334,0.9619562457940892,2020-10,0,capped_weighted,20260717,logistic,beta,350000,0.022742857142857145,69348,0.005537290188613947,0.5235471725463867
0.9781178723364209,0.9996305439553004,0.0017464286429085985,0.006614118779264707,-3.0052885264998803,1.0130750193476163,1.0,0.18229166666666666,0.2714286641962845,0.9855907780979827,0.890625,0.9451585768728674,0.547550432276657,0.9895833333333334,0.9995387399393691,0.2761355443403028,0.9973958333333334,0.9998921630120974,2020-10,0,capped_weighted,20260717,lightgbm,raw,350000,0.022742857142857145,69348,0.005537290188613947,2.337214946746826
0.9781178723364209,0.9996305439553004,0.0005425475706659119,0.0021723808553618194,-0.07960619073105216,0.9968263913025633,1.0,0.18229166666666666,0.2714286641962845,0.9855907780979827,0.890625,0.9451585768728674,0.547550432276657,0.9895833333333334,0.9995387399393691,0.2761355443403028,0.9973958333333334,0.9998921630120974,2020-10,0,capped_weighted,20260717,lightgbm,platt,350000,0.022742857142857145,69348,0.005537290188613947,2.337214946746826
0.9781178723364209,0.9996305439553004,0.0005453617123478339,0.0022084990366313126,-0.047252030348657895,0.9497039537505367,1.0,0.18229166666666666,0.2714286641962845,0.9855907780979827,0.890625,0.9451585768728674,0.547550432276657,0.9895833333333334,0.9995387399393691,0.2761355443403028,0.9973958333333334,0.9998921630120974,2020-10,0,capped_weighted,20260717,lightgbm,beta,350000,0.022742857142857145,69348,0.005537290188613947,2.337214946746826
0.9786198990235844,0.9996618102681593,0.0011482209665700793,0.004507506266236305,-2.6277053356170654,0.9129036664962769,1.0,0.18229166666666666,0.27940369264730197,0.9740634005763689,0.8802083333333334,0.9458194555208729,0.547550432276657,0.9895833333333334,0.9995387399393691,0.2754145638067772,0.9947916666666666,0.9996334871838375,2020-10,0,capped_weighted,20260717,xgboost,raw,350000,0.022742857142857145,69348,0.005537290188613947,3.080725908279419
0.9786198990235844,0.9996618102681591,0.0005605992046184838,0.002206298988312483,0.34831899404525757,1.001348614692688,1.0,0.18229166666666666,0.27940369264730197,0.9740634005763689,0.8802083333333334,0.9458194555208729,0.547550432276657,0.9895833333333334,0.9995387399393691,0.2754145638067772,0.9947916666666666,0.9996334871838375,2020-10,0,capped_weighted,20260717,xgboost,platt,350000,0.022742857142857145,69348,0.005537290188613947,3.080725908279419
0.9786198990235843,0.9996618102681593,0.0005607415223494172,0.002208871766924858,0.30722030997276306,1.0185291767120361,1.0,0.18229166666666666,0.27940369264730197,0.9740634005763689,0.8802083333333334,0.9458194555208729,0.547550432276657,0.9895833333333334,0.9995387399393691,0.2754145638067772,0.9947916666666666,0.9996334871838375,2020-10,0,capped_weighted,20260717,xgboost,beta,350000,0.022742857142857145,69348,0.005537290188613947,3.080725908279419
0.4235836599110604,0.9805508995937493,0.059568487107753754,0.2602579891681671,-5.425667762756348,0.47265625,0.4714285714285714,0.0859375,0.11967880837520646,0.5417867435158501,0.4895833333333333,0.629471189193476,0.4034582132564842,0.7291666666666666,0.8742877914059393,0.24080749819754865,0.8697916666666666,0.9707898796035057,2020-10,0,sliding180_weighted,20260716,logistic,raw,431057,0.005460994717635951,69348,0.005537290188613947,0.6340720653533936
0.42751031874073653,0.980559301471299,0.00425444170832634,0.017629874870181084,0.44576650857925415,1.0710433721542358,0.5,0.09114583333333333,0.12639031866213418,0.5417867435158501,0.4895833333333333,0.629471189193476,0.4034582132564842,0.7291666666666666,0.8742877914059393,0.24080749819754865,0.8697916666666666,0.9707898796035057,2020-10,0,sliding180_weighted,20260716,logistic,platt,431057,0.005460994717635951,69348,0.005537290188613947,0.6340720653533936
0.42751031874073653,0.980559301471299,0.003801126964390278,0.014549560844898224,0.338360458612442,1.1254907846450806,0.5,0.09114583333333333,0.12639031866213418,0.5417867435158501,0.4895833333333333,0.629471189193476,0.4034582132564842,0.7291666666666666,0.8742877914059393,0.24080749819754865,0.8697916666666666,0.9707898796035057,2020-10,0,sliding180_weighted,20260716,logistic,beta,431057,0.005460994717635951,69348,0.005537290188613947,0.6340720653533936
0.9676016392918275,0.9994918846547958,0.0007354408870072476,0.0030078775452463923,-1.24863394975542,0.8593864133162606,1.0,0.18229166666666666,0.2681737154168084,0.9798270893371758,0.8854166666666666,0.9466760156068603,0.537463976945245,0.9713541666666666,0.9945874933535039,0.2746935832732516,0.9921875,0.9997719521261044,2020-10,0,sliding180_weighted,20260716,lightgbm,raw,431057,0.005460994717635951,69348,0.005537290188613947,3.3490030765533447
0.9676016392918276,0.9994918846547958,0.000609162154519417,0.002642166395632934,-0.07264977115262695,0.9454121173250022,1.0,0.18229166666666666,0.2681737154168084,0.9798270893371758,0.8854166666666666,0.9466760156068603,0.537463976945245,0.9713541666666666,0.9945874933535039,0.2746935832732516,0.9921875,0.9997719521261044,2020-10,0,sliding180_weighted,20260716,lightgbm,platt,431057,0.005460994717635951,69348,0.005537290188613947,3.3490030765533447
0.9676016392918276,0.9994918846547958,0.000610359165634632,0.002649429073165966,-0.07397228180036403,0.9282942397923792,1.0,0.18229166666666666,0.2681737154168084,0.9798270893371758,0.8854166666666666,0.9466760156068603,0.537463976945245,0.9713541666666666,0.9945874933535039,0.2746935832732516,0.9921875,0.9997719521261044,2020-10,0,sliding180_weighted,20260716,lightgbm,beta,431057,0.005460994717635951,69348,0.005537290188613947,3.3490030765533447
0.9628860289332449,0.999216152026178,0.0007605915889143944,0.003204616717994213,-0.7621921896934509,0.8311739563941956,1.0,0.18229166666666666,0.26397211230161305,0.968299711815562,0.875,0.9429429844011676,0.5389048991354467,0.9739583333333334,0.9950038596846998,0.2746935832732516,0.9921875,0.9996243857216058,2020-10,0,sliding180_weighted,20260716,xgboost,raw,431057,0.005460994717635951,69348,0.005537290188613947,3.688019275665283
0.962886028933245,0.9992161520261779,0.0006987176602706313,0.002996532479301095,-0.10783521085977554,0.941844642162323,1.0,0.18229166666666666,0.26397211230161305,0.968299711815562,0.875,0.9429429844011676,0.5389048991354467,0.9739583333333334,0.9950038596846998,0.2746935832732516,0.9921875,0.9996243857216058,2020-10,0,sliding180_weighted,20260716,xgboost,platt,431057,0.005460994717635951,69348,0.005537290188613947,3.688019275665283
0.9628860289332449,0.999216152026178,0.0007150915917009115,0.0030142730101943016,-0.2809300720691681,0.930946409702301,1.0,0.18229166666666666,0.26397211230161305,0.968299711815562,0.875,0.9429429844011676,0.5389048991354467,0.9739583333333334,0.9950038596846998,0.2746935832732516,0.9921875,0.9996243857216058,2020-10,0,sliding180_weighted,20260716,xgboost,beta,431057,0.005460994717635951,69348,0.005537290188613947,3.688019275665283
0.4235836599110604,0.9805508995937493,0.059568487107753754,0.2602579891681671,-5.425667762756348,0.47265625,0.4714285714285714,0.0859375,0.11967880837520646,0.5417867435158501,0.4895833333333333,0.629471189193476,0.4034582132564842,0.7291666666666666,0.8742877914059393,0.24080749819754865,0.8697916666666666,0.9707898796035057,2020-10,0,sliding180_weighted,20260717,logistic,raw,431057,0.005460994717635951,69348,0.005537290188613947,0.6930830478668213
0.42751031874073653,0.980559301471299,0.00425444170832634,0.017629874870181084,0.44576650857925415,1.0710433721542358,0.5,0.09114583333333333,0.12639031866213418,0.5417867435158501,0.4895833333333333,0.629471189193476,0.4034582132564842,0.7291666666666666,0.8742877914059393,0.24080749819754865,0.8697916666666666,0.9707898796035057,2020-10,0,sliding180_weighted,20260717,logistic,platt,431057,0.005460994717635951,69348,0.005537290188613947,0.6930830478668213
0.42751031874073653,0.980559301471299,0.003801126964390278,0.014549560844898224,0.338360458612442,1.1254907846450806,0.5,0.09114583333333333,0.12639031866213418,0.5417867435158501,0.4895833333333333,0.629471189193476,0.4034582132564842,0.7291666666666666,0.8742877914059393,0.24080749819754865,0.8697916666666666,0.9707898796035057,2020-10,0,sliding180_weighted,20260717,logistic,beta,431057,0.005460994717635951,69348,0.005537290188613947,0.6930830478668213
0.9650759767102891,0.9993351754780271,0.0008052517174719574,0.003333531063488452,-1.402186079078135,0.8315313106735962,1.0,0.18229166666666666,0.2478127729000588,0.9711815561959655,0.8776041666666666,0.9365189882835037,0.5360230547550432,0.96875,0.9896431495620281,0.273972602739726,0.9895833333333334,0.9995132762978443,2020-10,0,sliding180_weighted,20260717,lightgbm,raw,431057,0.005460994717635951,69348,0.005537290188613947,4.5202648639678955
0.965075976710289,0.9993351754780272,0.0006500856578625488,0.002807346948025346,-0.07179563744596933,0.9424674181249926,1.0,0.18229166666666666,0.2478127729000588,0.9711815561959655,0.8776041666666666,0.9365189882835037,0.5360230547550432,0.96875,0.9896431495620281,0.273972602739726,0.9895833333333334,0.9995132762978443,2020-10,0,sliding180_weighted,20260717,lightgbm,platt,431057,0.005460994717635951,69348,0.005537290188613947,4.5202648639678955
0.965075976710289,0.9993351754780272,0.0006508671674422886,0.0028183686185814004,-0.074539545927051,0.9260643776088936,1.0,0.18229166666666666,0.2478127729000588,0.9711815561959655,0.8776041666666666,0.9365189882835037,0.5360230547550432,0.96875,0.9896431495620281,0.273972602739726,0.9895833333333334,0.9995132762978443,2020-10,0,sliding180_weighted,20260717,lightgbm,beta,431057,0.005460994717635951,69348,0.005537290188613947,4.5202648639678955
0.9636582716506936,0.9991471999883997,0.0007304679602384567,0.00310325063765049,-0.8193116784095764,0.8313201069831848,1.0,0.18229166666666666,0.2684539688690109,0.9740634005763689,0.8802083333333334,0.9474785293693706,0.5360230547550432,0.96875,0.9895089796918257,0.2746935832732516,0.9921875,0.9996243857216058,2020-10,0,sliding180_weighted,20260717,xgboost,raw,431057,0.005460994717635951,69348,0.005537290188613947,4.898133039474487
0.9636582716506936,0.9991471999883996,0.000672888127155602,0.0029191039502620697,-0.09986937046051025,0.9711304306983948,1.0,0.18229166666666666,0.2684539688690109,0.9740634005763689,0.8802083333333334,0.9474785293693706,0.5360230547550432,0.96875,0.9895089796918257,0.2746935832732516,0.9921875,0.9996243857216058,2020-10,0,sliding180_weighted,20260717,xgboost,platt,431057,0.005460994717635951,69348,0.005537290188613947,4.898133039474487
0.9636582716506935,0.9991471999883996,0.0006897917483001947,0.002943984232842922,-0.09083110094070435,0.9867066144943237,1.0,0.18229166666666666,0.2684539688690109,0.9740634005763689,0.8802083333333334,0.9474785293693706,0.5360230547550432,0.96875,0.9895089796918257,0.2746935832732516,0.9921875,0.9996243857216058,2020-10,0,sliding180_weighted,20260717,xgboost,beta,431057,0.005460994717635951,69348,0.005537290188613947,4.898133039474487
0.6258840186579935,0.9343717449804729,0.002990403911098838,0.015677770599722862,0.02647886611521244,1.050386905670166,0.9142857142857143,0.16666666666666666,0.2553727133151376,0.659942363112392,0.5963541666666666,0.8128071583716299,0.39913544668587897,0.7213541666666666,0.9142549197877397,0.21485219899062724,0.7760416666666666,0.9520247608859241,2020-10,0,sliding180_unweighted,20260716,logistic,raw,431057,0.005460994717635951,69348,0.005537290188613947,0.7513217926025391
0.6258840186579935,0.9343717449804729,0.00307485437951982,0.015706075355410576,0.45346230268478394,1.104085922241211,0.9142857142857143,0.16666666666666666,0.2553727133151376,0.659942363112392,0.5963541666666666,0.8128071583716299,0.39913544668587897,0.7213541666666666,0.9142549197877397,0.21485219899062724,0.7760416666666666,0.9520247608859241,2020-10,0,sliding180_unweighted,20260716,logistic,platt,431057,0.005460994717635951,69348,0.005537290188613947,0.7513217926025391
0.6258840186579936,0.9343717638610967,0.002975511597469449,0.015401007607579231,0.26575058698654175,1.0653048753738403,0.9142857142857143,0.16666666666666666,0.2553727133151376,0.659942363112392,0.5963541666666666,0.8128071583716299,0.39913544668587897,0.7213541666666666,0.9142549197877397,0.21485219899062724,0.7760416666666666,0.9520247608859241,2020-10,0,sliding180_unweighted,20260716,logistic,beta,431057,0.005460994717635951,69348,0.005537290188613947,0.7513217926025391
0.9437533572599702,0.9990018569471028,0.001100821772316377,0.004933380301610069,-0.05987658168071499,0.6363495277380905,1.0,0.18229166666666666,0.18119308614068705,0.9193083573487032,0.8307291666666666,0.9063059685599704,0.5345821325648416,0.9661458333333334,0.9879328416396195,0.273972602739726,0.9895833333333334,0.9995843495141483,2020-10,0,sliding180_unweighted,20260716,lightgbm,raw,431057,0.005460994717635951,69348,0.005537290188613947,3.216001033782959
0.9437533572599702,0.9990018569471029,0.0010456455861553153,0.004044018149889118,-0.09970785860951199,0.9307423653957807,1.0,0.18229166666666666,0.18119308614068705,0.9193083573487032,0.8307291666666666,0.9063059685599704,0.5345821325648416,0.9661458333333334,0.9879328416396195,0.273972602739726,0.9895833333333334,0.9995843495141483,2020-10,0,sliding180_unweighted,20260716,lightgbm,platt,431057,0.005460994717635951,69348,0.005537290188613947,3.216001033782959
0.9437533572599702,0.9990018569471029,0.001061756003126279,0.004079340637338327,-0.16738028418649656,0.9241726090194778,1.0,0.18229166666666666,0.18119308614068705,0.9193083573487032,0.8307291666666666,0.9063059685599704,0.5345821325648416,0.9661458333333334,0.9879328416396195,0.273972602739726,0.9895833333333334,0.9995843495141483,2020-10,0,sliding180_unweighted,20260716,lightgbm,beta,431057,0.005460994717635951,69348,0.005537290188613947,3.216001033782959
0.9570458775559046,0.9990136006950485,0.0008014690829440951,0.003564257174730301,1.1133593320846558,0.9940855503082275,1.0,0.18229166666666666,0.2236396471352866,0.962536023054755,0.8697916666666666,0.9273315223468765,0.5331412103746398,0.9635416666666666,0.9942462396516248,0.2725306416726748,0.984375,0.9993675506385161,2020-10,0,sliding180_unweighted,20260716,xgboost,raw,431057,0.005460994717635951,69348,0.005537290188613947,3.802135944366455
0.9570458775559048,0.9990136006950485,0.0007262570434249938,0.003170260228216648,-0.07875353842973709,0.9794746041297913,1.0,0.18229166666666666,0.2236396471352866,0.962536023054755,0.8697916666666666,0.9273315223468765,0.5331412103746398,0.9635416666666666,0.9942462396516248,0.2725306416726748,0.984375,0.9993675506385161,2020-10,0,sliding180_unweighted,20260716,xgboost,platt,431057,0.005460994717635951,69348,0.005537290188613947,3.802135944366455
0.9570458775559049,0.9990136006950486,0.000726336904335767,0.0031718711834400892,-0.07994261384010315,0.9749772548675537,1.0,0.18229166666666666,0.22363964713528664,0.962536023054755,0.8697916666666666,0.9273315223468765,0.5331412103746398,0.9635416666666666,0.9942462396516248,0.2725306416726748,0.984375,0.9993675506385161,2020-10,0,sliding180_unweighted,20260716,xgboost,beta,431057,0.005460994717635951,69348,0.005537290188613947,3.802135944366455
0.6258840186579935,0.9343717449804729,0.002990403911098838,0.015677770599722862,0.02647886611521244,1.050386905670166,0.9142857142857143,0.16666666666666666,0.2553727133151376,0.659942363112392,0.5963541666666666,0.8128071583716299,0.39913544668587897,0.7213541666666666,0.9142549197877397,0.21485219899062724,0.7760416666666666,0.9520247608859241,2020-10,0,sliding180_unweighted,20260717,logistic,raw,431057,0.005460994717635951,69348,0.005537290188613947,0.7539587020874023
0.6258840186579935,0.9343717449804729,0.00307485437951982,0.015706075355410576,0.45346230268478394,1.104085922241211,0.9142857142857143,0.16666666666666666,0.2553727133151376,0.659942363112392,0.5963541666666666,0.8128071583716299,0.39913544668587897,0.7213541666666666,0.9142549197877397,0.21485219899062724,0.7760416666666666,0.9520247608859241,2020-10,0,sliding180_unweighted,20260717,logistic,platt,431057,0.005460994717635951,69348,0.005537290188613947,0.7539587020874023
0.6258840186579936,0.9343717638610967,0.002975511597469449,0.015401007607579231,0.26575058698654175,1.0653048753738403,0.9142857142857143,0.16666666666666666,0.2553727133151376,0.659942363112392,0.5963541666666666,0.8128071583716299,0.39913544668587897,0.7213541666666666,0.9142549197877397,0.21485219899062724,0.7760416666666666,0.9520247608859241,2020-10,0,sliding180_unweighted,20260717,logistic,beta,431057,0.005460994717635951,69348,0.005537290188613947,0.7539587020874023
0.9042222153681231,0.998036113044487,0.001807617834437954,0.008374608600993148,-1.1539261407577581,0.5182716009523493,1.0,0.18229166666666666,0.18002722973425214,0.8501440922190202,0.7682291666666666,0.8523439103062147,0.5201729106628242,0.9401041666666666,0.980575894511394,0.26820475847152125,0.96875,0.9885690236232545,2020-10,0,sliding180_unweighted,20260717,lightgbm,raw,431057,0.005460994717635951,69348,0.005537290188613947,3.416948080062866
0.9042222153681231,0.9980361130444869,0.0015431516918270388,0.0058751336460464605,-0.6161234048275043,0.8999387214975505,1.0,0.18229166666666666,0.18002722973425214,0.8501440922190202,0.7682291666666666,0.8523439103062147,0.5201729106628242,0.9401041666666666,0.980575894511394,0.26820475847152125,0.96875,0.9885690236232545,2020-10,0,sliding180_unweighted,20260717,lightgbm,platt,431057,0.005460994717635951,69348,0.005537290188613947,3.416948080062866
0.9042222153681231,0.9980361130444869,0.001543746350431193,0.005797807158619175,-0.5660923162816632,0.9193083475753686,1.0,0.18229166666666666,0.18002722973425214,0.8501440922190202,0.7682291666666666,0.8523439103062147,0.5201729106628242,0.9401041666666666,0.980575894511394,0.26820475847152125,0.96875,0.9885690236232545,2020-10,0,sliding180_unweighted,20260717,lightgbm,beta,431057,0.005460994717635951,69348,0.005537290188613947,3.416948080062866
0.952840612921399,0.9989517855330317,0.0007953172898851335,0.003638508263975382,0.8077969551086426,0.946997880935669,1.0,0.18229166666666666,0.30370582396943707,0.962536023054755,0.8697916666666666,0.9405602931734383,0.5288184438040345,0.9557291666666666,0.9889720445519646,0.27108868060562363,0.9791666666666666,0.9982302257822238,2020-10,0,sliding180_unweighted,20260717,xgboost,raw,431057,0.005460994717635951,69348,0.005537290188613947,4.325636148452759
0.952840612921399,0.9989517855330317,0.0007596311043016613,0.003355150343850255,-0.06895031034946442,0.9524175524711609,1.0,0.18229166666666666,0.30370582396943707,0.962536023054755,0.8697916666666666,0.9405602931734383,0.5288184438040345,0.9557291666666666,0.9889720445519646,0.27108868060562363,0.9791666666666666,0.9982302257822238,2020-10,0,sliding180_unweighted,20260717,xgboost,platt,431057,0.005460994717635951,69348,0.005537290188613947,4.325636148452759
0.9528406129213989,0.9989517855330317,0.000760240713134408,0.0033530909568071365,-0.07802420109510422,0.95281583070755,1.0,0.18229166666666666,0.30370582396943707,0.962536023054755,0.8697916666666666,0.9405602931734383,0.5288184438040345,0.9557291666666666,0.9889720445519646,0.27108868060562363,0.9791666666666666,0.9982302257822238,2020-10,0,sliding180_unweighted,20260717,xgboost,beta,431057,0.005460994717635951,69348,0.005537290188613947,4.325636148452759
0.4174087593066454,0.9785077706605378,0.043280646204948425,0.21346579492092133,-5.27107048034668,0.46742236614227295,0.44285714285714284,0.08072916666666667,0.10844980264910842,0.5302593659942363,0.4791666666666667,0.6169928799465489,0.4020172910662824,0.7265625,0.875636444034163,0.23792357606344627,0.859375,0.9619978670876658,2020-10,7,capped_weighted,20260716,logistic,raw,350000,0.022742857142857145,69348,0.005537290188613947,0.5949430465698242
0.4181945914180823,0.978509375513553,0.004321475513279438,0.018011149019002914,0.4684180021286011,1.0621886253356934,0.42857142857142855,0.078125,0.10724651775754084,0.5302593659942363,0.4791666666666667,0.6169928799465489,0.4020172910662824,0.7265625,0.875636444034163,0.23792357606344627,0.859375,0.9619978670876658,2020-10,7,capped_weighted,20260716,logistic,platt,350000,0.022742857142857145,69348,0.005537290188613947,0.5949430465698242
0.41819459141808235,0.9785093566329293,0.0038325197529047728,0.014627606607973576,0.29653409123420715,1.0670230388641357,0.42857142857142855,0.078125,0.10724651775754084,0.5302593659942363,0.4791666666666667,0.6169928799465489,0.4020172910662824,0.7265625,0.875636444034163,0.23792357606344627,0.859375,0.9619978670876658,2020-10,7,capped_weighted,20260716,logistic,beta,350000,0.022742857142857145,69348,0.005537290188613947,0.5949430465698242
0.978704963397728,0.9997042539102526,0.0016807463305180247,0.006464524749773553,-2.9969051267653315,1.0088200099124849,1.0,0.18229166666666666,0.26619701076278596,0.9798270893371758,0.8854166666666666,0.9500090426606501,0.547550432276657,0.9895833333333334,0.9966564397932905,0.2761355443403028,0.9973958333333334,0.9998921630120974,2020-10,7,capped_weighted,20260716,lightgbm,raw,350000,0.022742857142857145,69348,0.005537290188613947,3.1597490310668945
0.978704963397728,0.9997042539102526,0.0005416996419364561,0.0021399680004844466,-0.07979610173446688,0.9968112068731886,1.0,0.18229166666666666,0.26619701076278596,0.9798270893371758,0.8854166666666666,0.9500090426606501,0.547550432276657,0.9895833333333334,0.9966564397932905,0.2761355443403028,0.9973958333333334,0.9998921630120974,2020-10,7,capped_weighted,20260716,lightgbm,platt,350000,0.022742857142857145,69348,0.005537290188613947,3.1597490310668945
0.978704963397728,0.9997042539102526,0.0005431466311685832,0.002159118959237494,-0.021153763645159383,0.9308332846584961,1.0,0.18229166666666666,0.26619701076278596,0.9798270893371758,0.8854166666666666,0.9500090426606501,0.547550432276657,0.9895833333333334,0.9966564397932905,0.2761355443403028,0.9973958333333334,0.9998921630120974,2020-10,7,capped_weighted,20260716,lightgbm,beta,350000,0.022742857142857145,69348,0.005537290188613947,3.1597490310668945
0.9777564091428834,0.9995821340361155,0.0011548835318535566,0.0044438582845032215,-2.580077886581421,0.923668622970581,1.0,0.18229166666666666,0.2590293535962563,0.9798270893371758,0.8854166666666666,0.9446472076381519,0.5446685878962536,0.984375,0.99627448517042,0.2761355443403028,0.9973958333333334,0.9998921630120974,2020-10,7,capped_weighted,20260716,xgboost,raw,350000,0.022742857142857145,69348,0.005537290188613947,2.944679021835327
0.9777564091428835,0.9995821340361155,0.0005505075096152723,0.0022216378711163998,0.065167635679245,0.9626568555831909,1.0,0.18229166666666666,0.2590293535962563,0.9798270893371758,0.8854166666666666,0.9446472076381519,0.5446685878962536,0.984375,0.99627448517042,0.2761355443403028,0.9973958333333334,0.9998921630120974,2020-10,7,capped_weighted,20260716,xgboost,platt,350000,0.022742857142857145,69348,0.005537290188613947,2.944679021835327
0.9777564091428834,0.9995821340361155,0.0005492337513715029,0.002217774046584964,0.19042551517486572,1.0201923847198486,1.0,0.18229166666666666,0.2590293535962563,0.9798270893371758,0.8854166666666666,0.9446472076381519,0.5446685878962536,0.984375,0.99627448517042,0.2761355443403028,0.9973958333333334,0.9998921630120974,2020-10,7,capped_weighted,20260716,xgboost,beta,350000,0.022742857142857145,69348,0.005537290188613947,2.944679021835327
0.415393234241072,0.978453564389875,0.0433494858443737,0.212808758020401,-5.253074645996094,0.4714299142360687,0.4857142857142857,0.08854166666666667,0.12375769514570446,0.5302593659942363,0.4791666666666667,0.6163376769294857,0.40057636887608067,0.7239583333333334,0.8711843461803542,0.23720259552992068,0.8567708333333334,0.9619562457940892,2020-10,7,capped_weighted,20260717,logistic,raw,350000,0.022742857142857145,69348,0.005537290188613947,0.5360660552978516
0.41644491693337965,0.9784556979003539,0.004347756505012512,0.018110990524291992,0.46427610516548157,1.0635473728179932,0.45714285714285713,0.08333333333333333,0.1221840114203921,0.5302593659942363,0.4791666666666667,0.6163376769294857,0.40057636887608067,0.7239583333333334,0.8711843461803542,0.23720259552992068,0.8567708333333334,0.9619562457940892,2020-10,7,capped_weighted,20260717,logistic,platt,350000,0.022742857142857145,69348,0.005537290188613947,0.5360660552978516
0.41644491693337965,0.9784556790197301,0.003837292781099677,0.01464663352817297,0.278176873922348,1.0589348077774048,0.45714285714285713,0.08333333333333333,0.1221840114203921,0.5302593659942363,0.4791666666666667,0.6163376769294857,0.40057636887608067,0.7239583333333334,0.8711843461803542,0.23720259552992068,0.8567708333333334,0.9619562457940892,2020-10,7,capped_weighted,20260717,logistic,beta,350000,0.022742857142857145,69348,0.005537290188613947,0.5360660552978516
0.9779036514828818,0.9996919437435956,0.001700580389001163,0.006474241063722133,-2.9766095663777437,1.0068556188778335,1.0,0.18229166666666666,0.27422209725607793,0.9827089337175793,0.8880208333333334,0.9601244998222405,0.5461095100864554,0.9869791666666666,0.9994285508881929,0.2761355443403028,0.9973958333333334,0.9998921630120974,2020-10,7,capped_weighted,20260717,lightgbm,raw,350000,0.022742857142857145,69348,0.005537290188613947,2.6126930713653564
0.9779036514828819,0.9996919437435956,0.0005581664915992375,0.0021950705334551615,0.17922038536828294,1.0274138243363953,1.0,0.18229166666666666,0.27422209725607793,0.9827089337175793,0.8880208333333334,0.9601244998222405,0.5461095100864554,0.9869791666666666,0.9994285508881929,0.2761355443403028,0.9973958333333334,0.9998921630120974,2020-10,7,capped_weighted,20260717,lightgbm,platt,350000,0.022742857142857145,69348,0.005537290188613947,2.6126930713653564
0.9779036514828819,0.9996919437435956,0.0005609944988219175,0.002224021583368576,0.21790209341369843,0.9859058851438215,1.0,0.18229166666666666,0.27422209725607793,0.9827089337175793,0.8880208333333334,0.9601244998222405,0.5461095100864554,0.9869791666666666,0.9994285508881929,0.2761355443403028,0.9973958333333334,0.9998921630120974,2020-10,7,capped_weighted,20260717,lightgbm,beta,350000,0.022742857142857145,69348,0.005537290188613947,2.6126930713653564
0.9796003182280013,0.99968340970168,0.0011301379418000579,0.004433461930602789,-2.6219193935394287,0.9287437200546265,1.0,0.18229166666666666,0.27621424371680814,0.9740634005763689,0.8802083333333334,0.9566028475202889,0.547550432276657,0.9895833333333334,0.9995387399393691,0.2754145638067772,0.9947916666666666,0.9996334871838375,2020-10,7,capped_weighted,20260717,xgboost,raw,350000,0.022742857142857145,69348,0.005537290188613947,3.549941062927246
0.9796003182280011,0.99968340970168,0.0005591470398940146,0.0021517788991332054,0.32368233799934387,1.011353850364685,1.0,0.18229166666666666,0.27621424371680814,0.9740634005763689,0.8802083333333334,0.9566028475202889,0.547550432276657,0.9895833333333334,0.9995387399393691,0.2754145638067772,0.9947916666666666,0.9996334871838375,2020-10,7,capped_weighted,20260717,xgboost,platt,350000,0.022742857142857145,69348,0.005537290188613947,3.549941062927246
0.9796003182280013,0.9996834097016801,0.0005598321440629661,0.0021619650069624186,0.30670684576034546,1.026602029800415,1.0,0.18229166666666666,0.27621424371680814,0.9740634005763689,0.8802083333333334,0.9566028475202889,0.547550432276657,0.9895833333333334,0.9995387399393691,0.2754145638067772,0.9947916666666666,0.9996334871838375,2020-10,7,capped_weighted,20260717,xgboost,beta,350000,0.022742857142857145,69348,0.005537290188613947,3.549941062927246
0.423550257208321,0.9805341335998975,0.05983914062380791,0.2610630393028259,-5.427915573120117,0.47267624735832214,0.45714285714285713,0.08333333333333333,0.12177153110677823,0.5389048991354467,0.4869791666666667,0.6258484493025801,0.4034582132564842,0.7291666666666666,0.8742877914059393,0.24080749819754865,0.8697916666666666,0.9707898796035057,2020-10,7,sliding180_weighted,20260716,logistic,raw,431057,0.005460994717635951,69348,0.005537290188613947,0.6380281448364258
0.4274769141591048,0.9805424977161998,0.0042545185424387455,0.017629140987992287,0.4448474645614624,1.070921778678894,0.4857142857142857,0.08854166666666667,0.12917899646357064,0.5389048991354467,0.4869791666666667,0.6258484493025801,0.4034582132564842,0.7291666666666666,0.8742877914059393,0.24080749819754865,0.8697916666666666,0.9707898796035057,2020-10,7,sliding180_weighted,20260716,logistic,platt,431057,0.005460994717635951,69348,0.005537290188613947,0.6380281448364258
0.4274769160379971,0.9805425165968235,0.0038018315099179745,0.014553721994161606,0.33874255418777466,1.125702977180481,0.4857142857142857,0.08854166666666667,0.12917899646357064,0.5389048991354467,0.4869791666666667,0.6258484493025801,0.4034582132564842,0.7291666666666666,0.8742877914059393,0.24080749819754865,0.8697916666666666,0.9707898796035057,2020-10,7,sliding180_weighted,20260716,logistic,beta,431057,0.005460994717635951,69348,0.005537290188613947,0.6380281448364258
0.9642960352551986,0.9992810636104827,0.0008179160761648957,0.0033502300201222386,-1.3265281390678325,0.837211248310982,1.0,0.18229166666666666,0.2536642972697096,0.9711815561959655,0.8776041666666666,0.9430180970304844,0.5360230547550432,0.96875,0.9944818039016334,0.2732516222062004,0.9869791666666666,0.996372300323506,2020-10,7,sliding180_weighted,20260716,lightgbm,raw,431057,0.005460994717635951,69348,0.005537290188613947,3.0338659286499023
0.9642960352551987,0.9992810636104827,0.0006656940297572933,0.0028674561386489317,-0.08248780856315496,0.9352290071770181,1.0,0.18229166666666666,0.2536642972697096,0.9711815561959655,0.8776041666666666,0.9430180970304844,0.5360230547550432,0.96875,0.9944818039016334,0.2732516222062004,0.9869791666666666,0.996372300323506,2020-10,7,sliding180_weighted,20260716,lightgbm,platt,431057,0.005460994717635951,69348,0.005537290188613947,3.0338659286499023
0.9642960352551987,0.9992810636104827,0.000668688288753877,0.002877294288913717,-0.08486656865838567,0.9199866484840149,1.0,0.18229166666666666,0.2536642972697096,0.9711815561959655,0.8776041666666666,0.9430180970304844,0.5360230547550432,0.96875,0.9944818039016334,0.2732516222062004,0.9869791666666666,0.996372300323506,2020-10,7,sliding180_weighted,20260716,lightgbm,beta,431057,0.005460994717635951,69348,0.005537290188613947,3.0338659286499023
0.9649136244603228,0.9993391781702531,0.000710083928424865,0.0030327290296554565,-0.8278159499168396,0.835895836353302,1.0,0.18229166666666666,0.2671430515167817,0.9740634005763689,0.8802083333333334,0.9389729061229679,0.5345821325648416,0.9661458333333334,0.9894766132559116,0.2746935832732516,0.9921875,0.9996243857216058,2020-10,7,sliding180_weighted,20260716,xgboost,raw,431057,0.005460994717635951,69348,0.005537290188613947,3.829975128173828
0.9649136244603228,0.9993391781702531,0.0006637282785959542,0.0028759632259607315,-0.1651463806629181,0.9530357122421265,1.0,0.18229166666666666,0.2671430515167817,0.9740634005763689,0.8802083333333334,0.9389729061229679,0.5345821325648416,0.9661458333333334,0.9894766132559116,0.2746935832732516,0.9921875,0.9996243857216058,2020-10,7,sliding180_weighted,20260716,xgboost,platt,431057,0.005460994717635951,69348,0.005537290188613947,3.829975128173828
0.9649136244603228,0.9993391781702531,0.0006767601007595658,0.0028804861940443516,-0.31277817487716675,0.9439433813095093,1.0,0.18229166666666666,0.2671430515167817,0.9740634005763689,0.8802083333333334,0.9389729061229679,0.5345821325648416,0.9661458333333334,0.9894766132559116,0.2746935832732516,0.9921875,0.9996243857216058,2020-10,7,sliding180_weighted,20260716,xgboost,beta,431057,0.005460994717635951,69348,0.005537290188613947,3.829975128173828
0.423550257208321,0.9805341335998975,0.05983914062380791,0.2610630393028259,-5.427915573120117,0.47267624735832214,0.45714285714285713,0.08333333333333333,0.12177153110677823,0.5389048991354467,0.4869791666666667,0.6258484493025801,0.4034582132564842,0.7291666666666666,0.8742877914059393,0.24080749819754865,0.8697916666666666,0.9707898796035057,2020-10,7,sliding180_weighted,20260717,logistic,raw,431057,0.005460994717635951,69348,0.005537290188613947,0.68194580078125
0.4274769141591048,0.9805424977161998,0.0042545185424387455,0.017629140987992287,0.4448474645614624,1.070921778678894,0.4857142857142857,0.08854166666666667,0.12917899646357064,0.5389048991354467,0.4869791666666667,0.6258484493025801,0.4034582132564842,0.7291666666666666,0.8742877914059393,0.24080749819754865,0.8697916666666666,0.9707898796035057,2020-10,7,sliding180_weighted,20260717,logistic,platt,431057,0.005460994717635951,69348,0.005537290188613947,0.68194580078125
0.4274769160379971,0.9805425165968235,0.0038018315099179745,0.014553721994161606,0.33874255418777466,1.125702977180481,0.4857142857142857,0.08854166666666667,0.12917899646357064,0.5389048991354467,0.4869791666666667,0.6258484493025801,0.4034582132564842,0.7291666666666666,0.8742877914059393,0.24080749819754865,0.8697916666666666,0.9707898796035057,2020-10,7,sliding180_weighted,20260717,logistic,beta,431057,0.005460994717635951,69348,0.005537290188613947,0.68194580078125
0.9623976493919708,0.999236769667266,0.0008381088334076458,0.0033838031943380148,-1.2071025411174263,0.8216305186333973,1.0,0.18229166666666666,0.2444983578252148,0.968299711815562,0.875,0.9411693752976191,0.5345821325648416,0.9661458333333334,0.993931267700235,0.273972602739726,0.9895833333333334,0.9995132762978444,2020-10,7,sliding180_weighted,20260717,lightgbm,raw,431057,0.005460994717635951,69348,0.005537290188613947,2.9865710735321045
0.9623976493919709,0.999236769667266,0.0006973155457240645,0.0029552449942418036,-0.07258254044467843,0.9392806608665477,1.0,0.18229166666666666,0.2444983578252148,0.968299711815562,0.875,0.9411693752976191,0.5345821325648416,0.9661458333333334,0.993931267700235,0.273972602739726,0.9895833333333334,0.9995132762978444,2020-10,7,sliding180_weighted,20260717,lightgbm,platt,431057,0.005460994717635951,69348,0.005537290188613947,2.9865710735321045
0.9623976493919709,0.999236769667266,0.0007023945949285612,0.0029702796868265376,-0.08465680550628427,0.9196829604528124,1.0,0.18229166666666666,0.2444983578252148,0.968299711815562,0.875,0.9411693752976191,0.5345821325648416,0.9661458333333334,0.993931267700235,0.273972602739726,0.9895833333333334,0.9995132762978444,2020-10,7,sliding180_weighted,20260717,lightgbm,beta,431057,0.005460994717635951,69348,0.005537290188613947,2.9865710735321045
0.9640452993837151,0.9992967722894069,0.0007359689916484058,0.003090662183240056,-0.8690700531005859,0.8267342448234558,1.0,0.18229166666666666,0.274876584427797,0.9740634005763689,0.8802083333333334,0.9481740242529427,0.5389048991354467,0.9739583333333334,0.9950528950907687,0.2746935832732516,0.9921875,0.9996243857216058,2020-10,7,sliding180_weighted,20260717,xgboost,raw,431057,0.005460994717635951,69348,0.005537290188613947,4.786322832107544
0.964045299383715,0.999296772289407,0.0006741829565726221,0.0028987484984099865,-0.1056414395570755,0.9725746512413025,1.0,0.18229166666666666,0.274876584427797,0.9740634005763689,0.8802083333333334,0.9481740242529427,0.5389048991354467,0.9739583333333334,0.9950528950907687,0.2746935832732516,0.9921875,0.9996243857216058,2020-10,7,sliding180_weighted,20260717,xgboost,platt,431057,0.005460994717635951,69348,0.005537290188613947,4.786322832107544
0.9640452993837151,0.999296772289407,0.0006923187174834311,0.0029215828981250525,-0.09275924414396286,0.9867592453956604,1.0,0.18229166666666666,0.274876584427797,0.9740634005763689,0.8802083333333334,0.9481740242529427,0.5389048991354467,0.9739583333333334,0.9950528950907687,0.2746935832732516,0.9921875,0.9996243857216058,2020-10,7,sliding180_weighted,20260717,xgboost,beta,431057,0.005460994717635951,69348,0.005537290188613947,4.786322832107544
0.6259109881968343,0.9342829116459312,0.0029907766729593277,0.01568031497299671,0.029412681236863136,1.049879550933838,0.9142857142857143,0.16666666666666666,0.2553727133151376,0.659942363112392,0.5963541666666666,0.8128071583716299,0.39913544668587897,0.7213541666666666,0.9175626877272457,0.21485219899062724,0.7760416666666666,0.9520247608859241,2020-10,7,sliding180_unweighted,20260716,logistic,raw,431057,0.005460994717635951,69348,0.005537290188613947,0.7087459564208984
0.6259109881968343,0.9342829116459311,0.003075249260291457,0.015709735453128815,0.45561113953590393,1.1035749912261963,0.9142857142857143,0.16666666666666666,0.2553727133151376,0.659942363112392,0.5963541666666666,0.8128071583716299,0.39913544668587897,0.7213541666666666,0.9175626877272457,0.21485219899062724,0.7760416666666666,0.9520247608859241,2020-10,7,sliding180_unweighted,20260716,logistic,platt,431057,0.005460994717635951,69348,0.005537290188613947,0.7087459564208984
0.6259109881968343,0.934282930526555,0.0029753257986158133,0.015404853038489819,0.26472681760787964,1.0643738508224487,0.9142857142857143,0.16666666666666666,0.2553727133151376,0.659942363112392,0.5963541666666666,0.8128071583716299,0.39913544668587897,0.7213541666666666,0.9175626877272457,0.21485219899062724,0.7760416666666666,0.9520247608859241,2020-10,7,sliding180_unweighted,20260716,logistic,beta,431057,0.005460994717635951,69348,0.005537290188613947,0.7087459564208984
0.9529335525772932,0.998773627967732,0.0009006221303572722,0.0045408078460479305,0.4489909019177214,0.6760344394762668,1.0,0.18229166666666666,0.16870746504488837,0.9481268011527377,0.8567708333333334,0.9155608773543706,0.5345821325648416,0.9661458333333334,0.9879124911791236,0.273972602739726,0.9895833333333334,0.9995214573874909,2020-10,7,sliding180_unweighted,20260716,lightgbm,raw,431057,0.005460994717635951,69348,0.005537290188613947,3.1481130123138428
0.9529335525772933,0.9987736279677321,0.0008545356484732206,0.0035842652230680663,-0.10157272445117306,0.9385495914991222,1.0,0.18229166666666666,0.16870746504488837,0.9481268011527377,0.8567708333333334,0.9155608773543706,0.5345821325648416,0.9661458333333334,0.9879124911791236,0.273972602739726,0.9895833333333334,0.9995214573874909,2020-10,7,sliding180_unweighted,20260716,lightgbm,platt,431057,0.005460994717635951,69348,0.005537290188613947,3.1481130123138428
0.9529335525772933,0.9987736279677321,0.0008528975339430642,0.0035686234108297916,-0.09456177222796355,0.9347319924849865,1.0,0.18229166666666666,0.16870746504488837,0.9481268011527377,0.8567708333333334,0.9155608773543706,0.5345821325648416,0.9661458333333334,0.9879124911791236,0.273972602739726,0.9895833333333334,0.9995214573874909,2020-10,7,sliding180_unweighted,20260716,lightgbm,beta,431057,0.005460994717635951,69348,0.005537290188613947,3.1481130123138428
0.9575139591315183,0.9990412796894031,0.0008017849177122116,0.0035539669916033745,1.1578149795532227,1.003679633140564,1.0,0.18229166666666666,0.23930075817736984,0.962536023054755,0.8697916666666666,0.9384797909445258,0.5302593659942363,0.9583333333333334,0.9936633370143125,0.273972602739726,0.9895833333333334,0.9995132762978444,2020-10,7,sliding180_unweighted,20260716,xgboost,raw,431057,0.005460994717635951,69348,0.005537290188613947,3.3003640174865723
0.9575139591315184,0.9990412796894031,0.0007285490864887834,0.003148266114294529,-0.07660829275846481,0.9790322184562683,1.0,0.18229166666666666,0.23930075817736984,0.962536023054755,0.8697916666666666,0.9384797909445258,0.5302593659942363,0.9583333333333334,0.9936633370143125,0.273972602739726,0.9895833333333334,0.9995132762978444,2020-10,7,sliding180_unweighted,20260716,xgboost,platt,431057,0.005460994717635951,69348,0.005537290188613947,3.3003640174865723
0.9575139591315184,0.9990412796894031,0.0007288318010978401,0.0031484640203416348,-0.07658325135707855,0.9732530117034912,1.0,0.18229166666666666,0.23930075817736984,0.962536023054755,0.8697916666666666,0.9384797909445258,0.5302593659942363,0.9583333333333334,0.9936633370143125,0.273972602739726,0.9895833333333334,0.9995132762978444,2020-10,7,sliding180_unweighted,20260716,xgboost,beta,431057,0.005460994717635951,69348,0.005537290188613947,3.3003640174865723
0.6259109881968343,0.9342829116459312,0.0029907766729593277,0.01568031497299671,0.029412681236863136,1.049879550933838,0.9142857142857143,0.16666666666666666,0.2553727133151376,0.659942363112392,0.5963541666666666,0.8128071583716299,0.39913544668587897,0.7213541666666666,0.9175626877272457,0.21485219899062724,0.7760416666666666,0.9520247608859241,2020-10,7,sliding180_unweighted,20260717,logistic,raw,431057,0.005460994717635951,69348,0.005537290188613947,0.7650821208953857
0.6259109881968343,0.9342829116459311,0.003075249260291457,0.015709735453128815,0.45561113953590393,1.1035749912261963,0.9142857142857143,0.16666666666666666,0.2553727133151376,0.659942363112392,0.5963541666666666,0.8128071583716299,0.39913544668587897,0.7213541666666666,0.9175626877272457,0.21485219899062724,0.7760416666666666,0.9520247608859241,2020-10,7,sliding180_unweighted,20260717,logistic,platt,431057,0.005460994717635951,69348,0.005537290188613947,0.7650821208953857
0.6259109881968343,0.934282930526555,0.0029753257986158133,0.015404853038489819,0.26472681760787964,1.0643738508224487,0.9142857142857143,0.16666666666666666,0.2553727133151376,0.659942363112392,0.5963541666666666,0.8128071583716299,0.39913544668587897,0.7213541666666666,0.9175626877272457,0.21485219899062724,0.7760416666666666,0.9520247608859241,2020-10,7,sliding180_unweighted,20260717,logistic,beta,431057,0.005460994717635951,69348,0.005537290188613947,0.7650821208953857
0.9418816192304371,0.9988394458219747,0.0009483598663826497,0.005168748276534592,0.29036274815287266,0.6515345479194989,1.0,0.18229166666666666,0.1867164465518932,0.9481268011527377,0.8567708333333334,0.9423418277075818,0.5288184438040345,0.9557291666666666,0.9871964924396252,0.27108868060562363,0.9791666666666666,0.9983208313500584,2020-10,7,sliding180_unweighted,20260717,lightgbm,raw,431057,0.005460994717635951,69348,0.005537290188613947,2.947678804397583
0.9418816192304372,0.9988394458219747,0.000928249313876532,0.004043076371856424,0.31358031495769434,1.0478730935441722,1.0,0.18229166666666666,0.1867164465518932,0.9481268011527377,0.8567708333333334,0.9423418277075815,0.5288184438040345,0.9557291666666666,0.9871964924396252,0.27108868060562363,0.9791666666666666,0.9983208313500584,2020-10,7,sliding180_unweighted,20260717,lightgbm,platt,431057,0.005460994717635951,69348,0.005537290188613947,2.947678804397583
0.9418816192304372,0.9988394458219747,0.0009442178958280648,0.004046446227457843,0.10573435594072249,1.0115847168545191,1.0,0.18229166666666666,0.1867164465518932,0.9481268011527377,0.8567708333333334,0.9423418277075815,0.5288184438040345,0.9557291666666666,0.9871964924396252,0.27108868060562363,0.9791666666666666,0.9983208313500584,2020-10,7,sliding180_unweighted,20260717,lightgbm,beta,431057,0.005460994717635951,69348,0.005537290188613947,2.947678804397583
0.9553739801621711,0.9989688158556155,0.0007994768093340099,0.0036082854494452477,1.0153495073318481,0.9782328009605408,1.0,0.18229166666666666,0.2964881598924432,0.962536023054755,0.8697916666666666,0.936467805341403,0.5345821325648416,0.9661458333333334,0.9943574002071964,0.2725306416726748,0.984375,0.998406988450398,2020-10,7,sliding180_unweighted,20260717,xgboost,raw,431057,0.005460994717635951,69348,0.005537290188613947,3.4138240814208984
0.9553739801621711,0.9989688158556155,0.0007515602628700435,0.003257524920627475,-0.06608789414167404,0.9674210548400879,1.0,0.18229166666666666,0.2964881598924432,0.962536023054755,0.8697916666666666,0.936467805341403,0.5345821325648416,0.9661458333333334,0.9943574002071964,0.2725306416726748,0.984375,0.998406988450398,2020-10,7,sliding180_unweighted,20260717,xgboost,platt,431057,0.005460994717635951,69348,0.005537290188613947,3.4138240814208984
0.9553739801621711,0.9989688158556155,0.0007522576488554478,0.0032544946298003197,-0.07541707158088684,0.9595253467559814,1.0,0.18229166666666666,0.2964881598924432,0.962536023054755,0.8697916666666666,0.936467805341403,0.5345821325648416,0.9661458333333334,0.9943574002071964,0.2725306416726748,0.984375,0.998406988450398,2020-10,7,sliding180_unweighted,20260717,xgboost,beta,431057,0.005460994717635951,69348,0.005537290188613947,3.4138240814208984
0.4172925626116907,0.9785141900725983,0.04298015683889389,0.21245726943016052,-5.267487525939941,0.46724849939346313,0.5142857142857142,0.09375,0.12416281247863649,0.5302593659942363,0.4791666666666667,0.6169928799465489,0.4034582132564842,0.7291666666666666,0.880664081544602,0.23792357606344627,0.859375,0.9619978670876655,2020-10,14,capped_weighted,20260716,logistic,raw,350000,0.022742857142857145,69348,0.005537290188613947,0.5461921691894531
0.4180783947231277,0.9785157760449896,0.004322115331888199,0.01801382750272751,0.4691040813922882,1.0622457265853882,0.5428571428571428,0.09895833333333333,0.13522052664026118,0.5302593659942363,0.4791666666666667,0.6169928799465489,0.4034582132564842,0.7291666666666666,0.880664081544602,0.23792357606344627,0.859375,0.9619978670876655,2020-10,14,capped_weighted,20260716,logistic,platt,350000,0.022742857142857145,69348,0.005537290188613947,0.5461921691894531
0.4180783947231277,0.9785157760449896,0.003832668997347355,0.014627177268266678,0.296433687210083,1.0665639638900757,0.5428571428571428,0.09895833333333333,0.13522052664026118,0.5302593659942363,0.4791666666666667,0.6169928799465489,0.4034582132564842,0.7291666666666666,0.880664081544602,0.23792357606344627,0.859375,0.9619978670876655,2020-10,14,capped_weighted,20260716,logistic,beta,350000,0.022742857142857145,69348,0.005537290188613947,0.5461921691894531
0.9783704913906737,0.9997105977998183,0.0017310967086861893,0.006508333235124429,-3.0418055256311556,1.0059209856142424,1.0,0.18229166666666666,0.27049816751261696,0.9769452449567724,0.8828125,0.9489334338993779,0.5446685878962536,0.984375,0.9963577277575731,0.2761355443403028,0.9973958333333334,0.9998921630120974,2020-10,14,capped_weighted,20260716,lightgbm,raw,350000,0.022742857142857145,69348,0.005537290188613947,2.5291900634765625
0.9783704913906737,0.9997105977998183,0.000524329194842043,0.0021248317665741577,-0.07882841871949917,0.99688819854695,1.0,0.18229166666666666,0.27049816751261696,0.9769452449567724,0.8828125,0.9489334338993779,0.5446685878962536,0.984375,0.9963577277575731,0.2761355443403028,0.9973958333333334,0.9998921630120974,2020-10,14,capped_weighted,20260716,lightgbm,platt,350000,0.022742857142857145,69348,0.005537290188613947,2.5291900634765625
0.9783704913906737,0.9997105977998183,0.0005239200822125066,0.002132142564093296,-0.035845912214702534,0.9515294232059285,1.0,0.18229166666666666,0.27049816751261696,0.9769452449567724,0.8828125,0.9489334338993779,0.5446685878962536,0.984375,0.9963577277575731,0.2761355443403028,0.9973958333333334,0.9998921630120974,2020-10,14,capped_weighted,20260716,lightgbm,beta,350000,0.022742857142857145,69348,0.005537290188613947,2.5291900634765625
0.9796670298548814,0.9996374920248245,0.0011439018417149782,0.004365722648799419,-2.6263883113861084,0.9271504282951355,1.0,0.18229166666666666,0.25789248892625605,0.9798270893371758,0.8854166666666666,0.9544723383809124,0.5461095100864554,0.9869791666666666,0.9963977639650307,0.2761355443403028,0.9973958333333334,0.9998921630120974,2020-10,14,capped_weighted,20260716,xgboost,raw,350000,0.022742857142857145,69348,0.005537290188613947,3.830885887145996
0.9796670298548814,0.9996374920248245,0.0005270910332910717,0.0021008390467613935,0.2069522589445114,1.0303337574005127,1.0,0.18229166666666666,0.25789248892625605,0.9798270893371758,0.8854166666666666,0.9544723383809124,0.5461095100864554,0.9869791666666666,0.9963977639650307,0.2761355443403028,0.9973958333333334,0.9998921630120974,2020-10,14,capped_weighted,20260716,xgboost,platt,350000,0.022742857142857145,69348,0.005537290188613947,3.830885887145996
0.9796670298548814,0.9996374920248245,0.0005280745681375265,0.002109622349962592,0.26413577795028687,1.0361177921295166,1.0,0.18229166666666666,0.25789248892625605,0.9798270893371758,0.8854166666666666,0.9544723383809124,0.5461095100864554,0.9869791666666666,0.9963977639650307,0.2761355443403028,0.9973958333333334,0.9998921630120974,2020-10,14,capped_weighted,20260716,xgboost,beta,350000,0.022742857142857145,69348,0.005537290188613947,3.830885887145996
0.4153774335359598,0.9784621173124143,0.043056294322013855,0.21184931695461273,-5.249711513519287,0.47125720977783203,0.4142857142857143,0.07552083333333333,0.10497524274443448,0.5302593659942363,0.4791666666666667,0.6163376769294857,0.40057636887608067,0.7239583333333334,0.8711843461803541,0.23720259552992068,0.8567708333333334,0.9619562457940892,2020-10,14,capped_weighted,20260717,logistic,raw,350000,0.022742857142857145,69348,0.005537290188613947,0.5938329696655273
0.41642891506316354,0.9784642319422694,0.004348469898104668,0.018113788217306137,0.4731754660606384,1.0639879703521729,0.42857142857142855,0.078125,0.10973704597317309,0.5302593659942363,0.4791666666666667,0.6163376769294857,0.40057636887608067,0.7239583333333334,0.8711843461803541,0.23720259552992068,0.8567708333333334,0.9619562457940892,2020-10,14,capped_weighted,20260717,logistic,platt,350000,0.022742857142857145,69348,0.005537290188613947,0.5938329696655273
0.4164291162282675,0.9784642319422694,0.003837524214759469,0.014646335504949093,0.27495235204696655,1.0548350811004639,0.42857142857142855,0.078125,0.10973704597317309,0.5302593659942363,0.4791666666666667,0.6163376769294857,0.40057636887608067,0.7239583333333334,0.8711843461803541,0.23720259552992068,0.8567708333333334,0.9619562457940892,2020-10,14,capped_weighted,20260717,logistic,beta,350000,0.022742857142857145,69348,0.005537290188613947,0.5938329696655273
0.9784135039515485,0.9996889983662973,0.0016319137639733293,0.006293005548810398,-2.9349233191572432,1.0016357505157667,1.0,0.18229166666666666,0.2774340441830996,0.9769452449567724,0.8828125,0.9442788540768186,0.5461095100864554,0.9869791666666666,0.9963977639650307,0.2761355443403028,0.9973958333333334,0.9998921630120974,2020-10,14,capped_weighted,20260717,lightgbm,raw,350000,0.022742857142857145,69348,0.005537290188613947,2.6409718990325928
0.9784135039515485,0.9996889983662973,0.0005522093512452474,0.0021721060945910343,-0.0797060002038321,0.9968184155258702,1.0,0.18229166666666666,0.2774340441830996,0.9769452449567724,0.8828125,0.9442788540768186,0.5461095100864554,0.9869791666666666,0.9963977639650307,0.2761355443403028,0.9973958333333334,0.9998921630120974,2020-10,14,capped_weighted,20260717,lightgbm,platt,350000,0.022742857142857145,69348,0.005537290188613947,2.6409718990325928
0.9784135039515485,0.9996889983662973,0.0005544713517367061,0.002200272253450328,-0.018676474604488718,0.9324194628977182,1.0,0.18229166666666666,0.2774340441830996,0.9769452449567724,0.8828125,0.9442788540768186,0.5461095100864554,0.9869791666666666,0.9963977639650307,0.2761355443403028,0.9973958333333334,0.9998921630120974,2020-10,14,capped_weighted,20260717,lightgbm,beta,350000,0.022742857142857145,69348,0.005537290188613947,2.6409718990325928
0.9791862178189389,0.999665435347911,0.001144648646004498,0.004516763612627983,-2.6305301189422607,0.925642728805542,1.0,0.18229166666666666,0.2689083772670631,0.9798270893371758,0.8854166666666666,0.9403465622064237,0.547550432276657,0.9895833333333334,0.9995387399393691,0.2754145638067772,0.9947916666666666,0.9996334871838375,2020-10,14,capped_weighted,20260717,xgboost,raw,350000,0.022742857142857145,69348,0.005537290188613947,3.405709981918335
0.9791862178189389,0.9996654353479109,0.0005630163941532373,0.0021827395539730787,0.28600284457206726,1.0052635669708252,1.0,0.18229166666666666,0.2689083772670631,0.9798270893371758,0.8854166666666666,0.9403465622064237,0.547550432276657,0.9895833333333334,0.9995387399393691,0.2754145638067772,0.9947916666666666,0.9996334871838375,2020-10,14,capped_weighted,20260717,xgboost,platt,350000,0.022742857142857145,69348,0.005537290188613947,3.405709981918335
0.9791862178189389,0.9996654353479111,0.0005647134385071695,0.002197007415816188,0.28512951731681824,1.0267963409423828,1.0,0.18229166666666666,0.2689083772670631,0.9798270893371758,0.8854166666666666,0.9403465622064237,0.547550432276657,0.9895833333333334,0.9995387399393691,0.2754145638067772,0.9947916666666666,0.9996334871838375,2020-10,14,capped_weighted,20260717,xgboost,beta,350000,0.022742857142857145,69348,0.005537290188613947,3.405709981918335
0.4236249346703567,0.9805344168092532,0.060079898685216904,0.26173439621925354,-5.429841041564941,0.4727771282196045,0.4714285714285714,0.0859375,0.12349114501865979,0.5417867435158501,0.4895833333333333,0.629471189193476,0.4034582132564842,0.7291666666666666,0.8742877914059393,0.24080749819754865,0.8697916666666666,0.9707898796035057,2020-10,14,sliding180_weighted,20260716,logistic,raw,431057,0.005460994717635951,69348,0.005537290188613947,0.6555547714233398
0.42755159350003286,0.9805428186868028,0.004253343679010868,0.01762521080672741,0.44592466950416565,1.0712368488311768,0.4714285714285714,0.0859375,0.13231470586144908,0.5417867435158501,0.4895833333333333,0.629471189193476,0.4034582132564842,0.7291666666666666,0.8742877914059393,0.24080749819754865,0.8697916666666666,0.9707898796035057,2020-10,14,sliding180_weighted,20260716,logistic,platt,431057,0.005460994717635951,69348,0.005537290188613947,0.6555547714233398
0.4275515935000328,0.9805427998061792,0.003801684593781829,0.014555691741406918,0.34006038308143616,1.1264768838882446,0.4714285714285714,0.0859375,0.13231470586144908,0.5417867435158501,0.4895833333333333,0.629471189193476,0.4034582132564842,0.7291666666666666,0.8742877914059393,0.24080749819754865,0.8697916666666666,0.9707898796035057,2020-10,14,sliding180_weighted,20260716,logistic,beta,431057,0.005460994717635951,69348,0.005537290188613947,0.6555547714233398
0.9655104641853947,0.9994487990714962,0.0008034134671009877,0.0032374517674036976,-1.3142039840002344,0.8526745841972339,1.0,0.18229166666666666,0.24542169605544165,0.9740634005763689,0.8802083333333334,0.9420985936860296,0.5360230547550432,0.96875,0.9944818039016334,0.273972602739726,0.9895833333333334,0.9995132762978444,2020-10,14,sliding180_weighted,20260716,lightgbm,raw,431057,0.005460994717635951,69348,0.005537290188613947,3.205599069595337
0.9655104641853945,0.9994487990714963,0.0006667948586284884,0.0028252549854934483,-0.06913888990964055,0.9415785476533938,1.0,0.18229166666666666,0.24542169605544165,0.9740634005763689,0.8802083333333334,0.9420985936860296,0.5360230547550432,0.96875,0.9944818039016334,0.273972602739726,0.9895833333333334,0.9995132762978444,2020-10,14,sliding180_weighted,20260716,lightgbm,platt,431057,0.005460994717635951,69348,0.005537290188613947,3.205599069595337
0.9655104641853945,0.9994487990714963,0.0006678535298538901,0.0028291690524366703,-0.07108461127253447,0.9273247618971857,1.0,0.18229166666666666,0.24542169605544165,0.9740634005763689,0.8802083333333334,0.9420985936860296,0.5360230547550432,0.96875,0.9944818039016334,0.273972602739726,0.9895833333333334,0.9995132762978444,2020-10,14,sliding180_weighted,20260716,lightgbm,beta,431057,0.005460994717635951,69348,0.005537290188613947,3.205599069595337
0.9644743435504269,0.9991289613058988,0.0007044081576168537,0.003034067340195179,-0.8081052303314209,0.8341625332832336,1.0,0.18229166666666666,0.26759725538759277,0.9769452449567724,0.8828125,0.949499053984812,0.537463976945245,0.9713541666666666,0.9945729207875711,0.273972602739726,0.9895833333333334,0.9964834097472672,2020-10,14,sliding180_weighted,20260716,xgboost,raw,431057,0.005460994717635951,69348,0.005537290188613947,4.3550190925598145
0.9644743435504269,0.9991289613058987,0.0006504854536615312,0.002871260279789567,-0.10569232702255249,0.955241322517395,1.0,0.18229166666666666,0.26759725538759277,0.9769452449567724,0.8828125,0.949499053984812,0.537463976945245,0.9713541666666666,0.9945729207875711,0.273972602739726,0.9895833333333334,0.9964834097472672,2020-10,14,sliding180_weighted,20260716,xgboost,platt,431057,0.005460994717635951,69348,0.005537290188613947,4.3550190925598145
0.964474343550427,0.9991289613058987,0.0006693191244266927,0.002894342876970768,-0.13048219680786133,0.951152503490448,1.0,0.18229166666666666,0.26759725538759277,0.9769452449567724,0.8828125,0.949499053984812,0.537463976945245,0.9713541666666666,0.9945729207875711,0.273972602739726,0.9895833333333334,0.9964834097472672,2020-10,14,sliding180_weighted,20260716,xgboost,beta,431057,0.005460994717635951,69348,0.005537290188613947,4.3550190925598145
0.4236249346703567,0.9805344168092532,0.060079898685216904,0.26173439621925354,-5.429841041564941,0.4727771282196045,0.4714285714285714,0.0859375,0.12349114501865979,0.5417867435158501,0.4895833333333333,0.629471189193476,0.4034582132564842,0.7291666666666666,0.8742877914059393,0.24080749819754865,0.8697916666666666,0.9707898796035057,2020-10,14,sliding180_weighted,20260717,logistic,raw,431057,0.005460994717635951,69348,0.005537290188613947,0.645280122756958
0.42755159350003286,0.9805428186868028,0.004253343679010868,0.01762521080672741,0.44592466950416565,1.0712368488311768,0.4714285714285714,0.0859375,0.13231470586144908,0.5417867435158501,0.4895833333333333,0.629471189193476,0.4034582132564842,0.7291666666666666,0.8742877914059393,0.24080749819754865,0.8697916666666666,0.9707898796035057,2020-10,14,sliding180_weighted,20260717,logistic,platt,431057,0.005460994717635951,69348,0.005537290188613947,0.645280122756958
0.4275515935000328,0.9805427998061792,0.003801684593781829,0.014555691741406918,0.34006038308143616,1.1264768838882446,0.4714285714285714,0.0859375,0.13231470586144908,0.5417867435158501,0.4895833333333333,0.629471189193476,0.4034582132564842,0.7291666666666666,0.8742877914059393,0.24080749819754865,0.8697916666666666,0.9707898796035057,2020-10,14,sliding180_weighted,20260717,logistic,beta,431057,0.005460994717635951,69348,0.005537290188613947,0.645280122756958
0.9646598195737367,0.9981938795361832,0.0008059174685196308,0.0033106592269442022,-1.295467016722438,0.8324835907458024,1.0,0.18229166666666666,0.2626173238561546,0.9740634005763689,0.8802083333333334,0.940830575922634,0.5331412103746398,0.9635416666666666,0.99382833936612,0.273972602739726,0.9895833333333334,0.9995132762978445,2020-10,14,sliding180_weighted,20260717,lightgbm,raw,431057,0.005460994717635951,69348,0.005537290188613947,3.53004789352417
0.9646598195737366,0.9981938795361831,0.0006499645861065465,0.002845292669838238,-0.068087773651666,0.9392413330898803,1.0,0.18229166666666666,0.2626173238561546,0.9740634005763689,0.8802083333333334,0.940830575922634,0.5331412103746398,0.9635416666666666,0.99382833936612,0.273972602739726,0.9895833333333334,0.9995132762978445,2020-10,14,sliding180_weighted,20260717,lightgbm,platt,431057,0.005460994717635951,69348,0.005537290188613947,3.53004789352417
0.9646598195737366,0.9981938795361831,0.0006514513650225077,0.0028553199343139004,-0.07112900139570852,0.9251845398290426,1.0,0.18229166666666666,0.2626173238561546,0.9740634005763689,0.8802083333333334,0.940830575922634,0.5331412103746398,0.9635416666666666,0.99382833936612,0.273972602739726,0.9895833333333334,0.9995132762978445,2020-10,14,sliding180_weighted,20260717,lightgbm,beta,431057,0.005460994717635951,69348,0.005537290188613947,3.53004789352417
0.965177863266136,0.9992064851468399,0.0007139747031033039,0.0030229005496948957,-0.8592968583106995,0.8318652510643005,1.0,0.18229166666666666,0.2621880723087654,0.9740634005763689,0.8802083333333334,0.9462884876166683,0.5389048991354467,0.9739583333333334,0.9898016581739287,0.2746935832732516,0.9921875,0.9996243857216058,2020-10,14,sliding180_weighted,20260717,xgboost,raw,431057,0.005460994717635951,69348,0.005537290188613947,4.103147983551025
0.9651778632661362,0.9992064851468399,0.000651942566037178,0.002836636733263731,-0.09594088792800903,0.9936638474464417,1.0,0.18229166666666666,0.2621880723087654,0.9740634005763689,0.8802083333333334,0.9462884876166683,0.5389048991354467,0.9739583333333334,0.9898016581739287,0.2746935832732516,0.9921875,0.9996243857216058,2020-10,14,sliding180_weighted,20260717,xgboost,platt,431057,0.005460994717635951,69348,0.005537290188613947,4.103147983551025
0.9651778632661361,0.9992064851468399,0.0006720878300257027,0.0028635344933718443,-0.08863548934459686,0.9960641264915466,1.0,0.18229166666666666,0.2621880723087654,0.9740634005763689,0.8802083333333334,0.9462884876166683,0.5389048991354467,0.9739583333333334,0.9898016581739287,0.2746935832732516,0.9921875,0.9996243857216058,2020-10,14,sliding180_weighted,20260717,xgboost,beta,431057,0.005460994717635951,69348,0.005537290188613947,4.103147983551025
0.6246693311259872,0.9339100004470932,0.003003513440489769,0.01570788398385048,0.06947603821754456,1.053909182548523,0.9142857142857143,0.16666666666666666,0.25170354574049786,0.6570605187319885,0.59375,0.8127100079320779,0.40057636887608067,0.7239583333333334,0.9182791977848473,0.21557317952415284,0.7786458333333334,0.9559959640639503,2020-10,14,sliding180_unweighted,20260716,logistic,raw,431057,0.005460994717635951,69348,0.005537290188613947,0.6250700950622559
0.6246693311259872,0.9339100004470932,0.0030815969221293926,0.01574120670557022,0.44927164912223816,1.1002529859542847,0.9142857142857143,0.16666666666666666,0.25170354574049786,0.6570605187319885,0.59375,0.8127100079320779,0.40057636887608067,0.7239583333333334,0.9182791977848473,0.21557317952415284,0.7786458333333334,0.9559959640639503,2020-10,14,sliding180_unweighted,20260716,logistic,platt,431057,0.005460994717635951,69348,0.005537290188613947,0.6250700950622559
0.6246693311259873,0.9339100004470933,0.0029762410558760166,0.015416944399476051,0.254133403301239,1.0587173700332642,0.9142857142857143,0.16666666666666666,0.25170354574049786,0.6570605187319885,0.59375,0.8127100079320779,0.40057636887608067,0.7239583333333334,0.9182791977848473,0.21557317952415284,0.7786458333333334,0.9559959640639503,2020-10,14,sliding180_unweighted,20260716,logistic,beta,431057,0.005460994717635951,69348,0.005537290188613947,0.6250700950622559
0.9513105585355126,0.999220268002146,0.0009168637438598494,0.004470812590071171,0.21629971560758662,0.6623939191348176,1.0,0.18229166666666666,0.16756875962971773,0.9452449567723343,0.8541666666666666,0.9164430544773136,0.5331412103746398,0.9635416666666666,0.9863145198439235,0.2732516222062004,0.9869791666666666,0.9985837511185723,2020-10,14,sliding180_unweighted,20260716,lightgbm,raw,431057,0.005460994717635951,69348,0.005537290188613947,3.0124130249023438
0.9513105585355125,0.999220268002146,0.0009144954656158666,0.0036519691585296978,-0.11493109492099932,0.9299554090211548,1.0,0.18229166666666666,0.16756875962971773,0.9452449567723343,0.8541666666666666,0.9164430544773136,0.5331412103746398,0.9635416666666666,0.9863145198439235,0.2732516222062004,0.9869791666666666,0.9985837511185723,2020-10,14,sliding180_unweighted,20260716,lightgbm,platt,431057,0.005460994717635951,69348,0.005537290188613947,3.0124130249023438
0.9513105585355125,0.999220268002146,0.0009214473100517521,0.0036741501038363594,-0.35091516369961306,0.8821139677609714,1.0,0.18229166666666666,0.16756875962971773,0.9452449567723343,0.8541666666666666,0.9164430544773136,0.5331412103746398,0.9635416666666666,0.9863145198439235,0.2732516222062004,0.9869791666666666,0.9985837511185723,2020-10,14,sliding180_unweighted,20260716,lightgbm,beta,431057,0.005460994717635951,69348,0.005537290188613947,3.0124130249023438
0.9581355902434349,0.9990709222686232,0.0008051355835050344,0.0035204573068767786,1.221523404121399,1.0282065868377686,1.0,0.18229166666666666,0.23346344845097974,0.9654178674351584,0.8723958333333334,0.9362751918120383,0.5302593659942363,0.9583333333333334,0.989198967526034,0.273972602739726,0.9895833333333334,0.9995132762978445,2020-10,14,sliding180_unweighted,20260716,xgboost,raw,431057,0.005460994717635951,69348,0.005537290188613947,3.543672800064087
0.9581355902434349,0.9990709222686232,0.0007224526489153504,0.00311864516697824,-0.09075268357992172,0.9958734512329102,1.0,0.18229166666666666,0.23346344845097974,0.9654178674351584,0.8723958333333334,0.9362751918120383,0.5302593659942363,0.9583333333333334,0.989198967526034,0.273972602739726,0.9895833333333334,0.9995132762978445,2020-10,14,sliding180_unweighted,20260716,xgboost,platt,431057,0.005460994717635951,69348,0.005537290188613947,3.543672800064087
0.9581355902434349,0.9990709222686232,0.0007226890884339809,0.003120174165815115,-0.07806973904371262,0.9817139506340027,1.0,0.18229166666666666,0.2334634484509797,0.9654178674351584,0.8723958333333334,0.9362751918120383,0.5302593659942363,0.9583333333333334,0.989198967526034,0.273972602739726,0.9895833333333334,0.9995132762978445,2020-10,14,sliding180_unweighted,20260716,xgboost,beta,431057,0.005460994717635951,69348,0.005537290188613947,3.543672800064087
0.6246693311259872,0.9339100004470932,0.003003513440489769,0.01570788398385048,0.06947603821754456,1.053909182548523,0.9142857142857143,0.16666666666666666,0.25170354574049786,0.6570605187319885,0.59375,0.8127100079320779,0.40057636887608067,0.7239583333333334,0.9182791977848473,0.21557317952415284,0.7786458333333334,0.9559959640639503,2020-10,14,sliding180_unweighted,20260717,logistic,raw,431057,0.005460994717635951,69348,0.005537290188613947,0.6373896598815918
0.6246693311259872,0.9339100004470932,0.0030815969221293926,0.01574120670557022,0.44927164912223816,1.1002529859542847,0.9142857142857143,0.16666666666666666,0.25170354574049786,0.6570605187319885,0.59375,0.8127100079320779,0.40057636887608067,0.7239583333333334,0.9182791977848473,0.21557317952415284,0.7786458333333334,0.9559959640639503,2020-10,14,sliding180_unweighted,20260717,logistic,platt,431057,0.005460994717635951,69348,0.005537290188613947,0.6373896598815918
0.6246693311259873,0.9339100004470933,0.0029762410558760166,0.015416944399476051,0.254133403301239,1.0587173700332642,0.9142857142857143,0.16666666666666666,0.25170354574049786,0.6570605187319885,0.59375,0.8127100079320779,0.40057636887608067,0.7239583333333334,0.9182791977848473,0.21557317952415284,0.7786458333333334,0.9559959640639503,2020-10,14,sliding180_unweighted,20260717,logistic,beta,431057,0.005460994717635951,69348,0.005537290188613947,0.6373896598815918
0.9400693844444021,0.998937398497767,0.00102503970592501,0.005234490408034851,-0.029321499308109004,0.6230691140950634,1.0,0.18229166666666666,0.16566583817794456,0.9250720461095101,0.8359375,0.9231237834144465,0.5288184438040345,0.9557291666666666,0.986843427289569,0.2725306416726748,0.984375,0.9984726416948111,2020-10,14,sliding180_unweighted,20260717,lightgbm,raw,431057,0.005460994717635951,69348,0.005537290188613947,2.895751953125
0.9400693844444024,0.998937398497767,0.0009903671721378496,0.004144957906057393,-0.08957364814384122,0.9686237764515262,1.0,0.18229166666666666,0.16566583817794456,0.9250720461095101,0.8359375,0.9231237834144465,0.5288184438040345,0.9557291666666666,0.986843427289569,0.2725306416726748,0.984375,0.9984726416948111,2020-10,14,sliding180_unweighted,20260717,lightgbm,platt,431057,0.005460994717635951,69348,0.005537290188613947,2.895751953125
0.9400693844444024,0.998937398497767,0.0009984831428182265,0.0041402781434842,-0.0983372406926581,0.9708599512896614,1.0,0.18229166666666666,0.16566583817794456,0.9250720461095101,0.8359375,0.9231237834144465,0.5288184438040345,0.9557291666666666,0.986843427289569,0.2725306416726748,0.984375,0.9984726416948111,2020-10,14,sliding180_unweighted,20260717,lightgbm,beta,431057,0.005460994717635951,69348,0.005537290188613947,2.895751953125
0.9523216892935713,0.99877117348665,0.0008102735737338662,0.003683806397020817,0.7874260544776917,0.9514611959457397,1.0,0.18229166666666666,0.2994533447030027,0.9596541786743515,0.8671875,0.9365917999813573,0.5302593659942363,0.9583333333333334,0.9885020920835841,0.27036770007209804,0.9765625,0.998190189574766,2020-10,14,sliding180_unweighted,20260717,xgboost,raw,431057,0.005460994717635951,69348,0.005537290188613947,3.416486978530884
0.9523216892935712,0.99877117348665,0.0007722267182543874,0.003398182801902294,-0.08101805299520493,0.9479633569717407,1.0,0.18229166666666666,0.2994533447030027,0.9596541786743515,0.8671875,0.9365917999813573,0.5302593659942363,0.9583333333333334,0.9885020920835841,0.27036770007209804,0.9765625,0.998190189574766,2020-10,14,sliding180_unweighted,20260717,xgboost,platt,431057,0.005460994717635951,69348,0.005537290188613947,3.416486978530884
0.9523216892935712,0.99877117348665,0.0007715171668678522,0.00339648500084877,-0.07978229969739914,0.9500401616096497,1.0,0.18229166666666666,0.2994533447030027,0.9596541786743515,0.8671875,0.9365917999813573,0.5302593659942363,0.9583333333333334,0.9885020920835841,0.27036770007209804,0.9765625,0.998190189574766,2020-10,14,sliding180_unweighted,20260717,xgboost,beta,431057,0.005460994717635951,69348,0.005537290188613947,3.416486978530884
0.4168214507135093,0.9785311259920635,0.04260832816362381,0.21121813356876373,-5.262139320373535,0.4669160842895508,0.4714285714285714,0.0859375,0.12675125811097515,0.5302593659942363,0.4791666666666667,0.6169928799465489,0.4020172910662824,0.7265625,0.8762119836907935,0.23792357606344627,0.859375,0.9619978670876655,2020-10,30,capped_weighted,20260716,logistic,raw,350000,0.022742857142857145,69348,0.005537290188613947,0.5219259262084961
0.41714626131956994,0.9785317868138932,0.0043263607658445835,0.01802915707230568,0.4687110185623169,1.0620380640029907,0.44285714285714284,0.08072916666666667,0.11947653093369705,0.5302593659942363,0.4791666666666667,0.6169928799465489,0.4020172910662824,0.7265625,0.8762119836907935,0.23792357606344627,0.859375,0.9619978670876655,2020-10,30,capped_weighted,20260716,logistic,platt,350000,0.022742857142857145,69348,0.005537290188613947,0.5219259262084961
0.4171462613195699,0.9785317868138932,0.003835279494524002,0.0146345105022192,0.2953869104385376,1.0657033920288086,0.44285714285714284,0.08072916666666667,0.11947653093369705,0.5302593659942363,0.4791666666666667,0.6169928799465489,0.4020172910662824,0.7265625,0.8762119836907935,0.23792357606344627,0.859375,0.9619978670876655,2020-10,30,capped_weighted,20260716,logistic,beta,350000,0.022742857142857145,69348,0.005537290188613947,0.5219259262084961
0.97834845413473,0.9996753287947334,0.001737893895788876,0.006615929643304823,-3.032533456806436,0.9972808873401616,1.0,0.18229166666666666,0.2764303778789063,0.9769452449567724,0.8828125,0.9499185393564358,0.5461095100864554,0.9869791666666666,0.9963804814131525,0.2761355443403028,0.9973958333333334,0.9998921630120973,2020-10,30,capped_weighted,20260716,lightgbm,raw,350000,0.022742857142857145,69348,0.005537290188613947,3.202659845352173
0.9783484541347301,0.9996753287947334,0.0005551474694858978,0.0021850282301257747,-0.0803789621050354,0.9967643765960525,1.0,0.18229166666666666,0.2764303778789063,0.9769452449567724,0.8828125,0.9499185393564358,0.5461095100864554,0.9869791666666666,0.9963804814131525,0.2761355443403028,0.9973958333333334,0.9998921630120973,2020-10,30,capped_weighted,20260716,lightgbm,platt,350000,0.022742857142857145,69348,0.005537290188613947,3.202659845352173
0.9783484541347301,0.9996753287947334,0.0005578050313704268,0.0021971139443053775,-0.0034678478800316513,0.942280088086436,1.0,0.18229166666666666,0.2764303778789063,0.9769452449567724,0.8828125,0.9499185393564358,0.5461095100864554,0.9869791666666666,0.9963804814131525,0.2761355443403028,0.9973958333333334,0.9998921630120973,2020-10,30,capped_weighted,20260716,lightgbm,beta,350000,0.022742857142857145,69348,0.005537290188613947,3.202659845352173
0.9783923783701884,0.9996121164665623,0.0011026591528207064,0.004293777048587799,-2.5501723289489746,0.9080291390419006,1.0,0.18229166666666666,0.2675582929481513,0.9798270893371758,0.8854166666666666,0.9444645648117939,0.547550432276657,0.9895833333333334,0.9964834097472673,0.2754145638067772,0.9947916666666666,0.9996334871838375,2020-10,30,capped_weighted,20260716,xgboost,raw,350000,0.022742857142857145,69348,0.005537290188613947,3.1258058547973633
0.9783923783701886,0.9996121164665623,0.0005583849269896746,0.0022148918360471725,0.05992353707551956,0.9635351896286011,1.0,0.18229166666666666,0.2675582929481513,0.9798270893371758,0.8854166666666666,0.9444645648117939,0.547550432276657,0.9895833333333334,0.9964834097472673,0.2754145638067772,0.9947916666666666,0.9996334871838375,2020-10,30,capped_weighted,20260716,xgboost,platt,350000,0.022742857142857145,69348,0.005537290188613947,3.1258058547973633
0.9783923783701886,0.9996121164665623,0.0005563784507103264,0.0022070463746786118,-0.06000983342528343,0.9911718368530273,1.0,0.18229166666666666,0.2675582929481513,0.9798270893371758,0.8854166666666666,0.9444645648117939,0.547550432276657,0.9895833333333334,0.9964834097472673,0.2754145638067772,0.9947916666666666,0.9996334871838375,2020-10,30,capped_weighted,20260716,xgboost,beta,350000,0.022742857142857145,69348,0.005537290188613947,3.1258058547973633
0.41486536729169726,0.9784963290025713,0.042619261890649796,0.2104242444038391,-5.243730545043945,0.4709888696670532,0.42857142857142855,0.078125,0.10782093251434494,0.5273775216138329,0.4765625,0.6138339055749883,0.40057636887608067,0.7239583333333334,0.8711843461803541,0.23720259552992068,0.8567708333333334,0.9619562457940891,2020-10,30,capped_weighted,20260717,logistic,raw,350000,0.022742857142857145,69348,0.005537290188613947,0.5304436683654785
0.41591704998400497,0.9784984436324267,0.004352800082415342,0.018129844218492508,0.4743838608264923,1.0641077756881714,0.44285714285714284,0.08072916666666667,0.11108953348716853,0.5273775216138329,0.4765625,0.6138339055749883,0.40057636887608067,0.7239583333333334,0.8711843461803541,0.23720259552992068,0.8567708333333334,0.9619562457940891,2020-10,30,capped_weighted,20260717,logistic,platt,350000,0.022742857142857145,69348,0.005537290188613947,0.5304436683654785
0.41591704998400497,0.9784984436324267,0.0038397430907934904,0.014651748351752758,0.27407899498939514,1.054173231124878,0.44285714285714284,0.08072916666666667,0.11108953348716853,0.5273775216138329,0.4765625,0.6138339055749883,0.40057636887608067,0.7239583333333334,0.8711843461803541,0.23720259552992068,0.8567708333333334,0.9619562457940891,2020-10,30,capped_weighted,20260717,logistic,beta,350000,0.022742857142857145,69348,0.005537290188613947,0.5304436683654785
0.97784770929102,0.9996629431055817,0.0016470744960259392,0.006322425519234187,-2.9627122629705496,0.9944375197721677,1.0,0.18229166666666666,0.2839886820760558,0.9769452449567724,0.8828125,0.9600491826656825,0.547550432276657,0.9895833333333334,0.9995387399393691,0.2761355443403028,0.9973958333333334,0.9998921630120974,2020-10,30,capped_weighted,20260717,lightgbm,raw,350000,0.022742857142857145,69348,0.005537290188613947,2.479990005493164
0.97784770929102,0.9996629431055817,0.0005581006565174817,0.0022034086127870976,0.1227036282408196,1.0133056860875336,1.0,0.18229166666666666,0.2839886820760558,0.9769452449567724,0.8828125,0.9600491826656825,0.547550432276657,0.9895833333333334,0.9995387399393691,0.2761355443403028,0.9973958333333334,0.9998921630120974,2020-10,30,capped_weighted,20260717,lightgbm,platt,350000,0.022742857142857145,69348,0.005537290188613947,2.479990005493164
0.97784770929102,0.9996629431055817,0.0005603493952589894,0.0022229022261053117,0.21585044961941863,0.9828163250085432,1.0,0.18229166666666666,0.2839886820760558,0.9769452449567724,0.8828125,0.9600491826656825,0.547550432276657,0.9895833333333334,0.9995387399393691,0.2761355443403028,0.9973958333333334,0.9998921630120974,2020-10,30,capped_weighted,20260717,lightgbm,beta,350000,0.022742857142857145,69348,0.005537290188613947,2.479990005493164
0.9793647919832899,0.999705009135201,0.00109440041705966,0.004282640293240547,-2.5832386016845703,0.9152218699455261,1.0,0.18229166666666666,0.2836148574110217,0.9769452449567724,0.8828125,0.9464984348297213,0.5489913544668588,0.9921875,0.9995478414016008,0.2754145638067772,0.9947916666666666,0.9996334871838375,2020-10,30,capped_weighted,20260717,xgboost,raw,350000,0.022742857142857145,69348,0.005537290188613947,4.48255467414856
0.9793647919832896,0.999705009135201,0.0005510716000571847,0.00216430495493114,0.11577481031417847,0.9610575437545776,1.0,0.18229166666666666,0.2836148574110217,0.9769452449567724,0.8828125,0.9464984348297213,0.5489913544668588,0.9921875,0.9995478414016008,0.2754145638067772,0.9947916666666666,0.9996334871838375,2020-10,30,capped_weighted,20260717,xgboost,platt,350000,0.022742857142857145,69348,0.005537290188613947,4.48255467414856
0.9793647919832899,0.9997050091352009,0.0005504353903234005,0.0021631645504385233,0.3003700077533722,1.021621584892273,1.0,0.18229166666666666,0.2836148574110217,0.9769452449567724,0.8828125,0.9464984348297213,0.5489913544668588,0.9921875,0.9995478414016008,0.2754145638067772,0.9947916666666666,0.9996334871838375,2020-10,30,capped_weighted,20260717,xgboost,beta,350000,0.022742857142857145,69348,0.005537290188613947,4.48255467414856
0.4234787712919527,0.980516952232324,0.060770999640226364,0.2637893855571747,-5.434897422790527,0.47247812151908875,0.5,0.09114583333333333,0.1270332500447276,0.5389048991354467,0.4869791666666667,0.6293760840263356,0.4034582132564842,0.7291666666666666,0.8742877914059393,0.24080749819754865,0.8697916666666666,0.9707898796035057,2020-10,30,sliding180_weighted,20260716,logistic,raw,431057,0.005460994717635951,69348,0.005537290188613947,0.6513218879699707
0.42740542276829996,0.9805253163486263,0.004253356251865625,0.017624925822019577,0.4445338547229767,1.0714246034622192,0.5428571428571428,0.09895833333333333,0.1395105366554489,0.5389048991354467,0.4869791666666667,0.6293760840263356,0.4034582132564842,0.7291666666666666,0.8742877914059393,0.24080749819754865,0.8697916666666666,0.9707898796035057,2020-10,30,sliding180_weighted,20260716,logistic,platt,431057,0.005460994717635951,69348,0.005537290188613947,0.6513218879699707
0.42740543012162885,0.98052533522925,0.003802991472184658,0.014567428268492222,0.3425726890563965,1.1290240287780762,0.5428571428571428,0.09895833333333333,0.1395105366554489,0.5389048991354467,0.4869791666666667,0.6293760840263356,0.4034582132564842,0.7291666666666666,0.8742877914059393,0.24080749819754865,0.8697916666666666,0.9707898796035057,2020-10,30,sliding180_weighted,20260716,logistic,beta,431057,0.005460994717635951,69348,0.005537290188613947,0.6513218879699707
0.967107911722569,0.9994602407294627,0.000763830438886768,0.0031297570396189483,-1.3246133390307986,0.8548182864521865,1.0,0.18229166666666666,0.2501030178147829,0.9769452449567724,0.8828125,0.9482981211565177,0.537463976945245,0.9713541666666666,0.9906437479576038,0.2746935832732516,0.9921875,0.9997719521261043,2020-10,30,sliding180_weighted,20260716,lightgbm,raw,431057,0.005460994717635951,69348,0.005537290188613947,3.074306011199951
0.967107911722569,0.9994602407294627,0.0006239787216405655,0.0027080966001089275,-0.06837431563750034,0.9239887891689732,1.0,0.18229166666666666,0.2501030178147829,0.9769452449567724,0.8828125,0.9482981211565177,0.537463976945245,0.9713541666666666,0.9906437479576038,0.2746935832732516,0.9921875,0.9997719521261043,2020-10,30,sliding180_weighted,20260716,lightgbm,platt,431057,0.005460994717635951,69348,0.005537290188613947,3.074306011199951
0.967107911722569,0.9994602407294627,0.0006279337350129659,0.002723011861236959,-0.07066479096373365,0.9162213126582461,1.0,0.18229166666666666,0.2501030178147829,0.9769452449567724,0.8828125,0.9482981211565177,0.537463976945245,0.9713541666666666,0.9906437479576038,0.2746935832732516,0.9921875,0.9997719521261043,2020-10,30,sliding180_weighted,20260716,lightgbm,beta,431057,0.005460994717635951,69348,0.005537290188613947,3.074306011199951
0.9640315063104035,0.9993306441283374,0.0007070436258800328,0.0030511540826410055,-0.7912852168083191,0.8333881497383118,1.0,0.18229166666666666,0.26909173593876495,0.9740634005763689,0.8802083333333334,0.9378822134776602,0.537463976945245,0.9713541666666666,0.9901085512992925,0.273972602739726,0.9895833333333334,0.9995369503260091,2020-10,30,sliding180_weighted,20260716,xgboost,raw,431057,0.005460994717635951,69348,0.005537290188613947,3.83827805519104
0.9640315063104035,0.9993306441283375,0.0006602531648240983,0.0028915093280375004,-0.10289257019758224,0.9537370800971985,1.0,0.18229166666666666,0.26909173593876495,0.9740634005763689,0.8802083333333334,0.9378822134776602,0.537463976945245,0.9713541666666666,0.9901085512992925,0.273972602739726,0.9895833333333334,0.9995369503260091,2020-10,30,sliding180_weighted,20260716,xgboost,platt,431057,0.005460994717635951,69348,0.005537290188613947,3.83827805519104
0.9640315063104035,0.9993306441283375,0.0006746577564626932,0.0029036281630396843,-0.10805551707744598,0.9614838361740112,1.0,0.18229166666666666,0.26909173593876495,0.9740634005763689,0.8802083333333334,0.9378822134776602,0.537463976945245,0.9713541666666666,0.9901085512992925,0.273972602739726,0.9895833333333334,0.9995369503260091,2020-10,30,sliding180_weighted,20260716,xgboost,beta,431057,0.005460994717635951,69348,0.005537290188613947,3.83827805519104
0.4234787712919527,0.980516952232324,0.060770999640226364,0.2637893855571747,-5.434897422790527,0.47247812151908875,0.5,0.09114583333333333,0.1270332500447276,0.5389048991354467,0.4869791666666667,0.6293760840263356,0.4034582132564842,0.7291666666666666,0.8742877914059393,0.24080749819754865,0.8697916666666666,0.9707898796035057,2020-10,30,sliding180_weighted,20260717,logistic,raw,431057,0.005460994717635951,69348,0.005537290188613947,0.6461529731750488
0.42740542276829996,0.9805253163486263,0.004253356251865625,0.017624925822019577,0.4445338547229767,1.0714246034622192,0.5428571428571428,0.09895833333333333,0.1395105366554489,0.5389048991354467,0.4869791666666667,0.6293760840263356,0.4034582132564842,0.7291666666666666,0.8742877914059393,0.24080749819754865,0.8697916666666666,0.9707898796035057,2020-10,30,sliding180_weighted,20260717,logistic,platt,431057,0.005460994717635951,69348,0.005537290188613947,0.6461529731750488
0.42740543012162885,0.98052533522925,0.003802991472184658,0.014567428268492222,0.3425726890563965,1.1290240287780762,0.5428571428571428,0.09895833333333333,0.1395105366554489,0.5389048991354467,0.4869791666666667,0.6293760840263356,0.4034582132564842,0.7291666666666666,0.8742877914059393,0.24080749819754865,0.8697916666666666,0.9707898796035057,2020-10,30,sliding180_weighted,20260717,logistic,beta,431057,0.005460994717635951,69348,0.005537290188613947,0.6461529731750488
0.9661664210656157,0.9978668293723296,0.0007934677243539911,0.0032936887431610578,-1.34748498075202,0.8376010265891006,1.0,0.18229166666666666,0.25449125203753875,0.9769452449567724,0.8828125,0.9489441204477287,0.537463976945245,0.9713541666666666,0.9954824022972093,0.2746935832732516,0.9921875,0.9996243857216058,2020-10,30,sliding180_weighted,20260717,lightgbm,raw,431057,0.005460994717635951,69348,0.005537290188613947,3.0521299839019775
0.9661664210656155,0.9978668293723296,0.000638399798680106,0.002804113621329812,-0.06991844825857595,0.9424531108128298,1.0,0.18229166666666666,0.25449125203753875,0.9769452449567724,0.8828125,0.9489441204477287,0.537463976945245,0.9713541666666666,0.9954824022972093,0.2746935832732516,0.9921875,0.9996243857216058,2020-10,30,sliding180_weighted,20260717,lightgbm,platt,431057,0.005460994717635951,69348,0.005537290188613947,3.0521299839019775
0.9661664210656155,0.9978668293723296,0.0006406887376248072,0.002816279542483678,-0.07381754149311091,0.9269877723554678,1.0,0.18229166666666666,0.25449125203753875,0.9769452449567724,0.8828125,0.9489441204477287,0.537463976945245,0.9713541666666666,0.9954824022972093,0.2746935832732516,0.9921875,0.9996243857216058,2020-10,30,sliding180_weighted,20260717,lightgbm,beta,431057,0.005460994717635951,69348,0.005537290188613947,3.0521299839019775
0.9630746525181292,0.9991246187624461,0.0007449001423083246,0.0031641998793929815,-0.8477621674537659,0.8284374475479126,1.0,0.18229166666666666,0.27129930071624936,0.9769452449567724,0.8828125,0.9441603816723754,0.5360230547550432,0.96875,0.9895640486515085,0.2746935832732516,0.9921875,0.9996243857216058,2020-10,30,sliding180_weighted,20260717,xgboost,raw,431057,0.005460994717635951,69348,0.005537290188613947,3.878399133682251
0.9630746525181292,0.9991246187624461,0.0006824104930274189,0.0029710170347243547,-0.10404720902442932,0.9715107679367065,1.0,0.18229166666666666,0.27129930071624936,0.9769452449567724,0.8828125,0.9441603816723754,0.5360230547550432,0.96875,0.9895640486515085,0.2746935832732516,0.9921875,0.9996243857216058,2020-10,30,sliding180_weighted,20260717,xgboost,platt,431057,0.005460994717635951,69348,0.005537290188613947,3.878399133682251
0.9630746525181293,0.9991246187624461,0.0007027146057225764,0.0029900444205850363,-0.09386637806892395,0.9850990176200867,1.0,0.18229166666666666,0.27129930071624936,0.9769452449567724,0.8828125,0.9441603816723754,0.5360230547550432,0.96875,0.9895640486515085,0.2746935832732516,0.9921875,0.9996243857216058,2020-10,30,sliding180_weighted,20260717,xgboost,beta,431057,0.005460994717635951,69348,0.005537290188613947,3.878399133682251
0.625752500373685,0.9342396183757709,0.0029917536303400993,0.015686172991991043,0.030389849096536636,1.0499835014343262,0.9142857142857143,0.16666666666666666,0.2553727133151376,0.659942363112392,0.5963541666666666,0.8128071583716299,0.3976945244956772,0.71875,0.9142356430952601,0.21485219899062724,0.7760416666666666,0.9520247608859241,2020-10,30,sliding180_unweighted,20260716,logistic,raw,431057,0.005460994717635951,69348,0.005537290188613947,0.8272190093994141
0.6257525003736849,0.934239618375771,0.0030773484613746405,0.015716828405857086,0.4570685923099518,1.1041806936264038,0.9142857142857143,0.16666666666666666,0.2553727133151376,0.659942363112392,0.5963541666666666,0.8128071583716299,0.3976945244956772,0.71875,0.9142356430952601,0.21485219899062724,0.7760416666666666,0.9520247608859241,2020-10,30,sliding180_unweighted,20260716,logistic,platt,431057,0.005460994717635951,69348,0.005537290188613947,0.8272190093994141
0.6257525003736849,0.9342396183757711,0.002977041294798255,0.015412700362503529,0.26609688997268677,1.0641555786132812,0.9142857142857143,0.16666666666666666,0.2553727133151376,0.659942363112392,0.5963541666666666,0.8128071583716299,0.3976945244956772,0.71875,0.9142356430952601,0.21485219899062724,0.7760416666666666,0.9520247608859241,2020-10,30,sliding180_unweighted,20260716,logistic,beta,431057,0.005460994717635951,69348,0.005537290188613947,0.8272190093994141
0.22818390020075469,0.8661854675386191,0.00890395789026773,0.16263587718742745,-3.3665367603390455,0.19841976973839182,0.2571428571428571,0.046875,0.06743258027937094,0.21613832853025935,0.1953125,0.24433626998659375,0.33861671469740634,0.6119791666666666,0.7230021101586789,0.22782984859408795,0.8229166666666666,0.8895565169358527,2020-10,30,sliding180_unweighted,20260716,lightgbm,raw,431057,0.005460994717635951,69348,0.005537290188613947,2.7481319904327393
0.22612763354696583,0.8663581119617965,0.004933544238048844,0.021373071560369016,0.33789817796815913,1.0363205252391605,0.18571428571428572,0.033854166666666664,0.03698445649212159,0.2132564841498559,0.19270833333333334,0.23812181202750055,0.33861671469740634,0.6119791666666666,0.7230021101586789,0.22782984859408795,0.8229166666666666,0.8895565169358527,2020-10,30,sliding180_unweighted,20260716,lightgbm,platt,431057,0.005460994717635951,69348,0.005537290188613947,2.7481319904327393
0.3207811469113359,0.8677134764152312,0.0040943736527902464,0.0183361999795379,0.08518828815871218,0.9840381449940286,0.2857142857142857,0.052083333333333336,0.05972941966366826,0.48703170028818443,0.4401041666666667,0.5086650266649835,0.3414985590778098,0.6171875,0.7057366363051092,0.22782984859408795,0.8229166666666666,0.8895565169358527,2020-10,30,sliding180_unweighted,20260716,lightgbm,beta,431057,0.005460994717635951,69348,0.005537290188613947,2.7481319904327393
0.9588471875361047,0.9990535898560602,0.0007934905006550252,0.003454576013609767,1.043951392173767,0.9995662569999695,1.0,0.18229166666666666,0.22058155582542924,0.962536023054755,0.8697916666666666,0.9402296237562892,0.5331412103746398,0.9635416666666666,0.9951439097130858,0.2732516222062004,0.9869791666666666,0.9994258409022475,2020-10,30,sliding180_unweighted,20260716,xgboost,raw,431057,0.005460994717635951,69348,0.005537290188613947,3.3580212593078613
0.9588471875361047,0.9990535898560602,0.0007345745689235628,0.0031156574841588736,-0.09166786074638367,0.995789647102356,1.0,0.18229166666666666,0.22058155582542924,0.962536023054755,0.8697916666666666,0.9402296237562892,0.5331412103746398,0.9635416666666666,0.9951439097130858,0.2732516222062004,0.9869791666666666,0.9994258409022475,2020-10,30,sliding180_unweighted,20260716,xgboost,platt,431057,0.005460994717635951,69348,0.005537290188613947,3.3580212593078613
0.9588471875361047,0.9990535898560601,0.0007346891798079014,0.0031163617968559265,-0.09221114963293076,0.9957394599914551,1.0,0.18229166666666666,0.22058155582542924,0.962536023054755,0.8697916666666666,0.9402296237562892,0.5331412103746398,0.9635416666666666,0.9951439097130858,0.2732516222062004,0.9869791666666666,0.9994258409022475,2020-10,30,sliding180_unweighted,20260716,xgboost,beta,431057,0.005460994717635951,69348,0.005537290188613947,3.3580212593078613
0.625752500373685,0.9342396183757709,0.0029917536303400993,0.015686172991991043,0.030389849096536636,1.0499835014343262,0.9142857142857143,0.16666666666666666,0.2553727133151376,0.659942363112392,0.5963541666666666,0.8128071583716299,0.3976945244956772,0.71875,0.9142356430952601,0.21485219899062724,0.7760416666666666,0.9520247608859241,2020-10,30,sliding180_unweighted,20260717,logistic,raw,431057,0.005460994717635951,69348,0.005537290188613947,0.7109837532043457
0.6257525003736849,0.934239618375771,0.0030773484613746405,0.015716828405857086,0.4570685923099518,1.1041806936264038,0.9142857142857143,0.16666666666666666,0.2553727133151376,0.659942363112392,0.5963541666666666,0.8128071583716299,0.3976945244956772,0.71875,0.9142356430952601,0.21485219899062724,0.7760416666666666,0.9520247608859241,2020-10,30,sliding180_unweighted,20260717,logistic,platt,431057,0.005460994717635951,69348,0.005537290188613947,0.7109837532043457
0.6257525003736849,0.9342396183757711,0.002977041294798255,0.015412700362503529,0.26609688997268677,1.0641555786132812,0.9142857142857143,0.16666666666666666,0.2553727133151376,0.659942363112392,0.5963541666666666,0.8128071583716299,0.3976945244956772,0.71875,0.9142356430952601,0.21485219899062724,0.7760416666666666,0.9520247608859241,2020-10,30,sliding180_unweighted,20260717,logistic,beta,431057,0.005460994717635951,69348,0.005537290188613947,0.7109837532043457
0.9398446465207123,0.9987913379927693,0.0010248536270022364,0.005192101517606791,-0.03757871359792486,0.6318591025476614,1.0,0.18229166666666666,0.1615266158713037,0.9365994236311239,0.8463541666666666,0.9263220781481205,0.5288184438040345,0.9557291666666666,0.9868643401999776,0.273972602739726,0.9895833333333334,0.9995369503260089,2020-10,30,sliding180_unweighted,20260717,lightgbm,raw,431057,0.005460994717635951,69348,0.005537290188613947,2.7944388389587402
0.9398446465207125,0.9987913379927693,0.0010016862655203343,0.004176157492348803,-0.09601014584518311,0.9716431984292362,1.0,0.18229166666666666,0.1615266158713037,0.9365994236311239,0.8463541666666666,0.9263220781481205,0.5288184438040345,0.9557291666666666,0.9868643401999778,0.273972602739726,0.9895833333333334,0.9995369503260089,2020-10,30,sliding180_unweighted,20260717,lightgbm,platt,431057,0.005460994717635951,69348,0.005537290188613947,2.7944388389587402
0.9398446465207125,0.9987913379927693,0.001010686040374617,0.004180108485855631,-0.10467031521987985,0.9699410766703451,1.0,0.18229166666666666,0.1615266158713037,0.9365994236311239,0.8463541666666666,0.9263220781481205,0.5288184438040345,0.9557291666666666,0.9868643401999778,0.273972602739726,0.9895833333333334,0.9995369503260089,2020-10,30,sliding180_unweighted,20260717,lightgbm,beta,431057,0.005460994717635951,69348,0.005537290188613947,2.7944388389587402
0.9556831805921564,0.9990665042026758,0.0007876593736000359,0.0035132737830281258,0.9125014543533325,0.9846287369728088,1.0,0.18229166666666666,0.3007228964207068,0.9596541786743515,0.8671875,0.9367148231169166,0.5331412103746398,0.9635416666666666,0.9972463474886126,0.27180966113914923,0.9817708333333334,0.998335915234094,2020-10,30,sliding180_unweighted,20260717,xgboost,raw,431057,0.005460994717635951,69348,0.005537290188613947,3.1201610565185547
0.9556831805921564,0.9990665042026758,0.0007461169152520597,0.0032295468263328075,-0.08639587461948395,0.9915392994880676,1.0,0.18229166666666666,0.3007228964207068,0.9596541786743515,0.8671875,0.9367148231169166,0.5331412103746398,0.9635416666666666,0.9972463474886126,0.27180966113914923,0.9817708333333334,0.998335915234094,2020-10,30,sliding180_unweighted,20260717,xgboost,platt,431057,0.005460994717635951,69348,0.005537290188613947,3.1201610565185547
0.9556831805921563,0.9990665042026757,0.0007464684313163161,0.003226565895602107,-0.07756385207176208,0.9776728749275208,1.0,0.18229166666666666,0.3007228964207068,0.9596541786743515,0.8671875,0.9367148231169166,0.5331412103746398,0.9635416666666666,0.9972463474886126,0.27180966113914923,0.9817708333333334,0.998335915234094,2020-10,30,sliding180_unweighted,20260717,xgboost,beta,431057,0.005460994717635951,69348,0.005537290188613947,3.1201610565185547
0.32937905898199415,0.9727216912116999,0.042252860963344574,0.20575322210788727,-5.462649345397949,0.45474982261657715,0.273972602739726,0.06802721088435375,0.1095836924645091,0.43956043956043955,0.54421768707483,0.6736284420532178,0.30536451169188444,0.7551020408163265,0.9161881678281268,0.17068134893324158,0.8435374149659864,0.9618139680598637,2020-11,0,capped_weighted,20260716,logistic,raw,350000,0.023928571428571428,72635,0.004047635437461279,0.5191140174865723
0.3328574120938627,0.9727292376703794,0.003568982006981969,0.015079245902597904,-0.3470182418823242,0.9741976857185364,0.273972602739726,0.06802721088435375,0.09925899349003953,0.43956043956043955,0.54421768707483,0.6736284420532178,0.30536451169188444,0.7551020408163265,0.9161881678281268,0.17068134893324158,0.8435374149659864,0.9618139680598637,2020-11,0,capped_weighted,20260716,logistic,platt,350000,0.023928571428571428,72635,0.004047635437461279,0.5191140174865723
0.3328574120938627,0.9727292376703796,0.003078736364841461,0.012419862672686577,-0.25881555676460266,0.9855899810791016,0.273972602739726,0.06802721088435375,0.09925899349003953,0.43956043956043955,0.54421768707483,0.6736284420532178,0.30536451169188444,0.7551020408163265,0.9161881678281268,0.17068134893324158,0.8435374149659864,0.9618139680598637,2020-11,0,capped_weighted,20260716,logistic,beta,350000,0.023928571428571428,72635,0.004047635437461279,0.5191140174865723
0.9790470635244628,0.9996033995080179,0.0014801357312856458,0.0061278757889590444,-3.6204864028843025,1.0210526731365777,1.0,0.24829931972789115,0.3330295121123415,0.7939560439560439,0.9829931972789115,0.9987248517598553,0.3988995873452545,0.9863945578231292,0.998865533910959,0.20096352374397797,0.9931972789115646,0.9993537107675508,2020-11,0,capped_weighted,20260716,lightgbm,raw,350000,0.023928571428571428,72635,0.004047635437461279,2.2891218662261963
0.9790470635244627,0.9996033995080179,0.0003608798671152623,0.0015633770586036416,-0.18775738711103523,1.0801645612168935,1.0,0.24829931972789115,0.3330295121123415,0.7939560439560439,0.9829931972789115,0.9987248517598553,0.3988995873452545,0.9863945578231292,0.998865533910959,0.20096352374397797,0.9931972789115646,0.9993537107675508,2020-11,0,capped_weighted,20260716,lightgbm,platt,350000,0.023928571428571428,72635,0.004047635437461279,2.2891218662261963
0.9790470635244627,0.9996033995080179,0.0003559879789013453,0.0015279911858621085,-0.08008049417935723,0.9967884000388397,1.0,0.24829931972789115,0.3330295121123415,0.7939560439560439,0.9829931972789115,0.9987248517598553,0.3988995873452545,0.9863945578231292,0.998865533910959,0.20096352374397797,0.9931972789115646,0.9993537107675508,2020-11,0,capped_weighted,20260716,lightgbm,beta,350000,0.023928571428571428,72635,0.004047635437461279,2.2891218662261963
0.9794021359043309,0.9996912299429939,0.0009500728920102119,0.0040082321502268314,-3.0804920196533203,0.9413907527923584,1.0,0.24829931972789115,0.31732487960904593,0.7912087912087912,0.9795918367346939,0.998570199316252,0.39752407152682256,0.9829931972789115,0.9987248517598553,0.20165175498967652,0.9965986394557823,0.999689454759721,2020-11,0,capped_weighted,20260716,xgboost,raw,350000,0.023928571428571428,72635,0.004047635437461279,2.9820330142974854
0.9794021359043309,0.9996912299429939,0.0003677856002468616,0.0015334088820964098,-0.13983741402626038,1.0320720672607422,1.0,0.24829931972789115,0.31732487960904593,0.7912087912087912,0.9795918367346939,0.998570199316252,0.39752407152682256,0.9829931972789115,0.9987248517598553,0.20165175498967652,0.9965986394557823,0.999689454759721,2020-11,0,capped_weighted,20260716,xgboost,platt,350000,0.023928571428571428,72635,0.004047635437461279,2.9820330142974854
0.9794021359043309,0.999691229942994,0.00036908386391587555,0.0015434320084750652,-0.1372346132993698,1.0384076833724976,1.0,0.24829931972789115,0.31732487960904593,0.7912087912087912,0.9795918367346939,0.998570199316252,0.39752407152682256,0.9829931972789115,0.9987248517598553,0.20165175498967652,0.9965986394557823,0.999689454759721,2020-11,0,capped_weighted,20260716,xgboost,beta,350000,0.023928571428571428,72635,0.004047635437461279,2.9820330142974854
0.33340532704630876,0.9723587559185629,0.041924040764570236,0.2029973715543747,-5.4192986488342285,0.46096929907798767,0.3150684931506849,0.0782312925170068,0.1139821150226407,0.43956043956043955,0.54421768707483,0.6685693029979529,0.30261348005502064,0.7482993197278912,0.9062417765407321,0.17068134893324158,0.8435374149659864,0.961813968059864,2020-11,0,capped_weighted,20260717,logistic,raw,350000,0.023928571428571428,72635,0.004047635437461279,0.5250377655029297
0.33656506088519944,0.9723648683150012,0.0035453573800623417,0.015113301575183868,-0.3244432806968689,0.978295087814331,0.3424657534246575,0.08503401360544217,0.1277620459663098,0.43956043956043955,0.54421768707483,0.6685693029979529,0.30261348005502064,0.7482993197278912,0.9062417765407321,0.17068134893324158,0.8435374149659864,0.961813968059864,2020-11,0,capped_weighted,20260717,logistic,platt,350000,0.023928571428571428,72635,0.004047635437461279,0.5250377655029297
0.33656506088519944,0.9723648683150012,0.0030705034732818604,0.012445561587810516,-0.24966228008270264,0.9869295358657837,0.3424657534246575,0.08503401360544217,0.1277620459663098,0.43956043956043955,0.54421768707483,0.6685693029979529,0.30261348005502064,0.7482993197278912,0.9062417765407321,0.17068134893324158,0.8435374149659864,0.961813968059864,2020-11,0,capped_weighted,20260717,logistic,beta,350000,0.023928571428571428,72635,0.004047635437461279,0.5250377655029297
0.9796164057091057,0.9997015269800709,0.001430614771292778,0.0058495274621254804,-3.3014545649379547,0.9625842110594793,1.0,0.24829931972789115,0.3372102200654005,0.7939560439560439,0.9829931972789115,0.9987248517598555,0.3988995873452545,0.9863945578231292,0.9990651001921306,0.20096352374397797,0.9931972789115646,0.9993537107675508,2020-11,0,capped_weighted,20260717,lightgbm,raw,350000,0.023928571428571428,72635,0.004047635437461279,2.3051271438598633
0.9796164057091057,0.9997015269800709,0.0003544104923829313,0.0015226102774766488,-0.12376658751051917,1.0612154884281113,1.0,0.24829931972789115,0.3372102200654005,0.7939560439560439,0.9829931972789115,0.9987248517598555,0.3988995873452545,0.9863945578231292,0.9990651001921306,0.20096352374397797,0.9931972789115646,0.9993537107675508,2020-11,0,capped_weighted,20260717,lightgbm,platt,350000,0.023928571428571428,72635,0.004047635437461279,2.3051271438598633
0.9796164057091057,0.9997015269800709,0.0003514221861353134,0.0015068589022628508,-0.12037790586649394,1.0363604916326765,1.0,0.24829931972789115,0.3372102200654005,0.7939560439560439,0.9829931972789115,0.9987248517598555,0.3988995873452545,0.9863945578231292,0.9990651001921306,0.20096352374397797,0.9931972789115646,0.9993537107675508,2020-11,0,capped_weighted,20260717,lightgbm,beta,350000,0.023928571428571428,72635,0.004047635437461279,2.3051271438598633
0.9789129352276243,0.9995868960376342,0.0009204130619764328,0.003981966059654951,-3.078817844390869,0.9300861358642578,1.0,0.24829931972789115,0.34886007309335376,0.7939560439560439,0.9829931972789115,0.9987248517598555,0.40027510316368636,0.9897959183673469,0.9992057823432348,0.20165175498967652,0.9965986394557823,0.999689454759721,2020-11,0,capped_weighted,20260717,xgboost,raw,350000,0.023928571428571428,72635,0.004047635437461279,2.911853075027466
0.9789129352276243,0.9995868960376343,0.00037322385469451547,0.001567473285831511,-0.42511534690856934,0.9787651300430298,1.0,0.24829931972789115,0.34886007309335376,0.7939560439560439,0.9829931972789115,0.9987248517598555,0.40027510316368636,0.9897959183673469,0.9992057823432348,0.20165175498967652,0.9965986394557823,0.999689454759721,2020-11,0,capped_weighted,20260717,xgboost,platt,350000,0.023928571428571428,72635,0.004047635437461279,2.911853075027466
0.9789129352276245,0.9995868960376342,0.000373641902115196,0.0015704777324572206,-0.3694215416908264,1.003684163093567,1.0,0.24829931972789115,0.34886007309335376,0.7939560439560439,0.9829931972789115,0.9987248517598555,0.40027510316368636,0.9897959183673469,0.9992057823432348,0.20165175498967652,0.9965986394557823,0.999689454759721,2020-11,0,capped_weighted,20260717,xgboost,beta,350000,0.023928571428571428,72635,0.004047635437461279,2.911853075027466
0.33239176981913254,0.972343827565723,0.041757091879844666,0.20187997817993164,-5.434285640716553,0.45984670519828796,0.3013698630136986,0.07482993197278912,0.11339719062640376,0.4423076923076923,0.5476190476190477,0.6861381208872912,0.3012379642365887,0.7448979591836735,0.9068498106731597,0.1720578114246387,0.8503401360544217,0.9639074229190742,2020-11,0,sliding180_weighted,20260716,logistic,raw,466050,0.005181847441261667,72635,0.004047635437461279,0.7301661968231201
0.3358375925926864,0.9723511154230149,0.0035566475708037615,0.015091036446392536,-0.34722626209259033,0.9733326435089111,0.3013698630136986,0.07482993197278912,0.11038848576326007,0.4423076923076923,0.5476190476190477,0.6861381208872912,0.3012379642365887,0.7448979591836735,0.9068498106731597,0.1720578114246387,0.8503401360544217,0.9639074229190742,2020-11,0,sliding180_weighted,20260716,logistic,platt,466050,0.005181847441261667,72635,0.004047635437461279,0.7301661968231201
0.3358375925926864,0.972351115423015,0.0030493445228785276,0.012437775731086731,-0.32072713971138,0.9546970725059509,0.3013698630136986,0.07482993197278912,0.11038848576326007,0.4423076923076923,0.5476190476190477,0.6861381208872912,0.3012379642365887,0.7448979591836735,0.9068498106731597,0.1720578114246387,0.8503401360544217,0.9639074229190742,2020-11,0,sliding180_weighted,20260716,logistic,beta,466050,0.005181847441261667,72635,0.004047635437461279,0.7301661968231201
0.9751622009962119,0.9996186334806797,0.0006604761202480586,0.002716494623233091,-2.0086711775881305,0.8761454480045191,1.0,0.24829931972789115,0.30189018710334403,0.7884615384615384,0.9761904761904762,0.9923551817610129,0.3988995873452545,0.9863945578231292,0.9990651001921308,0.20096352374397797,0.9931972789115646,0.999541526335405,2020-11,0,sliding180_weighted,20260716,lightgbm,raw,466050,0.005181847441261667,72635,0.004047635437461279,3.254167079925537
0.9751622009962119,0.9996186334806797,0.00042014013126499,0.0017704055539572278,-0.15529803303653295,1.0944863311755761,1.0,0.24829931972789115,0.30189018710334403,0.7884615384615384,0.9761904761904762,0.9923551817610129,0.3988995873452545,0.9863945578231292,0.9990651001921308,0.20096352374397797,0.9931972789115646,0.999541526335405,2020-11,0,sliding180_weighted,20260716,lightgbm,platt,466050,0.005181847441261667,72635,0.004047635437461279,3.254167079925537
0.9751622009962119,0.9996186334806797,0.00042313879605732237,0.0017858748405220732,-0.5013454603255979,1.0526979182168945,1.0,0.24829931972789115,0.30189018710334403,0.7884615384615384,0.9761904761904762,0.9923551817610129,0.3988995873452545,0.9863945578231292,0.9990651001921308,0.20096352374397797,0.9931972789115646,0.999541526335405,2020-11,0,sliding180_weighted,20260716,lightgbm,beta,466050,0.005181847441261667,72635,0.004047635437461279,3.254167079925537
0.9699887752857589,0.9991195328022695,0.000597543956246227,0.0024805276188999414,-1.6212698221206665,0.8456242084503174,1.0,0.24829931972789115,0.3015591433965006,0.7802197802197802,0.9659863945578231,0.98593237242528,0.39752407152682256,0.9829931972789115,0.9987248517598553,0.19958706125258086,0.9863945578231292,0.9990651001921306,2020-11,0,sliding180_weighted,20260716,xgboost,raw,466050,0.005181847441261667,72635,0.004047635437461279,4.014004945755005
0.9699887752857589,0.9991195328022695,0.0004608898889273405,0.0019975409377366304,-0.5005917549133301,1.052489995956421,1.0,0.24829931972789115,0.3015591433965006,0.7802197802197802,0.9659863945578231,0.98593237242528,0.39752407152682256,0.9829931972789115,0.9987248517598553,0.19958706125258086,0.9863945578231292,0.9990651001921306,2020-11,0,sliding180_weighted,20260716,xgboost,platt,466050,0.005181847441261667,72635,0.004047635437461279,4.014004945755005
0.9699887752857589,0.9991195328022695,0.0004613428609445691,0.0019910698756575584,-0.45987001061439514,1.0537703037261963,1.0,0.24829931972789115,0.3015591433965006,0.7802197802197802,0.9659863945578231,0.98593237242528,0.39752407152682256,0.9829931972789115,0.9987248517598553,0.19958706125258086,0.9863945578231292,0.9990651001921306,2020-11,0,sliding180_weighted,20260716,xgboost,beta,466050,0.005181847441261667,72635,0.004047635437461279,4.014004945755005
0.33239176981913254,0.972343827565723,0.041757091879844666,0.20187997817993164,-5.434285640716553,0.45984670519828796,0.3013698630136986,0.07482993197278912,0.11339719062640376,0.4423076923076923,0.5476190476190477,0.6861381208872912,0.3012379642365887,0.7448979591836735,0.9068498106731597,0.1720578114246387,0.8503401360544217,0.9639074229190742,2020-11,0,sliding180_weighted,20260717,logistic,raw,466050,0.005181847441261667,72635,0.004047635437461279,0.673285722732544
0.3358375925926864,0.9723511154230149,0.0035566475708037615,0.015091036446392536,-0.34722626209259033,0.9733326435089111,0.3013698630136986,0.07482993197278912,0.11038848576326007,0.4423076923076923,0.5476190476190477,0.6861381208872912,0.3012379642365887,0.7448979591836735,0.9068498106731597,0.1720578114246387,0.8503401360544217,0.9639074229190742,2020-11,0,sliding180_weighted,20260717,logistic,platt,466050,0.005181847441261667,72635,0.004047635437461279,0.673285722732544
0.3358375925926864,0.972351115423015,0.0030493445228785276,0.012437775731086731,-0.32072713971138,0.9546970725059509,0.3013698630136986,0.07482993197278912,0.11038848576326007,0.4423076923076923,0.5476190476190477,0.6861381208872912,0.3012379642365887,0.7448979591836735,0.9068498106731597,0.1720578114246387,0.8503401360544217,0.9639074229190742,2020-11,0,sliding180_weighted,20260717,logistic,beta,466050,0.005181847441261667,72635,0.004047635437461279,0.673285722732544
0.9740310146091737,0.9995351287416447,0.0006381275100856372,0.002714512164240553,-2.15692304660389,0.8808139379452581,1.0,0.24829931972789115,0.32502584014499336,0.7857142857142857,0.9727891156462585,0.9922575855587389,0.3988995873452545,0.9863945578231292,0.9990651001921308,0.2002752924982794,0.9897959183673469,0.9994008441843011,2020-11,0,sliding180_weighted,20260717,lightgbm,raw,466050,0.005181847441261667,72635,0.004047635437461279,3.212131977081299
0.9740310146091737,0.9995351287416447,0.0004384225115745221,0.0018499347929995592,-0.5553408303544496,1.027144305497404,1.0,0.24829931972789115,0.32502584014499336,0.7857142857142857,0.9727891156462585,0.9922575855587389,0.3988995873452545,0.9863945578231292,0.9990651001921308,0.2002752924982794,0.9897959183673469,0.9994008441843011,2020-11,0,sliding180_weighted,20260717,lightgbm,platt,466050,0.005181847441261667,72635,0.004047635437461279,3.212131977081299
0.9740310146091737,0.9995351287416447,0.0004422200899179155,0.00186718911076378,-0.6755442264302907,0.9920944675600087,1.0,0.24829931972789115,0.32502584014499336,0.7857142857142857,0.9727891156462585,0.9922575855587389,0.3988995873452545,0.9863945578231292,0.9990651001921308,0.2002752924982794,0.9897959183673469,0.9994008441843011,2020-11,0,sliding180_weighted,20260717,lightgbm,beta,466050,0.005181847441261667,72635,0.004047635437461279,3.212131977081299
0.9721733296318119,0.9993717396830035,0.000586001668125391,0.002390977693721652,-1.6269123554229736,0.8404999375343323,1.0,0.24829931972789115,0.29822644525450376,0.7774725274725275,0.9625850340136054,0.985167074579623,0.39752407152682256,0.9829931972789115,0.9987248517598553,0.19958706125258086,0.9863945578231292,0.9990651001921308,2020-11,0,sliding180_weighted,20260717,xgboost,raw,466050,0.005181847441261667,72635,0.004047635437461279,4.057690143585205
0.9721733296318119,0.9993717396830036,0.00043866943451575935,0.0018990101525560021,-0.20592525601387024,1.1030477285385132,1.0,0.24829931972789115,0.29822644525450376,0.7774725274725275,0.9625850340136054,0.985167074579623,0.39752407152682256,0.9829931972789115,0.9987248517598553,0.19958706125258086,0.9863945578231292,0.9990651001921308,2020-11,0,sliding180_weighted,20260717,xgboost,platt,466050,0.005181847441261667,72635,0.004047635437461279,4.057690143585205
0.9721733296318119,0.9993717396830035,0.00044019235065206885,0.0018927998607978225,-0.15859104692935944,1.0869516134262085,1.0,0.24829931972789115,0.29822644525450376,0.7774725274725275,0.9625850340136054,0.985167074579623,0.39752407152682256,0.9829931972789115,0.9987248517598553,0.19958706125258086,0.9863945578231292,0.9990651001921308,2020-11,0,sliding180_weighted,20260717,xgboost,beta,466050,0.005181847441261667,72635,0.004047635437461279,4.057690143585205
0.5259060872684458,0.9127347030931642,0.0024623111821711063,0.014113646931946278,-0.4106692969799042,1.0009161233901978,0.8082191780821918,0.20068027210884354,0.300230986382947,0.5027472527472527,0.6224489795918368,0.8418338972696499,0.2874828060522696,0.7108843537414966,0.9406204468025949,0.1548520302821748,0.7653061224489796,0.9758129845251591,2020-11,0,sliding180_unweighted,20260716,logistic,raw,466050,0.005181847441261667,72635,0.004047635437461279,0.6545860767364502
0.5259060872684458,0.9127347030931641,0.0024615104775875807,0.01395444106310606,-0.4091474413871765,0.9614495635032654,0.8082191780821918,0.20068027210884354,0.300230986382947,0.5027472527472527,0.6224489795918368,0.8418338972696499,0.2874828060522696,0.7108843537414966,0.9406204468025949,0.1548520302821748,0.7653061224489796,0.9758129845251591,2020-11,0,sliding180_unweighted,20260716,logistic,platt,466050,0.005181847441261667,72635,0.004047635437461279,0.6545860767364502
0.5259060872684457,0.912734703093164,0.0024104579351842403,0.01345585286617279,-0.40041062235832214,0.9642466902732849,0.8082191780821918,0.20068027210884354,0.300230986382947,0.5027472527472527,0.6224489795918368,0.8418338972696499,0.2874828060522696,0.7108843537414966,0.9406204468025949,0.1548520302821748,0.7653061224489796,0.9758129845251591,2020-11,0,sliding180_unweighted,20260716,logistic,beta,466050,0.005181847441261667,72635,0.004047635437461279,0.6545860767364502
0.9554430598636728,0.9988586275112192,0.0006730103148401541,0.0032297190491802743,0.07754188869493753,0.6726785846436775,1.0,0.24829931972789115,0.26066829309595324,0.7747252747252747,0.9591836734693877,0.9918193492337457,0.39339752407152684,0.9727891156462585,0.9983292444115077,0.19821059876118377,0.9795918367346939,0.9988128515462534,2020-11,0,sliding180_unweighted,20260716,lightgbm,raw,466050,0.005181847441261667,72635,0.004047635437461279,3.13246488571167
0.955443059863673,0.9988586275112192,0.0006049456580843874,0.002670922126250236,-0.5448511035340057,0.9664198701248928,1.0,0.24829931972789115,0.2606682930959533,0.7747252747252747,0.9591836734693877,0.9918193492337457,0.39339752407152684,0.9727891156462585,0.9983292444115077,0.19821059876118377,0.9795918367346939,0.9988128515462534,2020-11,0,sliding180_unweighted,20260716,lightgbm,platt,466050,0.005181847441261667,72635,0.004047635437461279,3.13246488571167
0.955443059863673,0.9988586275112192,0.0005961209935976308,0.002549105905856779,-0.12497787742762377,1.0278976289939674,1.0,0.24829931972789115,0.2606682930959533,0.7747252747252747,0.9591836734693877,0.9918193492337457,0.39339752407152684,0.9727891156462585,0.9983292444115077,0.19821059876118377,0.9795918367346939,0.9988128515462534,2020-11,0,sliding180_unweighted,20260716,lightgbm,beta,466050,0.005181847441261667,72635,0.004047635437461279,3.13246488571167
0.9639392353063816,0.999108060304339,0.0005332513246685266,0.002218057634308934,-0.05616052821278572,0.925057590007782,1.0,0.24829931972789115,0.2890758383856505,0.7637362637362637,0.9455782312925171,0.9753178878040588,0.3988995873452545,0.9863945578231292,0.9990651001921306,0.19958706125258086,0.9863945578231292,0.9990651001921308,2020-11,0,sliding180_unweighted,20260716,xgboost,raw,466050,0.005181847441261667,72635,0.004047635437461279,3.466728925704956
0.9639392353063815,0.999108060304339,0.0005573572125285864,0.002320470055565238,-0.7028982043266296,0.9829097390174866,1.0,0.24829931972789115,0.2890758383856505,0.7637362637362637,0.9455782312925171,0.9753178878040588,0.3988995873452545,0.9863945578231292,0.9990651001921306,0.19958706125258086,0.9863945578231292,0.9990651001921308,2020-11,0,sliding180_unweighted,20260716,xgboost,platt,466050,0.005181847441261667,72635,0.004047635437461279,3.466728925704956
0.9639392353063816,0.9991080603043392,0.0005504898144863546,0.0023031518794596195,-0.6278671622276306,0.9946662783622742,1.0,0.24829931972789115,0.2890758383856505,0.7637362637362637,0.9455782312925171,0.9753178878040588,0.3988995873452545,0.9863945578231292,0.9990651001921306,0.19958706125258086,0.9863945578231292,0.9990651001921308,2020-11,0,sliding180_unweighted,20260716,xgboost,beta,466050,0.005181847441261667,72635,0.004047635437461279,3.466728925704956
0.5259060872684458,0.9127347030931642,0.0024623111821711063,0.014113646931946278,-0.4106692969799042,1.0009161233901978,0.8082191780821918,0.20068027210884354,0.300230986382947,0.5027472527472527,0.6224489795918368,0.8418338972696499,0.2874828060522696,0.7108843537414966,0.9406204468025949,0.1548520302821748,0.7653061224489796,0.9758129845251591,2020-11,0,sliding180_unweighted,20260717,logistic,raw,466050,0.005181847441261667,72635,0.004047635437461279,0.6607530117034912
0.5259060872684458,0.9127347030931641,0.0024615104775875807,0.01395444106310606,-0.4091474413871765,0.9614495635032654,0.8082191780821918,0.20068027210884354,0.300230986382947,0.5027472527472527,0.6224489795918368,0.8418338972696499,0.2874828060522696,0.7108843537414966,0.9406204468025949,0.1548520302821748,0.7653061224489796,0.9758129845251591,2020-11,0,sliding180_unweighted,20260717,logistic,platt,466050,0.005181847441261667,72635,0.004047635437461279,0.6607530117034912
0.5259060872684457,0.912734703093164,0.0024104579351842403,0.01345585286617279,-0.40041062235832214,0.9642466902732849,0.8082191780821918,0.20068027210884354,0.300230986382947,0.5027472527472527,0.6224489795918368,0.8418338972696499,0.2874828060522696,0.7108843537414966,0.9406204468025949,0.1548520302821748,0.7653061224489796,0.9758129845251591,2020-11,0,sliding180_unweighted,20260717,logistic,beta,466050,0.005181847441261667,72635,0.004047635437461279,0.6607530117034912
0.9502183070295438,0.9991548436463097,0.0008173531976564268,0.0035760337557702525,-0.04939293358547612,0.6501251624434243,1.0,0.24829931972789115,0.2667475899123782,0.760989010989011,0.9421768707482994,0.9765628758800222,0.39752407152682256,0.9829931972789115,0.9987248517598553,0.2002752924982794,0.9897959183673469,0.9992057823432345,2020-11,0,sliding180_unweighted,20260717,lightgbm,raw,466050,0.005181847441261667,72635,0.004047635437461279,2.9901440143585205
0.9502183070295438,0.9991548436463097,0.0007864200160353689,0.003017909607902178,-0.8132145621582523,0.9356196356831935,1.0,0.24829931972789115,0.2667475899123782,0.760989010989011,0.9421768707482994,0.9765628758800222,0.39752407152682256,0.9829931972789115,0.9987248517598555,0.2002752924982794,0.9897959183673469,0.9992057823432348,2020-11,0,sliding180_unweighted,20260717,lightgbm,platt,466050,0.005181847441261667,72635,0.004047635437461279,2.9901440143585205
0.9502183070295438,0.9991548436463097,0.0007932171899204883,0.002931205972216122,-0.6717707508725144,0.9720421334595861,1.0,0.24829931972789115,0.2667475899123782,0.760989010989011,0.9421768707482994,0.9765628758800222,0.39752407152682256,0.9829931972789115,0.9987248517598555,0.2002752924982794,0.9897959183673469,0.9992057823432348,2020-11,0,sliding180_unweighted,20260717,lightgbm,beta,466050,0.005181847441261667,72635,0.004047635437461279,2.9901440143585205
0.9661703793006887,0.9992406522886177,0.0005301277269609272,0.0021228643599897623,-0.07220166176557541,0.9407079219818115,1.0,0.24829931972789115,0.3094961627066436,0.7774725274725275,0.9625850340136054,0.9858810609771278,0.3988995873452545,0.9863945578231292,0.9990651001921308,0.2002752924982794,0.9897959183673469,0.9994008441843011,2020-11,0,sliding180_unweighted,20260717,xgboost,raw,466050,0.005181847441261667,72635,0.004047635437461279,3.523339033126831
0.9661703793006887,0.9992406522886176,0.0005457086954265833,0.002251559169963002,-0.7443815469741821,0.9963246583938599,1.0,0.24829931972789115,0.3094961627066436,0.7774725274725275,0.9625850340136054,0.9858810609771278,0.3988995873452545,0.9863945578231292,0.9990651001921308,0.2002752924982794,0.9897959183673469,0.9994008441843011,2020-11,0,sliding180_unweighted,20260717,xgboost,platt,466050,0.005181847441261667,72635,0.004047635437461279,3.523339033126831
0.9661703793006887,0.9992406522886175,0.000541864603292197,0.0022348538041114807,-0.693042516708374,0.9929916262626648,1.0,0.24829931972789115,0.3094961627066436,0.7774725274725275,0.9625850340136054,0.9858810609771278,0.3988995873452545,0.9863945578231292,0.9990651001921308,0.2002752924982794,0.9897959183673469,0.9994008441843011,2020-11,0,sliding180_unweighted,20260717,xgboost,beta,466050,0.005181847441261667,72635,0.004047635437461279,3.523339033126831
0.3291725596699922,0.9727560616870572,0.042044080793857574,0.20509161055088043,-5.460214614868164,0.454561710357666,0.273972602739726,0.06802721088435375,0.10548262823504483,0.43956043956043955,0.54421768707483,0.6736284420532178,0.30536451169188444,0.7551020408163265,0.9161881678281267,0.17068134893324158,0.8435374149659864,0.961813968059864,2020-11,7,capped_weighted,20260716,logistic,raw,350000,0.023928571428571428,72635,0.004047635437461279,0.5165848731994629
0.3326509127818607,0.9727636081457369,0.003570200875401497,0.015083336271345615,-0.3468626141548157,0.9742003083229065,0.3013698630136986,0.07482993197278912,0.11693546096971197,0.43956043956043955,0.54421768707483,0.6736284420532178,0.30536451169188444,0.7551020408163265,0.9161881678281267,0.17068134893324158,0.8435374149659864,0.961813968059864,2020-11,7,capped_weighted,20260716,logistic,platt,350000,0.023928571428571428,72635,0.004047635437461279,0.5165848731994629
0.33265091278186065,0.9727636081457369,0.003078970592468977,0.012419342994689941,-0.25928178429603577,0.9853870272636414,0.3013698630136986,0.07482993197278912,0.11693546096971197,0.43956043956043955,0.54421768707483,0.6736284420532178,0.30536451169188444,0.7551020408163265,0.9161881678281267,0.17068134893324158,0.8435374149659864,0.961813968059864,2020-11,7,capped_weighted,20260716,logistic,beta,350000,0.023928571428571428,72635,0.004047635437461279,0.5165848731994629
0.9781085101069685,0.9996387573704922,0.001441625309192672,0.005931301165545097,-3.563356190107376,1.017771136870918,1.0,0.24829931972789115,0.32150486946295775,0.7912087912087912,0.9795918367346939,0.998688750957275,0.3988995873452545,0.9863945578231292,0.998865533910959,0.20096352374397797,0.9931972789115646,0.9993537107675508,2020-11,7,capped_weighted,20260716,lightgbm,raw,350000,0.023928571428571428,72635,0.004047635437461279,2.302960157394409
0.9781085101069685,0.9996387573704922,0.00036870221519216763,0.0015924284024677984,-0.1255267343621264,1.0616098785574504,1.0,0.24829931972789115,0.32150486946295775,0.7912087912087912,0.9795918367346939,0.998688750957275,0.3988995873452545,0.9863945578231292,0.998865533910959,0.20096352374397797,0.9931972789115646,0.9993537107675508,2020-11,7,capped_weighted,20260716,lightgbm,platt,350000,0.023928571428571428,72635,0.004047635437461279,2.302960157394409
0.9781085101069685,0.9996387573704922,0.0003652553403666984,0.0015686966744193867,-0.08895921514682696,1.0044545704926278,1.0,0.24829931972789115,0.32150486946295775,0.7912087912087912,0.9795918367346939,0.998688750957275,0.3988995873452545,0.9863945578231292,0.998865533910959,0.20096352374397797,0.9931972789115646,0.9993537107675508,2020-11,7,capped_weighted,20260716,lightgbm,beta,350000,0.023928571428571428,72635,0.004047635437461279,2.302960157394409
0.9791303991712049,0.9995878834247512,0.000908511457964778,0.0038416411262005568,-2.970994710922241,0.9419630169868469,1.0,0.24829931972789115,0.33388045960173307,0.7912087912087912,0.9795918367346939,0.9985701993162521,0.3988995873452545,0.9863945578231292,0.998865533910959,0.20165175498967652,0.9965986394557823,0.999689454759721,2020-11,7,capped_weighted,20260716,xgboost,raw,350000,0.023928571428571428,72635,0.004047635437461279,2.8937079906463623
0.9791303991712048,0.9995878834247514,0.00036756860208697617,0.0015665447572246194,-0.08110669255256653,0.9967054128646851,1.0,0.24829931972789115,0.33388045960173307,0.7912087912087912,0.9795918367346939,0.9985701993162521,0.3988995873452545,0.9863945578231292,0.998865533910959,0.20165175498967652,0.9965986394557823,0.999689454759721,2020-11,7,capped_weighted,20260716,xgboost,platt,350000,0.023928571428571428,72635,0.004047635437461279,2.8937079906463623
0.979130399171205,0.9995878834247512,0.00036946695763617754,0.0015804700087755919,-0.36009839177131653,1.008432149887085,1.0,0.24829931972789115,0.33388045960173307,0.7912087912087912,0.9795918367346939,0.9985701993162521,0.3988995873452545,0.9863945578231292,0.998865533910959,0.20165175498967652,0.9965986394557823,0.999689454759721,2020-11,7,capped_weighted,20260716,xgboost,beta,350000,0.023928571428571428,72635,0.004047635437461279,2.8937079906463623
0.3329236807979312,0.9724055157513165,0.041621677577495575,0.20213715732097626,-5.430073261260986,0.462242066860199,0.3150684931506849,0.0782312925170068,0.1198674597875902,0.43956043956043955,0.54421768707483,0.6685693029979529,0.30261348005502064,0.7482993197278912,0.9062417765407323,0.17068134893324158,0.8435374149659864,0.961813968059864,2020-11,7,capped_weighted,20260717,logistic,raw,350000,0.023928571428571428,72635,0.004047635437461279,0.4982919692993164
0.33583943518850257,0.9724112284910646,0.0035495958290994167,0.015127575956285,-0.325865775346756,0.977949857711792,0.3424657534246575,0.08503401360544217,0.12397720648856111,0.43956043956043955,0.54421768707483,0.6685693029979529,0.30261348005502064,0.7482993197278912,0.9062417765407323,0.17068134893324158,0.8435374149659864,0.961813968059864,2020-11,7,capped_weighted,20260717,logistic,platt,350000,0.023928571428571428,72635,0.004047635437461279,0.4982919692993164
0.3358394351885025,0.9724112284910646,0.0030720108188688755,0.012445619329810143,-0.2504626214504242,0.9866706728935242,0.3424657534246575,0.08503401360544217,0.12397720648856111,0.43956043956043955,0.54421768707483,0.6685693029979529,0.30261348005502064,0.7482993197278912,0.9062417765407323,0.17068134893324158,0.8435374149659864,0.961813968059864,2020-11,7,capped_weighted,20260717,logistic,beta,350000,0.023928571428571428,72635,0.004047635437461279,0.4982919692993164
0.979321995474726,0.9997082976345872,0.0014672339440244602,0.0059724830020354905,-3.6336374238498155,1.030199984501349,1.0,0.24829931972789115,0.3448757326161742,0.7939560439560439,0.9829931972789115,0.9987248517598553,0.3988995873452545,0.9863945578231292,0.9990651001921308,0.20096352374397797,0.9931972789115646,0.9993537107675508,2020-11,7,capped_weighted,20260717,lightgbm,raw,350000,0.023928571428571428,72635,0.004047635437461279,2.404046058654785
0.979321995474726,0.9997082976345872,0.00036933885455737694,0.0015646218349452854,-0.20002363254485017,1.0822912697814475,1.0,0.24829931972789115,0.3448757326161742,0.7939560439560439,0.9829931972789115,0.9987248517598553,0.3988995873452545,0.9863945578231292,0.9990651001921308,0.20096352374397797,0.9931972789115646,0.9993537107675508,2020-11,7,capped_weighted,20260717,lightgbm,platt,350000,0.023928571428571428,72635,0.004047635437461279,2.404046058654785
0.979321995474726,0.9997082976345872,0.00036490007620145767,0.0015434698949020858,-0.14766150535410277,1.0381849127862306,1.0,0.24829931972789115,0.3448757326161742,0.7939560439560439,0.9829931972789115,0.9987248517598553,0.3988995873452545,0.9863945578231292,0.9990651001921308,0.20096352374397797,0.9931972789115646,0.9993537107675508,2020-11,7,capped_weighted,20260717,lightgbm,beta,350000,0.023928571428571428,72635,0.004047635437461279,2.404046058654785
0.9800827433208739,0.9995459899999314,0.0009861203143373132,0.004112718161195517,-3.12068772315979,0.9376791715621948,1.0,0.24829931972789115,0.3368672298000179,0.7939560439560439,0.9829931972789115,0.9987248517598553,0.40027510316368636,0.9897959183673469,0.9992057823432348,0.20165175498967652,0.9965986394557823,0.9996894547597213,2020-11,7,capped_weighted,20260717,xgboost,raw,350000,0.023928571428571428,72635,0.004047635437461279,2.9210827350616455
0.9800827433208739,0.9995459899999315,0.0003610997227951884,0.0015257543418556452,-0.13998207449913025,1.0359340906143188,1.0,0.24829931972789115,0.3368672298000179,0.7939560439560439,0.9829931972789115,0.9987248517598553,0.40027510316368636,0.9897959183673469,0.9992057823432348,0.20165175498967652,0.9965986394557823,0.9996894547597213,2020-11,7,capped_weighted,20260717,xgboost,platt,350000,0.023928571428571428,72635,0.004047635437461279,2.9210827350616455
0.9800827433208739,0.9995459899999313,0.00036323475069366395,0.0015365417348220944,-0.15225236117839813,1.0379031896591187,1.0,0.24829931972789115,0.3368672298000179,0.7939560439560439,0.9829931972789115,0.9987248517598553,0.40027510316368636,0.9897959183673469,0.9992057823432348,0.20165175498967652,0.9965986394557823,0.9996894547597213,2020-11,7,capped_weighted,20260717,xgboost,beta,350000,0.023928571428571428,72635,0.004047635437461279,2.9210827350616455
0.3323007413416813,0.9723373155125944,0.04191873222589493,0.202394038438797,-5.4360833168029785,0.4598855972290039,0.2876712328767123,0.07142857142857142,0.11127455482912212,0.4423076923076923,0.5476190476190477,0.6861381208872912,0.3012379642365887,0.7448979591836735,0.9068498106731597,0.1720578114246387,0.8503401360544217,0.9639074229190742,2020-11,7,sliding180_weighted,20260716,logistic,raw,466050,0.005181847441261667,72635,0.004047635437461279,0.6906368732452393
0.33598144067455454,0.9723452146095302,0.0035564182326197624,0.01508969347923994,-0.34701308608055115,0.9733980298042297,0.3150684931506849,0.0782312925170068,0.11424382952091233,0.4423076923076923,0.5476190476190477,0.6861381208872912,0.3012379642365887,0.7448979591836735,0.9068498106731597,0.1720578114246387,0.8503401360544217,0.9639074229190742,2020-11,7,sliding180_weighted,20260716,logistic,platt,466050,0.005181847441261667,72635,0.004047635437461279,0.6906368732452393
0.33598144067455454,0.9723452146095303,0.0030686818063259125,0.012408677488565445,-0.2513948380947113,0.9784145951271057,0.3150684931506849,0.0782312925170068,0.11424382952091233,0.4423076923076923,0.5476190476190477,0.6861381208872912,0.3012379642365887,0.7448979591836735,0.9068498106731597,0.1720578114246387,0.8503401360544217,0.9639074229190742,2020-11,7,sliding180_weighted,20260716,logistic,beta,466050,0.005181847441261667,72635,0.004047635437461279,0.6906368732452393
0.9752404890775589,0.999592444212863,0.0006479715128721865,0.002663258605815004,-2.3110236494441185,0.9118267273847531,1.0,0.24829931972789115,0.29677640723115395,0.7857142857142857,0.9727891156462585,0.9922575855587389,0.3988995873452545,0.9863945578231292,0.9990651001921306,0.20096352374397797,0.9931972789115646,0.999541526335405,2020-11,7,sliding180_weighted,20260716,lightgbm,raw,466050,0.005181847441261667,72635,0.004047635437461279,3.2620627880096436
0.9752404890775589,0.999592444212863,0.0004093792464063303,0.0017567228802218362,-0.15327932645058123,1.0872038672562687,1.0,0.24829931972789115,0.29677640723115395,0.7857142857142857,0.9727891156462585,0.9922575855587389,0.3988995873452545,0.9863945578231292,0.9990651001921306,0.20096352374397797,0.9931972789115646,0.999541526335405,2020-11,7,sliding180_weighted,20260716,lightgbm,platt,466050,0.005181847441261667,72635,0.004047635437461279,3.2620627880096436
0.9752404890775589,0.999592444212863,0.0004118107156033225,0.0017678592406800905,-0.48578598437969583,1.0448453001527287,1.0,0.24829931972789115,0.29677640723115395,0.7857142857142857,0.9727891156462585,0.9922575855587389,0.3988995873452545,0.9863945578231292,0.9990651001921306,0.20096352374397797,0.9931972789115646,0.999541526335405,2020-11,7,sliding180_weighted,20260716,lightgbm,beta,466050,0.005181847441261667,72635,0.004047635437461279,3.2620627880096436
0.9688312066704764,0.9991058974563685,0.0005895749200135469,0.002503133611753583,-1.5620250701904297,0.8489569425582886,1.0,0.24829931972789115,0.3047568388988302,0.7774725274725275,0.9625850340136054,0.9809537257562384,0.39752407152682256,0.9829931972789115,0.9987248517598555,0.19958706125258086,0.9863945578231292,0.9990651001921308,2020-11,7,sliding180_weighted,20260716,xgboost,raw,466050,0.005181847441261667,72635,0.004047635437461279,3.941551923751831
0.9688312066704764,0.9991058974563685,0.0004704142629634589,0.0020434875041246414,-0.5819926857948303,0.9996616244316101,1.0,0.24829931972789115,0.3047568388988302,0.7774725274725275,0.9625850340136054,0.9809537257562384,0.39752407152682256,0.9829931972789115,0.9987248517598555,0.19958706125258086,0.9863945578231292,0.9990651001921308,2020-11,7,sliding180_weighted,20260716,xgboost,platt,466050,0.005181847441261667,72635,0.004047635437461279,3.941551923751831
0.9688312066704764,0.9991058974563685,0.0004720219294540584,0.0020351570565253496,-0.5468130111694336,1.0026439428329468,1.0,0.24829931972789115,0.3047568388988302,0.7774725274725275,0.9625850340136054,0.9809537257562384,0.39752407152682256,0.9829931972789115,0.9987248517598555,0.19958706125258086,0.9863945578231292,0.9990651001921308,2020-11,7,sliding180_weighted,20260716,xgboost,beta,466050,0.005181847441261667,72635,0.004047635437461279,3.941551923751831
0.3323007413416813,0.9723373155125944,0.04191873222589493,0.202394038438797,-5.4360833168029785,0.4598855972290039,0.2876712328767123,0.07142857142857142,0.11127455482912212,0.4423076923076923,0.5476190476190477,0.6861381208872912,0.3012379642365887,0.7448979591836735,0.9068498106731597,0.1720578114246387,0.8503401360544217,0.9639074229190742,2020-11,7,sliding180_weighted,20260717,logistic,raw,466050,0.005181847441261667,72635,0.004047635437461279,0.6807470321655273
0.33598144067455454,0.9723452146095302,0.0035564182326197624,0.01508969347923994,-0.34701308608055115,0.9733980298042297,0.3150684931506849,0.0782312925170068,0.11424382952091233,0.4423076923076923,0.5476190476190477,0.6861381208872912,0.3012379642365887,0.7448979591836735,0.9068498106731597,0.1720578114246387,0.8503401360544217,0.9639074229190742,2020-11,7,sliding180_weighted,20260717,logistic,platt,466050,0.005181847441261667,72635,0.004047635437461279,0.6807470321655273
0.33598144067455454,0.9723452146095303,0.0030686818063259125,0.012408677488565445,-0.2513948380947113,0.9784145951271057,0.3150684931506849,0.0782312925170068,0.11424382952091233,0.4423076923076923,0.5476190476190477,0.6861381208872912,0.3012379642365887,0.7448979591836735,0.9068498106731597,0.1720578114246387,0.8503401360544217,0.9639074229190742,2020-11,7,sliding180_weighted,20260717,logistic,beta,466050,0.005181847441261667,72635,0.004047635437461279,0.6807470321655273
0.973434496084751,0.9995379498476933,0.0006454590287542462,0.0026884658256024216,-2.171433086329334,0.9086139478401355,1.0,0.24829931972789115,0.32837107238119523,0.7884615384615384,0.9761904761904762,0.9923551817610129,0.3988995873452545,0.9863945578231292,0.9990651001921308,0.20096352374397797,0.9931972789115646,0.999541526335405,2020-11,7,sliding180_weighted,20260717,lightgbm,raw,466050,0.005181847441261667,72635,0.004047635437461279,3.2438199520111084
0.9734344960847509,0.9995379498476933,0.000435729749942751,0.00182751994788502,-0.12141475696161765,1.0544988023490136,1.0,0.24829931972789115,0.32837107238119523,0.7884615384615384,0.9761904761904762,0.9923551817610129,0.3988995873452545,0.9863945578231292,0.9990651001921308,0.20096352374397797,0.9931972789115646,0.999541526335405,2020-11,7,sliding180_weighted,20260717,lightgbm,platt,466050,0.005181847441261667,72635,0.004047635437461279,3.2438199520111084
0.9734344960847509,0.9995379498476933,0.00043894574955029634,0.001851552145455741,-0.16535407348439501,1.072990978114728,1.0,0.24829931972789115,0.32837107238119523,0.7884615384615384,0.9761904761904762,0.9923551817610129,0.3988995873452545,0.9863945578231292,0.9990651001921308,0.20096352374397797,0.9931972789115646,0.999541526335405,2020-11,7,sliding180_weighted,20260717,lightgbm,beta,466050,0.005181847441261667,72635,0.004047635437461279,3.2438199520111084
0.9707789102828464,0.9993043152484449,0.0005731636192649603,0.0024070795625448227,-1.52976393699646,0.8356555104255676,1.0,0.24829931972789115,0.3125715855087331,0.7802197802197802,0.9659863945578231,0.9852323563202745,0.39752407152682256,0.9829931972789115,0.9987248517598553,0.20096352374397797,0.9931972789115646,0.999541526335405,2020-11,7,sliding180_weighted,20260717,xgboost,raw,466050,0.005181847441261667,72635,0.004047635437461279,4.06665301322937
0.9707789102828464,0.9993043152484449,0.0004550352750811726,0.0019681290723383427,-0.5081574320793152,1.0407536029815674,1.0,0.24829931972789115,0.3125715855087331,0.7802197802197802,0.9659863945578231,0.9852323563202745,0.39752407152682256,0.9829931972789115,0.9987248517598553,0.20096352374397797,0.9931972789115646,0.999541526335405,2020-11,7,sliding180_weighted,20260717,xgboost,platt,466050,0.005181847441261667,72635,0.004047635437461279,4.06665301322937
0.9707789102828462,0.999304315248445,0.00045706689707003534,0.001959742046892643,-0.46410617232322693,1.0429010391235352,1.0,0.24829931972789115,0.3125715855087331,0.7802197802197802,0.9659863945578231,0.9852323563202745,0.39752407152682256,0.9829931972789115,0.9987248517598553,0.20096352374397797,0.9931972789115646,0.999541526335405,2020-11,7,sliding180_weighted,20260717,xgboost,beta,466050,0.005181847441261667,72635,0.004047635437461279,4.06665301322937
0.5259557509769132,0.9127201038693632,0.002462629694491625,0.014115062542259693,-0.40836721658706665,1.001298189163208,0.8082191780821918,0.20068027210884354,0.300230986382947,0.5027472527472527,0.6224489795918368,0.8418338972696499,0.2874828060522696,0.7108843537414966,0.9406204468025952,0.1548520302821748,0.7653061224489796,0.9758129845251595,2020-11,7,sliding180_unweighted,20260716,logistic,raw,466050,0.005181847441261667,72635,0.004047635437461279,0.6716759204864502
0.5259557509769133,0.9127201038693632,0.0024619894102215767,0.013952119275927544,-0.40666159987449646,0.9612696170806885,0.8082191780821918,0.20068027210884354,0.300230986382947,0.5027472527472527,0.6224489795918368,0.8418338972696499,0.2874828060522696,0.7108843537414966,0.9406204468025952,0.1548520302821748,0.7653061224489796,0.9758129845251595,2020-11,7,sliding180_unweighted,20260716,logistic,platt,466050,0.005181847441261667,72635,0.004047635437461279,0.6716759204864502
0.5259557509769132,0.9127201038693631,0.0024107289500534534,0.013458183966577053,-0.4007914662361145,0.9644466042518616,0.8082191780821918,0.20068027210884354,0.300230986382947,0.5027472527472527,0.6224489795918368,0.8418338972696499,0.2874828060522696,0.7108843537414966,0.9406204468025952,0.1548520302821748,0.7653061224489796,0.9758129845251595,2020-11,7,sliding180_unweighted,20260716,logistic,beta,466050,0.005181847441261667,72635,0.004047635437461279,0.6716759204864502
0.9546013652983485,0.9991656578861622,0.000728365717214825,0.0033912151513554676,0.4153377832927264,0.6934477512192512,1.0,0.24829931972789115,0.27295601401181163,0.771978021978022,0.95578231292517,0.9870453608216465,0.39614855570839064,0.9795918367346939,0.9988347862111124,0.2002752924982794,0.9897959183673469,0.9993941201650139,2020-11,7,sliding180_unweighted,20260716,lightgbm,raw,466050,0.005181847441261667,72635,0.004047635437461279,3.9273910522460938
0.9546013652983485,0.9991656578861622,0.0006498869079140302,0.002764170449994911,-0.596113426640387,0.9467687460590024,1.0,0.24829931972789115,0.27295601401181163,0.771978021978022,0.95578231292517,0.9870453608216465,0.39614855570839064,0.9795918367346939,0.9988347862111124,0.2002752924982794,0.9897959183673469,0.9993941201650139,2020-11,7,sliding180_unweighted,20260716,lightgbm,platt,466050,0.005181847441261667,72635,0.004047635437461279,3.9273910522460938
0.9546013652983485,0.9991656578861622,0.0006411162986146532,0.002611681281500217,-0.4662449033544054,0.9808266314420495,1.0,0.24829931972789115,0.27295601401181163,0.771978021978022,0.95578231292517,0.9870453608216465,0.39614855570839064,0.9795918367346939,0.9988347862111124,0.2002752924982794,0.9897959183673469,0.9993941201650139,2020-11,7,sliding180_unweighted,20260716,lightgbm,beta,466050,0.005181847441261667,72635,0.004047635437461279,3.9273910522460938
0.961849353192498,0.9988778580507831,0.0005334121524356306,0.0022790981456637383,-0.04847794398665428,0.929084300994873,1.0,0.24829931972789115,0.28760477964181086,0.771978021978022,0.95578231292517,0.9869989455040431,0.39752407152682256,0.9829931972789115,0.9987248517598553,0.2002752924982794,0.9897959183673469,0.9992130286164469,2020-11,7,sliding180_unweighted,20260716,xgboost,raw,466050,0.005181847441261667,72635,0.004047635437461279,3.6824991703033447
0.961849353192498,0.9988778580507831,0.0005408948054537177,0.00235669850371778,-0.5941846966743469,1.007443904876709,1.0,0.24829931972789115,0.28760477964181086,0.771978021978022,0.95578231292517,0.9869989455040431,0.39752407152682256,0.9829931972789115,0.9987248517598553,0.2002752924982794,0.9897959183673469,0.9992130286164469,2020-11,7,sliding180_unweighted,20260716,xgboost,platt,466050,0.005181847441261667,72635,0.004047635437461279,3.6824991703033447
0.961849353192498,0.9988778580507831,0.0005369108403101563,0.002344986191019416,-0.519294798374176,1.022730827331543,1.0,0.24829931972789115,0.28760477964181086,0.771978021978022,0.95578231292517,0.9869989455040431,0.39752407152682256,0.9829931972789115,0.9987248517598553,0.2002752924982794,0.9897959183673469,0.9992130286164469,2020-11,7,sliding180_unweighted,20260716,xgboost,beta,466050,0.005181847441261667,72635,0.004047635437461279,3.6824991703033447
0.5259557509769132,0.9127201038693632,0.002462629694491625,0.014115062542259693,-0.40836721658706665,1.001298189163208,0.8082191780821918,0.20068027210884354,0.300230986382947,0.5027472527472527,0.6224489795918368,0.8418338972696499,0.2874828060522696,0.7108843537414966,0.9406204468025952,0.1548520302821748,0.7653061224489796,0.9758129845251595,2020-11,7,sliding180_unweighted,20260717,logistic,raw,466050,0.005181847441261667,72635,0.004047635437461279,0.660477876663208
0.5259557509769133,0.9127201038693632,0.0024619894102215767,0.013952119275927544,-0.40666159987449646,0.9612696170806885,0.8082191780821918,0.20068027210884354,0.300230986382947,0.5027472527472527,0.6224489795918368,0.8418338972696499,0.2874828060522696,0.7108843537414966,0.9406204468025952,0.1548520302821748,0.7653061224489796,0.9758129845251595,2020-11,7,sliding180_unweighted,20260717,logistic,platt,466050,0.005181847441261667,72635,0.004047635437461279,0.660477876663208
0.5259557509769132,0.9127201038693631,0.0024107289500534534,0.013458183966577053,-0.4007914662361145,0.9644466042518616,0.8082191780821918,0.20068027210884354,0.300230986382947,0.5027472527472527,0.6224489795918368,0.8418338972696499,0.2874828060522696,0.7108843537414966,0.9406204468025952,0.1548520302821748,0.7653061224489796,0.9758129845251595,2020-11,7,sliding180_unweighted,20260717,logistic,beta,466050,0.005181847441261667,72635,0.004047635437461279,0.660477876663208
0.9547710920482,0.9990972930829207,0.0007449766442955634,0.003424297455772548,-0.03746059014390392,0.6465914282878129,1.0,0.24829931972789115,0.29603154257032094,0.760989010989011,0.9421768707482994,0.9832439397817722,0.39752407152682256,0.9829931972789115,0.9987248517598555,0.20096352374397797,0.9931972789115646,0.999541526335405,2020-11,7,sliding180_unweighted,20260717,lightgbm,raw,466050,0.005181847441261667,72635,0.004047635437461279,2.9618642330169678
0.9547710920482001,0.9990972930829207,0.0007061288079224206,0.00280791092551823,-0.5880120846653795,0.969494619731239,1.0,0.24829931972789115,0.29603154257032094,0.760989010989011,0.9421768707482994,0.9832439397817722,0.39752407152682256,0.9829931972789115,0.9987248517598555,0.20096352374397797,0.9931972789115646,0.999541526335405,2020-11,7,sliding180_unweighted,20260717,lightgbm,platt,466050,0.005181847441261667,72635,0.004047635437461279,2.9618642330169678
0.9547710920482001,0.9990972930829207,0.0006950027467579609,0.0026884092875015383,-0.1221219543010532,1.0335385726853932,1.0,0.24829931972789115,0.29603154257032094,0.760989010989011,0.9421768707482994,0.9832439397817722,0.39752407152682256,0.9829931972789115,0.9987248517598555,0.20096352374397797,0.9931972789115646,0.999541526335405,2020-11,7,sliding180_unweighted,20260717,lightgbm,beta,466050,0.005181847441261667,72635,0.004047635437461279,2.9618642330169678
0.9649095640885189,0.9992625158604933,0.0005349698476493359,0.002159160329028964,-0.06118416413664818,0.9238021969795227,1.0,0.24829931972789115,0.2920693326032223,0.7774725274725275,0.9625850340136054,0.9858810609771278,0.39614855570839064,0.9795918367346939,0.9986272555575813,0.20096352374397797,0.9931972789115646,0.9995487726086173,2020-11,7,sliding180_unweighted,20260717,xgboost,raw,466050,0.005181847441261667,72635,0.004047635437461279,3.482914924621582
0.964909564088519,0.9992625158604933,0.000542221765499562,0.002256372245028615,-0.6605323553085327,0.9979775547981262,1.0,0.24829931972789115,0.2920693326032223,0.7774725274725275,0.9625850340136054,0.9858810609771278,0.39614855570839064,0.9795918367346939,0.9986272555575813,0.20096352374397797,0.9931972789115646,0.9995487726086173,2020-11,7,sliding180_unweighted,20260717,xgboost,platt,466050,0.005181847441261667,72635,0.004047635437461279,3.482914924621582
0.9649095640885189,0.9992625158604933,0.0005403243121691048,0.002248533070087433,-0.6267390847206116,0.9990379810333252,1.0,0.24829931972789115,0.2920693326032223,0.7774725274725275,0.9625850340136054,0.9858810609771278,0.39614855570839064,0.9795918367346939,0.9986272555575813,0.20096352374397797,0.9931972789115646,0.9995487726086173,2020-11,7,sliding180_unweighted,20260717,xgboost,beta,466050,0.005181847441261667,72635,0.004047635437461279,3.482914924621582
0.32913234773442573,0.9727402634931855,0.041772257536649704,0.20418794453144073,-5.457067966461182,0.45438534021377563,0.2876712328767123,0.07142857142857142,0.11445736609458318,0.43956043956043955,0.54421768707483,0.6736284420532178,0.30398899587345257,0.7517006802721088,0.9143156916610214,0.17068134893324158,0.8435374149659864,0.961813968059864,2020-11,14,capped_weighted,20260716,logistic,raw,350000,0.023928571428571428,72635,0.004047635437461279,0.5079898834228516
0.3326106946118255,0.9727477864426483,0.0035706486087292433,0.015085222199559212,-0.3467608094215393,0.9742061495780945,0.3150684931506849,0.0782312925170068,0.11890194284335537,0.43956043956043955,0.54421768707483,0.6736284420532178,0.30398899587345257,0.7517006802721088,0.9143156916610214,0.17068134893324158,0.8435374149659864,0.961813968059864,2020-11,14,capped_weighted,20260716,logistic,platt,350000,0.023928571428571428,72635,0.004047635437461279,0.5079898834228516
0.33261070084629424,0.9727478099518654,0.003078590612858534,0.012419873848557472,-0.260601669549942,0.9849716424942017,0.3150684931506849,0.0782312925170068,0.11890194284335537,0.43956043956043955,0.54421768707483,0.6736284420532178,0.30398899587345257,0.7517006802721088,0.9143156916610214,0.17068134893324158,0.8435374149659864,0.961813968059864,2020-11,14,capped_weighted,20260716,logistic,beta,350000,0.023928571428571428,72635,0.004047635437461279,0.5079898834228516
0.9784248602649558,0.999625733264235,0.0014185107305410536,0.005828179084461083,-3.5639268122659007,1.023559929288917,1.0,0.24829931972789115,0.3390691176304504,0.7939560439560439,0.9829931972789115,0.9987248517598555,0.39752407152682256,0.9829931972789115,0.9987248517598553,0.20096352374397797,0.9931972789115646,0.9993537107675508,2020-11,14,capped_weighted,20260716,lightgbm,raw,350000,0.023928571428571428,72635,0.004047635437461279,2.2949888706207275
0.9784248602649558,0.999625733264235,0.0003633516925685254,0.001583207947911828,-0.19424228686795886,1.0670995065816498,1.0,0.24829931972789115,0.3390691176304504,0.7939560439560439,0.9829931972789115,0.9987248517598555,0.39752407152682256,0.9829931972789115,0.9987248517598553,0.20096352374397797,0.9931972789115646,0.9993537107675508,2020-11,14,capped_weighted,20260716,lightgbm,platt,350000,0.023928571428571428,72635,0.004047635437461279,2.2949888706207275
0.9784248602649558,0.999625733264235,0.0003582814897448034,0.0015538864955694,-0.07933185554888236,0.9968482616201783,1.0,0.24829931972789115,0.3390691176304504,0.7939560439560439,0.9829931972789115,0.9987248517598555,0.39752407152682256,0.9829931972789115,0.9987248517598553,0.20096352374397797,0.9931972789115646,0.9993537107675508,2020-11,14,capped_weighted,20260716,lightgbm,beta,350000,0.023928571428571428,72635,0.004047635437461279,2.2949888706207275
0.9800236037602177,0.9996780647814343,0.000928710273001343,0.003921485040336847,-3.089564561843872,0.9437658190727234,1.0,0.24829931972789115,0.33207039277869055,0.7939560439560439,0.9829931972789115,0.9987248517598555,0.3988995873452545,0.9863945578231292,0.9988655339109592,0.20096352374397797,0.9931972789115646,0.9993537107675508,2020-11,14,capped_weighted,20260716,xgboost,raw,350000,0.023928571428571428,72635,0.004047635437461279,2.992601156234741
0.9800236037602177,0.9996780647814343,0.00035106338327750564,0.0014964145375415683,-0.15005436539649963,1.0391095876693726,1.0,0.24829931972789115,0.33207039277869055,0.7939560439560439,0.9829931972789115,0.9987248517598555,0.3988995873452545,0.9863945578231292,0.9988655339109592,0.20096352374397797,0.9931972789115646,0.9993537107675508,2020-11,14,capped_weighted,20260716,xgboost,platt,350000,0.023928571428571428,72635,0.004047635437461279,2.992601156234741
0.9800236037602178,0.9996780647814343,0.0003540939942467958,0.0015111671527847648,-0.14893700182437897,1.0494089126586914,1.0,0.24829931972789115,0.33207039277869055,0.7939560439560439,0.9829931972789115,0.9987248517598555,0.3988995873452545,0.9863945578231292,0.9988655339109592,0.20096352374397797,0.9931972789115646,0.9993537107675508,2020-11,14,capped_weighted,20260716,xgboost,beta,350000,0.023928571428571428,72635,0.004047635437461279,2.992601156234741
0.3328517111035596,0.9723855094075894,0.04135175794363022,0.2012285739183426,-5.426882743835449,0.46207287907600403,0.3013698630136986,0.07482993197278912,0.10802012949416638,0.43956043956043955,0.54421768707483,0.6685693029979529,0.30261348005502064,0.7482993197278912,0.9062417765407323,0.17068134893324158,0.8435374149659864,0.9618139680598637,2020-11,14,capped_weighted,20260717,logistic,raw,350000,0.023928571428571428,72635,0.004047635437461279,0.4965097904205322
0.3357674597074701,0.9723911986381204,0.003549867309629917,0.01512896828353405,-0.32557040452957153,0.9780079126358032,0.3287671232876712,0.08163265306122448,0.11820662702367685,0.43956043956043955,0.54421768707483,0.6685693029979529,0.30261348005502064,0.7482993197278912,0.9062417765407323,0.17068134893324158,0.8435374149659864,0.9618139680598637,2020-11,14,capped_weighted,20260717,logistic,platt,350000,0.023928571428571428,72635,0.004047635437461279,0.4965097904205322
0.3357674597074701,0.9723911986381204,0.0030717619229108095,0.012446492910385132,-0.2516537010669708,0.9863246083259583,0.3287671232876712,0.08163265306122448,0.11820662702367685,0.43956043956043955,0.54421768707483,0.6685693029979529,0.30261348005502064,0.7482993197278912,0.9062417765407323,0.17068134893324158,0.8435374149659864,0.9618139680598637,2020-11,14,capped_weighted,20260717,logistic,beta,350000,0.023928571428571428,72635,0.004047635437461279,0.4965097904205322
0.9809536679236865,0.9997535293682311,0.0014261582963914293,0.00582059064430913,-3.691468694630996,1.0472728191914098,1.0,0.24829931972789115,0.33701313449037384,0.7939560439560439,0.9829931972789115,0.9987248517598555,0.40027510316368636,0.9897959183673469,0.9992057823432345,0.20165175498967652,0.9965986394557823,0.999689454759721,2020-11,14,capped_weighted,20260717,lightgbm,raw,350000,0.023928571428571428,72635,0.004047635437461279,2.3846349716186523
0.9809536679236865,0.9997535293682311,0.00035314662829260353,0.0014980458455524,-0.2118196201999549,1.0994692772363726,1.0,0.24829931972789115,0.33701313449037384,0.7939560439560439,0.9829931972789115,0.9987248517598555,0.40027510316368636,0.9897959183673469,0.9992057823432345,0.20165175498967652,0.9965986394557823,0.999689454759721,2020-11,14,capped_weighted,20260717,lightgbm,platt,350000,0.023928571428571428,72635,0.004047635437461279,2.3846349716186523
0.9809536679236865,0.9997535293682311,0.00034543565499916146,0.0014585658494511025,-0.13620620315301002,1.035298145345531,1.0,0.24829931972789115,0.33701313449037384,0.7939560439560439,0.9829931972789115,0.9987248517598555,0.40027510316368636,0.9897959183673469,0.9992057823432345,0.20165175498967652,0.9965986394557823,0.999689454759721,2020-11,14,capped_weighted,20260717,lightgbm,beta,350000,0.023928571428571428,72635,0.004047635437461279,2.3846349716186523
0.9798246038260794,0.9996588342418705,0.0009818767430260777,0.004101310856640339,-3.094252824783325,0.9510515332221985,1.0,0.24829931972789115,0.3181239281146196,0.7939560439560439,0.9829931972789115,0.9987248517598553,0.3988995873452545,0.9863945578231292,0.9990651001921306,0.20165175498967652,0.9965986394557823,0.999689454759721,2020-11,14,capped_weighted,20260717,xgboost,raw,350000,0.023928571428571428,72635,0.004047635437461279,2.997498035430908
0.9798246038260793,0.9996588342418705,0.0003612257423810661,0.0015275317709892988,-0.1983291655778885,1.059496283531189,1.0,0.24829931972789115,0.3181239281146196,0.7939560439560439,0.9829931972789115,0.9987248517598553,0.3988995873452545,0.9863945578231292,0.9990651001921306,0.20165175498967652,0.9965986394557823,0.999689454759721,2020-11,14,capped_weighted,20260717,xgboost,platt,350000,0.023928571428571428,72635,0.004047635437461279,2.997498035430908
0.9798246038260795,0.9996588342418706,0.000365301501005888,0.001542267156764865,-0.15009240806102753,1.0545865297317505,1.0,0.24829931972789115,0.3181239281146196,0.7939560439560439,0.9829931972789115,0.9987248517598553,0.3988995873452545,0.9863945578231292,0.9990651001921306,0.20165175498967652,0.9965986394557823,0.999689454759721,2020-11,14,capped_weighted,20260717,xgboost,beta,350000,0.023928571428571428,72635,0.004047635437461279,2.997498035430908
0.3325233241565749,0.9723123957424996,0.04207902029156685,0.20289602875709534,-5.4378342628479,0.4600656032562256,0.273972602739726,0.06802721088435375,0.1098832050906179,0.4423076923076923,0.5476190476190477,0.6861381208872912,0.3012379642365887,0.7448979591836735,0.9068498106731597,0.1720578114246387,0.8503401360544217,0.9639074229190744,2020-11,14,sliding180_weighted,20260716,logistic,raw,466050,0.005181847441261667,72635,0.004047635437461279,0.6871049404144287
0.3359691469301288,0.9723196835997916,0.003555546049028635,0.015087177976965904,-0.34675082564353943,0.9734560251235962,0.3287671232876712,0.08163265306122448,0.12134700515771446,0.4423076923076923,0.5476190476190477,0.6861381208872912,0.3012379642365887,0.7448979591836735,0.9068498106731597,0.1720578114246387,0.8503401360544217,0.9639074229190744,2020-11,14,sliding180_weighted,20260716,logistic,platt,466050,0.005181847441261667,72635,0.004047635437461279,0.6871049404144287
0.33596914693012875,0.9723196835997916,0.0030687141697853804,0.01241089217364788,-0.2512476444244385,0.978664219379425,0.3287671232876712,0.08163265306122448,0.12134700515771446,0.4423076923076923,0.5476190476190477,0.6861381208872912,0.3012379642365887,0.7448979591836735,0.9068498106731597,0.1720578114246387,0.8503401360544217,0.9639074229190744,2020-11,14,sliding180_weighted,20260716,logistic,beta,466050,0.005181847441261667,72635,0.004047635437461279,0.6871049404144287
0.9754742644856075,0.9995768811111623,0.0006694459085854426,0.0027348187967073806,-2.334034704063108,0.9235058014646853,1.0,0.24829931972789115,0.311359825838761,0.7857142857142857,0.9727891156462585,0.9922575855587389,0.3988995873452545,0.9863945578231292,0.9990651001921306,0.20096352374397797,0.9931972789115646,0.999541526335405,2020-11,14,sliding180_weighted,20260716,lightgbm,raw,466050,0.005181847441261667,72635,0.004047635437461279,3.2281532287597656
0.9754742644856075,0.9995768811111623,0.0004180875930476417,0.0017965223821054294,-0.5323398512145043,1.0891585903520868,1.0,0.24829931972789115,0.311359825838761,0.7857142857142857,0.9727891156462585,0.9922575855587389,0.3988995873452545,0.9863945578231292,0.9990651001921306,0.20096352374397797,0.9931972789115646,0.999541526335405,2020-11,14,sliding180_weighted,20260716,lightgbm,platt,466050,0.005181847441261667,72635,0.004047635437461279,3.2281532287597656
0.9754742644856075,0.9995768811111623,0.0004150505582723654,0.0017873037596198246,-0.5312932641031913,1.0764962674649743,1.0,0.24829931972789115,0.311359825838761,0.7857142857142857,0.9727891156462585,0.9922575855587389,0.3988995873452545,0.9863945578231292,0.9990651001921306,0.20096352374397797,0.9931972789115646,0.999541526335405,2020-11,14,sliding180_weighted,20260716,lightgbm,beta,466050,0.005181847441261667,72635,0.004047635437461279,3.2281532287597656
0.9704626012801303,0.9990124718277298,0.0005669550155289471,0.0023917085491120815,-1.5237537622451782,0.8512619733810425,1.0,0.24829931972789115,0.2890559274547518,0.7774725274725275,0.9625850340136054,0.986448359303389,0.39752407152682256,0.9829931972789115,0.9987248517598553,0.19958706125258086,0.9863945578231292,0.9990651001921308,2020-11,14,sliding180_weighted,20260716,xgboost,raw,466050,0.005181847441261667,72635,0.004047635437461279,4.468912839889526
0.9704626012801303,0.9990124718277297,0.0004520246875472367,0.0019721759017556906,-0.4581224322319031,1.0438804626464844,1.0,0.24829931972789115,0.2890559274547518,0.7774725274725275,0.9625850340136054,0.986448359303389,0.39752407152682256,0.9829931972789115,0.9987248517598553,0.19958706125258086,0.9863945578231292,0.9990651001921308,2020-11,14,sliding180_weighted,20260716,xgboost,platt,466050,0.005181847441261667,72635,0.004047635437461279,4.468912839889526
0.9704626012801303,0.9990124718277297,0.0004563836846500635,0.001971205696463585,-0.4903895854949951,1.0163910388946533,1.0,0.24829931972789115,0.2890559274547518,0.7774725274725275,0.9625850340136054,0.986448359303389,0.39752407152682256,0.9829931972789115,0.9987248517598553,0.19958706125258086,0.9863945578231292,0.9990651001921308,2020-11,14,sliding180_weighted,20260716,xgboost,beta,466050,0.005181847441261667,72635,0.004047635437461279,4.468912839889526
0.3325233241565749,0.9723123957424996,0.04207902029156685,0.20289602875709534,-5.4378342628479,0.4600656032562256,0.273972602739726,0.06802721088435375,0.1098832050906179,0.4423076923076923,0.5476190476190477,0.6861381208872912,0.3012379642365887,0.7448979591836735,0.9068498106731597,0.1720578114246387,0.8503401360544217,0.9639074229190744,2020-11,14,sliding180_weighted,20260717,logistic,raw,466050,0.005181847441261667,72635,0.004047635437461279,0.6902439594268799
0.3359691469301288,0.9723196835997916,0.003555546049028635,0.015087177976965904,-0.34675082564353943,0.9734560251235962,0.3287671232876712,0.08163265306122448,0.12134700515771446,0.4423076923076923,0.5476190476190477,0.6861381208872912,0.3012379642365887,0.7448979591836735,0.9068498106731597,0.1720578114246387,0.8503401360544217,0.9639074229190744,2020-11,14,sliding180_weighted,20260717,logistic,platt,466050,0.005181847441261667,72635,0.004047635437461279,0.6902439594268799
0.33596914693012875,0.9723196835997916,0.0030687141697853804,0.01241089217364788,-0.2512476444244385,0.978664219379425,0.3287671232876712,0.08163265306122448,0.12134700515771446,0.4423076923076923,0.5476190476190477,0.6861381208872912,0.3012379642365887,0.7448979591836735,0.9068498106731597,0.1720578114246387,0.8503401360544217,0.9639074229190744,2020-11,14,sliding180_weighted,20260717,logistic,beta,466050,0.005181847441261667,72635,0.004047635437461279,0.6902439594268799
0.9738279407497499,0.9996538973062857,0.0006583331944025402,0.002726233309456174,-2.1725591210232515,0.8879957096413809,1.0,0.24829931972789115,0.3180628896871105,0.7857142857142857,0.9727891156462585,0.9922575855587389,0.3988995873452545,0.9863945578231292,0.9990651001921308,0.20165175498967652,0.9965986394557823,0.999689454759721,2020-11,14,sliding180_weighted,20260717,lightgbm,raw,466050,0.005181847441261667,72635,0.004047635437461279,3.194446086883545
0.9738279407497499,0.9996538973062856,0.00044299327892001326,0.0018335605347436907,-0.4643320058283584,1.0655691778816627,1.0,0.24829931972789115,0.3180628896871105,0.7857142857142857,0.9727891156462585,0.9922575855587389,0.3988995873452545,0.9863945578231292,0.9990651001921308,0.20165175498967652,0.9965986394557823,0.999689454759721,2020-11,14,sliding180_weighted,20260717,lightgbm,platt,466050,0.005181847441261667,72635,0.004047635437461279,3.194446086883545
0.9738279407497499,0.9996538973062856,0.00044409144435598856,0.0018308046672968238,-0.5215251685335095,1.0253612648506152,1.0,0.24829931972789115,0.3180628896871105,0.7857142857142857,0.9727891156462585,0.9922575855587389,0.3988995873452545,0.9863945578231292,0.9990651001921308,0.20165175498967652,0.9965986394557823,0.999689454759721,2020-11,14,sliding180_weighted,20260717,lightgbm,beta,466050,0.005181847441261667,72635,0.004047635437461279,3.194446086883545
0.9702341497982454,0.9993171982993996,0.0005975627573207021,0.0024748598225414753,-1.5378684997558594,0.8257620930671692,1.0,0.24829931972789115,0.3011498921643567,0.7802197802197802,0.9659863945578231,0.9914270059724307,0.39752407152682256,0.9829931972789115,0.9987248517598553,0.2002752924982794,0.9897959183673469,0.9992057823432348,2020-11,14,sliding180_weighted,20260717,xgboost,raw,466050,0.005181847441261667,72635,0.004047635437461279,4.7316811084747314
0.9702341497982454,0.9993171982993997,0.00048376937047578394,0.002019559033215046,-0.4833854138851166,1.0454074144363403,1.0,0.24829931972789115,0.3011498921643567,0.7802197802197802,0.9659863945578231,0.9914270059724307,0.39752407152682256,0.9829931972789115,0.9987248517598553,0.2002752924982794,0.9897959183673469,0.9992057823432348,2020-11,14,sliding180_weighted,20260717,xgboost,platt,466050,0.005181847441261667,72635,0.004047635437461279,4.7316811084747314
0.9702341497982454,0.9993171982993997,0.00048340027569793165,0.002003525849431753,-0.4365599751472473,1.045055627822876,1.0,0.24829931972789115,0.3011498921643567,0.7802197802197802,0.9659863945578231,0.9914270059724307,0.39752407152682256,0.9829931972789115,0.9987248517598553,0.2002752924982794,0.9897959183673469,0.9992057823432348,2020-11,14,sliding180_weighted,20260717,xgboost,beta,466050,0.005181847441261667,72635,0.004047635437461279,4.7316811084747314
0.5259074324711858,0.9127362311922737,0.0024633416905999184,0.014115785248577595,-0.40753915905952454,1.0012438297271729,0.8082191780821918,0.20068027210884354,0.300230986382947,0.5027472527472527,0.6224489795918368,0.8418338972696501,0.2874828060522696,0.7108843537414966,0.9406204468025952,0.1548520302821748,0.7653061224489796,0.9758129845251591,2020-11,14,sliding180_unweighted,20260716,logistic,raw,466050,0.005181847441261667,72635,0.004047635437461279,0.6574749946594238
0.5259074324711859,0.9127362311922737,0.0024623777717351913,0.013956038281321526,-0.40860679745674133,0.9612023234367371,0.8082191780821918,0.20068027210884354,0.300230986382947,0.5027472527472527,0.6224489795918368,0.8418338972696501,0.2874828060522696,0.7108843537414966,0.9406204468025952,0.1548520302821748,0.7653061224489796,0.9758129845251591,2020-11,14,sliding180_unweighted,20260716,logistic,platt,466050,0.005181847441261667,72635,0.004047635437461279,0.6574749946594238
0.5259074324711859,0.9127362311922737,0.0024115205742418766,0.01346123218536377,-0.40294715762138367,0.9644823670387268,0.8082191780821918,0.20068027210884354,0.300230986382947,0.5027472527472527,0.6224489795918368,0.8418338972696501,0.2874828060522696,0.7108843537414966,0.9406204468025952,0.1548520302821748,0.7653061224489796,0.9758129845251591,2020-11,14,sliding180_unweighted,20260716,logistic,beta,466050,0.005181847441261667,72635,0.004047635437461279,0.6574749946594238
0.9547128746003903,0.9991158653644066,0.0007295699014714314,0.003327816721144871,-0.014861570320055187,0.6617016981447407,1.0,0.24829931972789115,0.25998290010085373,0.771978021978022,0.95578231292517,0.9871086188283376,0.39752407152682256,0.9829931972789115,0.9989675039898568,0.1988988300068823,0.9829931972789115,0.9989675039898566,2020-11,14,sliding180_unweighted,20260716,lightgbm,raw,466050,0.005181847441261667,72635,0.004047635437461279,2.987166166305542
0.9547128746003904,0.9991158653644066,0.0006619689550654609,0.0027663049359338975,-0.586234169440472,0.9589974829390431,1.0,0.24829931972789115,0.25998290010085373,0.771978021978022,0.95578231292517,0.9871086188283376,0.39752407152682256,0.9829931972789115,0.9989675039898568,0.1988988300068823,0.9829931972789115,0.9989675039898568,2020-11,14,sliding180_unweighted,20260716,lightgbm,platt,466050,0.005181847441261667,72635,0.004047635437461279,2.987166166305542
0.9547128746003904,0.9991158653644066,0.0006567772736013708,0.0026613955379565187,-0.5317472219058461,0.973465001977958,1.0,0.24829931972789115,0.25998290010085373,0.771978021978022,0.95578231292517,0.9871086188283376,0.39752407152682256,0.9829931972789115,0.9989675039898568,0.1988988300068823,0.9829931972789115,0.9989675039898568,2020-11,14,sliding180_unweighted,20260716,lightgbm,beta,466050,0.005181847441261667,72635,0.004047635437461279,2.987166166305542
0.9614317955533223,0.9989688387208465,0.0005617739516310394,0.0023215028923004866,-0.050073202699422836,0.9205769896507263,1.0,0.24829931972789115,0.29563652275763913,0.7692307692307693,0.9523809523809523,0.9862336476583863,0.39752407152682256,0.9829931972789115,0.9987248517598553,0.19958706125258086,0.9863945578231292,0.9990651001921306,2020-11,14,sliding180_unweighted,20260716,xgboost,raw,466050,0.005181847441261667,72635,0.004047635437461279,3.6159770488739014
0.9614317955533223,0.9989688387208465,0.0005758126499131322,0.002402073470875621,-0.6390159726142883,0.9907724261283875,1.0,0.24829931972789115,0.29563652275763913,0.7692307692307693,0.9523809523809523,0.9862336476583863,0.39752407152682256,0.9829931972789115,0.9987248517598553,0.19958706125258086,0.9863945578231292,0.9990651001921306,2020-11,14,sliding180_unweighted,20260716,xgboost,platt,466050,0.005181847441261667,72635,0.004047635437461279,3.6159770488739014
0.9614317955533224,0.9989688387208465,0.0005708716926164925,0.0023906941059976816,-0.5721688270568848,1.0050400495529175,1.0,0.24829931972789115,0.29563652275763913,0.7692307692307693,0.9523809523809523,0.9862336476583863,0.39752407152682256,0.9829931972789115,0.9987248517598553,0.19958706125258086,0.9863945578231292,0.9990651001921306,2020-11,14,sliding180_unweighted,20260716,xgboost,beta,466050,0.005181847441261667,72635,0.004047635437461279,3.6159770488739014
0.5259074324711858,0.9127362311922737,0.0024633416905999184,0.014115785248577595,-0.40753915905952454,1.0012438297271729,0.8082191780821918,0.20068027210884354,0.300230986382947,0.5027472527472527,0.6224489795918368,0.8418338972696501,0.2874828060522696,0.7108843537414966,0.9406204468025952,0.1548520302821748,0.7653061224489796,0.9758129845251591,2020-11,14,sliding180_unweighted,20260717,logistic,raw,466050,0.005181847441261667,72635,0.004047635437461279,0.6508951187133789
0.5259074324711859,0.9127362311922737,0.0024623777717351913,0.013956038281321526,-0.40860679745674133,0.9612023234367371,0.8082191780821918,0.20068027210884354,0.300230986382947,0.5027472527472527,0.6224489795918368,0.8418338972696501,0.2874828060522696,0.7108843537414966,0.9406204468025952,0.1548520302821748,0.7653061224489796,0.9758129845251591,2020-11,14,sliding180_unweighted,20260717,logistic,platt,466050,0.005181847441261667,72635,0.004047635437461279,0.6508951187133789
0.5259074324711859,0.9127362311922737,0.0024115205742418766,0.01346123218536377,-0.40294715762138367,0.9644823670387268,0.8082191780821918,0.20068027210884354,0.300230986382947,0.5027472527472527,0.6224489795918368,0.8418338972696501,0.2874828060522696,0.7108843537414966,0.9406204468025952,0.1548520302821748,0.7653061224489796,0.9758129845251591,2020-11,14,sliding180_unweighted,20260717,logistic,beta,466050,0.005181847441261667,72635,0.004047635437461279,0.6508951187133789
0.9507211410080304,0.9988284886949347,0.0007726394315628728,0.0036281497154463708,-0.038847627004773,0.6522364790271358,1.0,0.24829931972789115,0.29023576435354526,0.7637362637362637,0.9455782312925171,0.9821595447878112,0.39752407152682256,0.9829931972789115,0.9987248517598555,0.19958706125258086,0.9863945578231292,0.9990605957520258,2020-11,14,sliding180_unweighted,20260717,lightgbm,raw,466050,0.005181847441261667,72635,0.004047635437461279,3.027655839920044
0.9507211410080304,0.9988284886949348,0.0007363370148079376,0.00302751049130003,-0.7678871543116698,0.9551983167049309,1.0,0.24829931972789115,0.29023576435354526,0.7637362637362637,0.9455782312925171,0.9821595447878112,0.39752407152682256,0.9829931972789115,0.9987248517598553,0.19958706125258086,0.9863945578231292,0.9990605957520255,2020-11,14,sliding180_unweighted,20260717,lightgbm,platt,466050,0.005181847441261667,72635,0.004047635437461279,3.027655839920044
0.9507211410080304,0.9988284886949348,0.0007424116370249889,0.0029156428699006133,-0.6273518199613002,0.9931875164510271,1.0,0.24829931972789115,0.29023576435354526,0.7637362637362637,0.9455782312925171,0.9821595447878112,0.39752407152682256,0.9829931972789115,0.9987248517598553,0.19958706125258086,0.9863945578231292,0.9990605957520255,2020-11,14,sliding180_unweighted,20260717,lightgbm,beta,466050,0.005181847441261667,72635,0.004047635437461279,3.027655839920044
0.9661620980591592,0.9992988611100846,0.0005135160754434764,0.002102822996675968,-0.062377091497182846,0.9298568964004517,1.0,0.24829931972789115,0.2900858121952689,0.7774725274725275,0.9625850340136054,0.9809676960487379,0.39752407152682256,0.9829931972789115,0.9987248517598553,0.20096352374397797,0.9931972789115646,0.9995487726086173,2020-11,14,sliding180_unweighted,20260717,xgboost,raw,466050,0.005181847441261667,72635,0.004047635437461279,3.455298900604248
0.9661620980591591,0.9992988611100845,0.0005205879569984972,0.0022183454129844904,-0.7625722289085388,0.9750475287437439,1.0,0.24829931972789115,0.2900858121952689,0.7774725274725275,0.9625850340136054,0.9809676960487379,0.39752407152682256,0.9829931972789115,0.9987248517598553,0.20096352374397797,0.9931972789115646,0.9995487726086173,2020-11,14,sliding180_unweighted,20260717,xgboost,platt,466050,0.005181847441261667,72635,0.004047635437461279,3.455298900604248
0.9661620980591591,0.9992988611100845,0.000517286651302129,0.0022045497316867113,-0.7111642360687256,0.9721400141716003,1.0,0.24829931972789115,0.2900858121952689,0.7774725274725275,0.9625850340136054,0.9809676960487379,0.39752407152682256,0.9829931972789115,0.9987248517598553,0.20096352374397797,0.9931972789115646,0.9995487726086173,2020-11,14,sliding180_unweighted,20260717,xgboost,beta,466050,0.005181847441261667,72635,0.004047635437461279,3.455298900604248
0.32856180086051634,0.9727638667471246,0.04131663963198662,0.20276105403900146,-5.4521355628967285,0.45368877053260803,0.2876712328767123,0.07142857142857142,0.1106597313956668,0.43956043956043955,0.54421768707483,0.6736284420532178,0.30398899587345257,0.7517006802721088,0.9143156916610214,0.17068134893324158,0.8435374149659864,0.9618139680598637,2020-11,30,capped_weighted,20260716,logistic,raw,350000,0.023928571428571428,72635,0.004047635437461279,0.49448394775390625
0.33204015397238484,0.9727714132058044,0.0035747115034610033,0.015095897018909454,-0.347720742225647,0.9740297198295593,0.3561643835616438,0.08843537414965986,0.12860881542429967,0.43956043956043955,0.54421768707483,0.6736284420532178,0.30398899587345257,0.7517006802721088,0.9143156916610214,0.17068134893324158,0.8435374149659864,0.9618139680598637,2020-11,30,capped_weighted,20260716,logistic,platt,350000,0.023928571428571428,72635,0.004047635437461279,0.49448394775390625
0.33204015397238484,0.9727714132058042,0.003079683519899845,0.012421372346580029,-0.2622005343437195,0.9842529892921448,0.3561643835616438,0.08843537414965986,0.12860881542429967,0.43956043956043955,0.54421768707483,0.6736284420532178,0.30398899587345257,0.7517006802721088,0.9143156916610214,0.17068134893324158,0.8435374149659864,0.9618139680598637,2020-11,30,capped_weighted,20260716,logistic,beta,350000,0.023928571428571428,72635,0.004047635437461279,0.49448394775390625
0.980039450615947,0.9996734569748885,0.0014174103658546589,0.005838372733280858,-3.6123681006568304,1.0278227062234022,1.0,0.24829931972789115,0.3382859978695957,0.7939560439560439,0.9829931972789115,0.9987248517598553,0.40027510316368636,0.9897959183673469,0.9992057823432345,0.20165175498967652,0.9965986394557823,0.999689454759721,2020-11,30,capped_weighted,20260716,lightgbm,raw,350000,0.023928571428571428,72635,0.004047635437461279,2.2969038486480713
0.980039450615947,0.9996734569748885,0.0003534765397984712,0.0015523962707720208,-0.5895449076331083,1.0389034250182383,1.0,0.24829931972789115,0.3382859978695957,0.7939560439560439,0.9829931972789115,0.9987248517598553,0.40027510316368636,0.9897959183673469,0.9992057823432345,0.20165175498967652,0.9965986394557823,0.999689454759721,2020-11,30,capped_weighted,20260716,lightgbm,platt,350000,0.023928571428571428,72635,0.004047635437461279,2.2969038486480713
0.980039450615947,0.9996734569748885,0.00034501874722467845,0.0015157555479791245,-0.16100738640363227,1.0350450525239607,1.0,0.24829931972789115,0.3382859978695957,0.7939560439560439,0.9829931972789115,0.9987248517598553,0.40027510316368636,0.9897959183673469,0.9992057823432345,0.20165175498967652,0.9965986394557823,0.999689454759721,2020-11,30,capped_weighted,20260716,lightgbm,beta,350000,0.023928571428571428,72635,0.004047635437461279,2.2969038486480713
0.9786422578134022,0.9995352697969471,0.0009497274295426905,0.004062044899910688,-3.0927000045776367,0.9131706357002258,1.0,0.24829931972789115,0.32742605390352497,0.7912087912087912,0.9795918367346939,0.9985701993162521,0.3988995873452545,0.9863945578231292,0.9988655339109592,0.20096352374397797,0.9931972789115646,0.9993537107675508,2020-11,30,capped_weighted,20260716,xgboost,raw,350000,0.023928571428571428,72635,0.004047635437461279,2.940711736679077
0.9786422578134022,0.9995352697969472,0.00038131832843646407,0.001599278417415917,-0.48476922512054443,0.9321335554122925,1.0,0.24829931972789115,0.32742605390352497,0.7912087912087912,0.9795918367346939,0.9985701993162521,0.3988995873452545,0.9863945578231292,0.9988655339109592,0.20096352374397797,0.9931972789115646,0.9993537107675508,2020-11,30,capped_weighted,20260716,xgboost,platt,350000,0.023928571428571428,72635,0.004047635437461279,2.940711736679077
0.9786422578134022,0.9995352697969472,0.0003813511284533888,0.0016050002304837108,-0.18452151119709015,0.9887558817863464,1.0,0.24829931972789115,0.32742605390352497,0.7912087912087912,0.9795918367346939,0.9985701993162521,0.3988995873452545,0.9863945578231292,0.9988655339109592,0.20096352374397797,0.9931972789115646,0.9993537107675508,2020-11,30,capped_weighted,20260716,xgboost,beta,350000,0.023928571428571428,72635,0.004047635437461279,2.940711736679077
0.33253442930736216,0.9724140260878961,0.04094332829117775,0.19988319277763367,-5.421853065490723,0.4617185890674591,0.3150684931506849,0.0782312925170068,0.12011592209250957,0.4368131868131868,0.5408163265306123,0.6622410869044241,0.30261348005502064,0.7482993197278912,0.9062417765407323,0.17068134893324158,0.8435374149659864,0.961813968059864,2020-11,30,capped_weighted,20260717,logistic,raw,350000,0.023928571428571428,72635,0.004047635437461279,0.49503397941589355
0.3354501836979335,0.9724197388276442,0.0035516018979251385,0.015135434456169605,-0.32620540261268616,0.9777750968933105,0.3013698630136986,0.07482993197278912,0.1046630812629066,0.4368131868131868,0.5408163265306123,0.6622410869044241,0.30261348005502064,0.7482993197278912,0.9062417765407323,0.17068134893324158,0.8435374149659864,0.961813968059864,2020-11,30,capped_weighted,20260717,logistic,platt,350000,0.023928571428571428,72635,0.004047635437461279,0.49503397941589355
0.33545018369793345,0.9724197388276443,0.003072325838729739,0.012447326444089413,-0.2530856728553772,0.985683798789978,0.3013698630136986,0.07482993197278912,0.1046630812629066,0.4368131868131868,0.5408163265306123,0.6622410869044241,0.30261348005502064,0.7482993197278912,0.9062417765407323,0.17068134893324158,0.8435374149659864,0.961813968059864,2020-11,30,capped_weighted,20260717,logistic,beta,350000,0.023928571428571428,72635,0.004047635437461279,0.49503397941589355
0.9771305567870859,0.999679992537234,0.001446360137689421,0.00584579962833031,-3.2377593852529234,0.9660966252407281,1.0,0.24829931972789115,0.3402379871968144,0.7884615384615384,0.9761904761904762,0.9985340985136717,0.40027510316368636,0.9897959183673469,0.9992057823432345,0.20096352374397797,0.9931972789115646,0.9995415263354048,2020-11,30,capped_weighted,20260717,lightgbm,raw,350000,0.023928571428571428,72635,0.004047635437461279,2.31333589553833
0.9771305567870859,0.9996799925372342,0.000376193039316756,0.0016305011415895985,-0.13927726587296071,1.044588246465062,1.0,0.24829931972789115,0.3402379871968144,0.7884615384615384,0.9761904761904762,0.9985340985136717,0.40027510316368636,0.9897959183673469,0.9992057823432345,0.20096352374397797,0.9931972789115646,0.9995415263354048,2020-11,30,capped_weighted,20260717,lightgbm,platt,350000,0.023928571428571428,72635,0.004047635437461279,2.31333589553833
0.9771305567870859,0.9996799925372342,0.00037037815555864435,0.0016100185876040504,-0.08280102598479828,0.9965660992106166,1.0,0.24829931972789115,0.3402379871968144,0.7884615384615384,0.9761904761904762,0.9985340985136717,0.40027510316368636,0.9897959183673469,0.9992057823432345,0.20096352374397797,0.9931972789115646,0.9995415263354048,2020-11,30,capped_weighted,20260717,lightgbm,beta,350000,0.023928571428571428,72635,0.004047635437461279,2.31333589553833
0.9790449149036449,0.9995095036950377,0.0009594486327841878,0.004040727391839027,-3.058579206466675,0.9355362057685852,1.0,0.24829931972789115,0.32468748488319693,0.7939560439560439,0.9829931972789115,0.9987248517598555,0.3988995873452545,0.9863945578231292,0.9990651001921306,0.20165175498967652,0.9965986394557823,0.999689454759721,2020-11,30,capped_weighted,20260717,xgboost,raw,350000,0.023928571428571428,72635,0.004047635437461279,3.0018739700317383
0.9790449149036448,0.9995095036950377,0.0003810967900790274,0.001575737027451396,-0.4652101993560791,0.9819982051849365,1.0,0.24829931972789115,0.32468748488319693,0.7939560439560439,0.9829931972789115,0.9987248517598555,0.3988995873452545,0.9863945578231292,0.9990651001921306,0.20165175498967652,0.9965986394557823,0.999689454759721,2020-11,30,capped_weighted,20260717,xgboost,platt,350000,0.023928571428571428,72635,0.004047635437461279,3.0018739700317383
0.9790449149036446,0.9995095036950377,0.0003827757609542459,0.0015846125315874815,-0.4901283085346222,0.9751007556915283,1.0,0.24829931972789115,0.32468748488319693,0.7939560439560439,0.9829931972789115,0.9987248517598555,0.3988995873452545,0.9863945578231292,0.9990651001921306,0.20165175498967652,0.9965986394557823,0.999689454759721,2020-11,30,capped_weighted,20260717,xgboost,beta,350000,0.023928571428571428,72635,0.004047635437461279,3.0018739700317383
0.33196976906449077,0.9723198011458769,0.04252554848790169,0.20437192916870117,-5.442676544189453,0.4601311683654785,0.2465753424657534,0.061224489795918366,0.10142419298222594,0.4423076923076923,0.5476190476190477,0.6861381208872911,0.3012379642365887,0.7448979591836735,0.9068498106731597,0.1720578114246387,0.8503401360544217,0.9639074229190744,2020-11,30,sliding180_weighted,20260716,logistic,raw,466050,0.005181847441261667,72635,0.004047635437461279,0.6784520149230957
0.33565046839736407,0.9723277002428126,0.00355705339461565,0.015090273693203926,-0.3475516140460968,0.9733858108520508,0.3287671232876712,0.08163265306122448,0.12468388133111295,0.4423076923076923,0.5476190476190477,0.6861381208872911,0.3012379642365887,0.7448979591836735,0.9068498106731597,0.1720578114246387,0.8503401360544217,0.9639074229190744,2020-11,30,sliding180_weighted,20260716,logistic,platt,466050,0.005181847441261667,72635,0.004047635437461279,0.6784520149230957
0.335650468397364,0.9723277002428126,0.0030708573758602142,0.012415972538292408,-0.24980296194553375,0.979494571685791,0.3287671232876712,0.08163265306122448,0.12468388133111295,0.4423076923076923,0.5476190476190477,0.6861381208872911,0.3012379642365887,0.7448979591836735,0.9068498106731597,0.1720578114246387,0.8503401360544217,0.9639074229190744,2020-11,30,sliding180_weighted,20260716,logistic,beta,466050,0.005181847441261667,72635,0.004047635437461279,0.6784520149230957
0.9741308428229002,0.9995836517656785,0.0006491668657349654,0.0026757880852608038,-2.1859441541264615,0.8770264025905861,1.0,0.24829931972789115,0.3121902095798474,0.782967032967033,0.9693877551020408,0.9859976541659314,0.3988995873452545,0.9863945578231292,0.9990651001921306,0.2002752924982794,0.9897959183673469,0.9994008441843011,2020-11,30,sliding180_weighted,20260716,lightgbm,raw,466050,0.005181847441261667,72635,0.004047635437461279,3.29272198677063
0.9741308428229002,0.9995836517656785,0.00043577477811757286,0.0018445928765761935,-0.50543137547002,1.0564412959556049,1.0,0.24829931972789115,0.3121902095798474,0.782967032967033,0.9693877551020408,0.9859976541659314,0.3988995873452545,0.9863945578231292,0.9990651001921306,0.2002752924982794,0.9897959183673469,0.9994008441843011,2020-11,30,sliding180_weighted,20260716,lightgbm,platt,466050,0.005181847441261667,72635,0.004047635437461279,3.29272198677063
0.9741308428229002,0.9995836517656785,0.0004347576135295958,0.00184528285322547,-0.5640549004802906,1.0207424248944772,1.0,0.24829931972789115,0.3121902095798474,0.782967032967033,0.9693877551020408,0.9859976541659314,0.3988995873452545,0.9863945578231292,0.9990651001921306,0.2002752924982794,0.9897959183673469,0.9994008441843011,2020-11,30,sliding180_weighted,20260716,lightgbm,beta,466050,0.005181847441261667,72635,0.004047635437461279,3.29272198677063
0.9703614630806334,0.9989958273020436,0.0005846595740877092,0.0024436789099127054,-1.5805960893630981,0.8490350842475891,1.0,0.24829931972789115,0.28363721657197877,0.782967032967033,0.9693877551020408,0.9859976541659314,0.39752407152682256,0.9829931972789115,0.9987248517598553,0.19958706125258086,0.9863945578231292,0.9990651001921306,2020-11,30,sliding180_weighted,20260716,xgboost,raw,466050,0.005181847441261667,72635,0.004047635437461279,4.404160022735596
0.9703614630806334,0.9989958273020437,0.0004518249479588121,0.001972279278561473,-0.4307819604873657,1.0616302490234375,1.0,0.24829931972789115,0.28363721657197877,0.782967032967033,0.9693877551020408,0.9859976541659314,0.39752407152682256,0.9829931972789115,0.9987248517598553,0.19958706125258086,0.9863945578231292,0.9990651001921306,2020-11,30,sliding180_weighted,20260716,xgboost,platt,466050,0.005181847441261667,72635,0.004047635437461279,4.404160022735596
0.9703614630806335,0.9989958273020436,0.00045332263107411563,0.0019673749338835478,-0.1584123969078064,1.0821112394332886,1.0,0.24829931972789115,0.28363721657197877,0.782967032967033,0.9693877551020408,0.9859976541659314,0.39752407152682256,0.9829931972789115,0.9987248517598553,0.19958706125258086,0.9863945578231292,0.9990651001921306,2020-11,30,sliding180_weighted,20260716,xgboost,beta,466050,0.005181847441261667,72635,0.004047635437461279,4.404160022735596
0.33196976906449077,0.9723198011458769,0.04252554848790169,0.20437192916870117,-5.442676544189453,0.4601311683654785,0.2465753424657534,0.061224489795918366,0.10142419298222594,0.4423076923076923,0.5476190476190477,0.6861381208872911,0.3012379642365887,0.7448979591836735,0.9068498106731597,0.1720578114246387,0.8503401360544217,0.9639074229190744,2020-11,30,sliding180_weighted,20260717,logistic,raw,466050,0.005181847441261667,72635,0.004047635437461279,0.6812920570373535
0.33565046839736407,0.9723277002428126,0.00355705339461565,0.015090273693203926,-0.3475516140460968,0.9733858108520508,0.3287671232876712,0.08163265306122448,0.12468388133111295,0.4423076923076923,0.5476190476190477,0.6861381208872911,0.3012379642365887,0.7448979591836735,0.9068498106731597,0.1720578114246387,0.8503401360544217,0.9639074229190744,2020-11,30,sliding180_weighted,20260717,logistic,platt,466050,0.005181847441261667,72635,0.004047635437461279,0.6812920570373535
0.335650468397364,0.9723277002428126,0.0030708573758602142,0.012415972538292408,-0.24980296194553375,0.979494571685791,0.3287671232876712,0.08163265306122448,0.12468388133111295,0.4423076923076923,0.5476190476190477,0.6861381208872911,0.3012379642365887,0.7448979591836735,0.9068498106731597,0.1720578114246387,0.8503401360544217,0.9639074229190744,2020-11,30,sliding180_weighted,20260717,logistic,beta,466050,0.005181847441261667,72635,0.004047635437461279,0.6812920570373535
0.9726405974324074,0.9993290469448033,0.0006669159728686948,0.0028075336816864066,-2.0107617298523404,0.846936630912841,1.0,0.24829931972789115,0.32595865093716186,0.782967032967033,0.9693877551020408,0.9859976541659315,0.3988995873452545,0.9863945578231292,0.9990651001921308,0.2002752924982794,0.9897959183673469,0.9992057823432348,2020-11,30,sliding180_weighted,20260717,lightgbm,raw,466050,0.005181847441261667,72635,0.004047635437461279,3.9200539588928223
0.9726405974324074,0.9993290469448033,0.00046148211017126066,0.0019203831064797978,-0.5547830996456463,1.0317626141645284,1.0,0.24829931972789115,0.32595865093716186,0.782967032967033,0.9693877551020408,0.9859976541659315,0.3988995873452545,0.9863945578231292,0.9990651001921308,0.2002752924982794,0.9897959183673469,0.9992057823432348,2020-11,30,sliding180_weighted,20260717,lightgbm,platt,466050,0.005181847441261667,72635,0.004047635437461279,3.9200539588928223
0.9726405974324074,0.9993290469448033,0.000462540329139683,0.0019284798282221398,-0.604551048357352,1.0053883970439133,1.0,0.24829931972789115,0.32595865093716186,0.782967032967033,0.9693877551020408,0.9859976541659315,0.3988995873452545,0.9863945578231292,0.9990651001921308,0.2002752924982794,0.9897959183673469,0.9992057823432348,2020-11,30,sliding180_weighted,20260717,lightgbm,beta,466050,0.005181847441261667,72635,0.004047635437461279,3.9200539588928223
0.9691917198512022,0.9993284827235935,0.0006099370075389743,0.0025207181461155415,-1.5613291263580322,0.8259276151657104,1.0,0.24829931972789115,0.29883434882345,0.7774725274725275,0.9625850340136054,0.9851863326931153,0.39752407152682256,0.9829931972789115,0.9987248517598553,0.2002752924982794,0.9897959183673469,0.9992130286164469,2020-11,30,sliding180_weighted,20260717,xgboost,raw,466050,0.005181847441261667,72635,0.004047635437461279,4.324697971343994
0.9691917198512021,0.9993284827235935,0.0004787177895195782,0.0020315598230808973,-0.5123112797737122,1.036063313484192,1.0,0.24829931972789115,0.29883434882345,0.7774725274725275,0.9625850340136054,0.9851863326931153,0.39752407152682256,0.9829931972789115,0.9987248517598553,0.2002752924982794,0.9897959183673469,0.9992130286164469,2020-11,30,sliding180_weighted,20260717,xgboost,platt,466050,0.005181847441261667,72635,0.004047635437461279,4.324697971343994
0.9691917198512021,0.9993284827235936,0.000479454844025895,0.0020192591473460197,-0.4755344092845917,1.0303804874420166,1.0,0.24829931972789115,0.29883434882345,0.7774725274725275,0.9625850340136054,0.9851863326931153,0.39752407152682256,0.9829931972789115,0.9987248517598553,0.2002752924982794,0.9897959183673469,0.9992130286164469,2020-11,30,sliding180_weighted,20260717,xgboost,beta,466050,0.005181847441261667,72635,0.004047635437461279,4.324697971343994
0.5256031410253742,0.9127363957567931,0.002464418765157461,0.014118921011686325,-0.40470993518829346,1.0014925003051758,0.8082191780821918,0.20068027210884354,0.300230986382947,0.5027472527472527,0.6224489795918368,0.84183389726965,0.28885832187070154,0.7142857142857143,0.9424076650164096,0.15416379903647626,0.7619047619047619,0.9708343378561176,2020-11,30,sliding180_unweighted,20260716,logistic,raw,466050,0.005181847441261667,72635,0.004047635437461279,0.6531200408935547
0.5256031410253742,0.9127363957567931,0.002463125390931964,0.013961556367576122,-0.40908336639404297,0.961162805557251,0.8082191780821918,0.20068027210884354,0.300230986382947,0.5027472527472527,0.6224489795918368,0.84183389726965,0.28885832187070154,0.7142857142857143,0.9424076650164096,0.15416379903647626,0.7619047619047619,0.9708343378561176,2020-11,30,sliding180_unweighted,20260716,logistic,platt,466050,0.005181847441261667,72635,0.004047635437461279,0.6531200408935547
0.5256031410253742,0.9127363957567932,0.0024118153378367424,0.013462644070386887,-0.40246686339378357,0.9644975662231445,0.8082191780821918,0.20068027210884354,0.300230986382947,0.5027472527472527,0.6224489795918368,0.84183389726965,0.28885832187070154,0.7142857142857143,0.9424076650164096,0.15416379903647626,0.7619047619047619,0.9708343378561176,2020-11,30,sliding180_unweighted,20260716,logistic,beta,466050,0.005181847441261667,72635,0.004047635437461279,0.6531200408935547
0.9512372642600498,0.9993187969261604,0.000721165983937033,0.0035812304636631,0.35641742956026534,0.6813033867539152,1.0,0.24829931972789115,0.27747422856403864,0.760989010989011,0.9421768707482994,0.9852485461919563,0.39614855570839064,0.9795918367346939,0.9988128515462537,0.19958706125258086,0.9863945578231292,0.9992461917406977,2020-11,30,sliding180_unweighted,20260716,lightgbm,raw,466050,0.005181847441261667,72635,0.004047635437461279,3.065743923187256
0.95123726426005,0.9993187969261604,0.0006672587461920826,0.002897199926691586,-0.6503845420308834,0.9376188507276816,1.0,0.24829931972789115,0.27747422856403864,0.760989010989011,0.9421768707482994,0.9852485461919563,0.39614855570839064,0.9795918367346939,0.9988128515462537,0.19958706125258086,0.9863945578231292,0.9992461917406977,2020-11,30,sliding180_unweighted,20260716,lightgbm,platt,466050,0.005181847441261667,72635,0.004047635437461279,3.065743923187256
0.95123726426005,0.9993187969261604,0.0006687094103570658,0.0027279427568385342,-0.5329949720664143,0.9618590199519006,1.0,0.24829931972789115,0.27747422856403864,0.760989010989011,0.9421768707482994,0.9852485461919563,0.39614855570839064,0.9795918367346939,0.9988128515462537,0.19958706125258086,0.9863945578231292,0.9992461917406977,2020-11,30,sliding180_unweighted,20260716,lightgbm,beta,466050,0.005181847441261667,72635,0.004047635437461279,3.065743923187256
0.9624470306882609,0.998955344430248,0.0005313518340699375,0.0022535566240549088,-0.05112165957689285,0.9240520000457764,1.0,0.24829931972789115,0.2900583285824546,0.7692307692307693,0.9523809523809523,0.9808202898783467,0.39752407152682256,0.9829931972789115,0.9987248517598553,0.19958706125258086,0.9863945578231292,0.9990651001921306,2020-11,30,sliding180_unweighted,20260716,xgboost,raw,466050,0.005181847441261667,72635,0.004047635437461279,3.5303661823272705
0.9624470306882609,0.998955344430248,0.0005525868618860841,0.002342693740502,-0.6463627219200134,0.9990097284317017,1.0,0.24829931972789115,0.2900583285824546,0.7692307692307693,0.9523809523809523,0.9808202898783467,0.39752407152682256,0.9829931972789115,0.9987248517598553,0.19958706125258086,0.9863945578231292,0.9990651001921306,2020-11,30,sliding180_unweighted,20260716,xgboost,platt,466050,0.005181847441261667,72635,0.004047635437461279,3.5303661823272705
0.9624470306882609,0.998955344430248,0.0005470688920468092,0.0023267664946615696,-0.5856183767318726,1.0071171522140503,1.0,0.24829931972789115,0.2900583285824546,0.7692307692307693,0.9523809523809523,0.9808202898783467,0.39752407152682256,0.9829931972789115,0.9987248517598553,0.19958706125258086,0.9863945578231292,0.9990651001921306,2020-11,30,sliding180_unweighted,20260716,xgboost,beta,466050,0.005181847441261667,72635,0.004047635437461279,3.5303661823272705
0.5256031410253742,0.9127363957567931,0.002464418765157461,0.014118921011686325,-0.40470993518829346,1.0014925003051758,0.8082191780821918,0.20068027210884354,0.300230986382947,0.5027472527472527,0.6224489795918368,0.84183389726965,0.28885832187070154,0.7142857142857143,0.9424076650164096,0.15416379903647626,0.7619047619047619,0.9708343378561176,2020-11,30,sliding180_unweighted,20260717,logistic,raw,466050,0.005181847441261667,72635,0.004047635437461279,0.6590979099273682
0.5256031410253742,0.9127363957567931,0.002463125390931964,0.013961556367576122,-0.40908336639404297,0.961162805557251,0.8082191780821918,0.20068027210884354,0.300230986382947,0.5027472527472527,0.6224489795918368,0.84183389726965,0.28885832187070154,0.7142857142857143,0.9424076650164096,0.15416379903647626,0.7619047619047619,0.9708343378561176,2020-11,30,sliding180_unweighted,20260717,logistic,platt,466050,0.005181847441261667,72635,0.004047635437461279,0.6590979099273682
0.5256031410253742,0.9127363957567932,0.0024118153378367424,0.013462644070386887,-0.40246686339378357,0.9644975662231445,0.8082191780821918,0.20068027210884354,0.300230986382947,0.5027472527472527,0.6224489795918368,0.84183389726965,0.28885832187070154,0.7142857142857143,0.9424076650164096,0.15416379903647626,0.7619047619047619,0.9708343378561176,2020-11,30,sliding180_unweighted,20260717,logistic,beta,466050,0.005181847441261667,72635,0.004047635437461279,0.6590979099273682
0.9595097503111203,0.9993857041579436,0.0006936951200660341,0.0030318193573640427,-0.016987215045256614,0.6779275909518782,1.0,0.24829931972789115,0.28589348409237386,0.7802197802197802,0.9659863945578231,0.9904746106580667,0.3988995873452545,0.9863945578231292,0.9988727801841717,0.20096352374397797,0.9931972789115646,0.9995487726086173,2020-11,30,sliding180_unweighted,20260717,lightgbm,raw,466050,0.005181847441261667,72635,0.004047635437461279,3.108341932296753
0.9595097503111202,0.9993857041579436,0.000642967232877357,0.002590165429427487,-0.5411856129871503,1.004483395423358,1.0,0.24829931972789115,0.28589348409237386,0.7802197802197802,0.9659863945578231,0.9904746106580667,0.3988995873452545,0.9863945578231292,0.9988727801841717,0.20096352374397797,0.9931972789115646,0.9995487726086173,2020-11,30,sliding180_unweighted,20260717,lightgbm,platt,466050,0.005181847441261667,72635,0.004047635437461279,3.108341932296753
0.9595097503111202,0.9993857041579436,0.0006428639713084924,0.002489845333459979,-0.4864315657584861,1.04542229442558,1.0,0.24829931972789115,0.28589348409237386,0.7802197802197802,0.9659863945578231,0.9904746106580667,0.3988995873452545,0.9863945578231292,0.9988727801841717,0.20096352374397797,0.9931972789115646,0.9995487726086173,2020-11,30,sliding180_unweighted,20260717,lightgbm,beta,466050,0.005181847441261667,72635,0.004047635437461279,3.108341932296753
0.9645540280757695,0.999342588253836,0.0005453001940622926,0.0021894138772040606,-0.05396939814090729,0.9322852492332458,1.0,0.24829931972789115,0.3003875319970291,0.7774725274725275,0.9625850340136054,0.9858810609771278,0.39752407152682256,0.9829931972789115,0.9989675039898568,0.2002752924982794,0.9897959183673469,0.9994008441843011,2020-11,30,sliding180_unweighted,20260717,xgboost,raw,466050,0.005181847441261667,72635,0.004047635437461279,4.4444358348846436
0.9645540280757694,0.9993425882538359,0.0005518724792636931,0.0022858274169266224,-0.678157389163971,0.988548219203949,1.0,0.24829931972789115,0.3003875319970291,0.7774725274725275,0.9625850340136054,0.9858810609771278,0.39752407152682256,0.9829931972789115,0.9989675039898568,0.2002752924982794,0.9897959183673469,0.9994008441843011,2020-11,30,sliding180_unweighted,20260717,xgboost,platt,466050,0.005181847441261667,72635,0.004047635437461279,4.4444358348846436
0.9645540280757695,0.999342588253836,0.0005507255555130541,0.0022774769458919764,-0.6542637944221497,0.9881876111030579,1.0,0.24829931972789115,0.3003875319970291,0.7774725274725275,0.9625850340136054,0.9858810609771278,0.39752407152682256,0.9829931972789115,0.9989675039898568,0.2002752924982794,0.9897959183673469,0.9994008441843011,2020-11,30,sliding180_unweighted,20260717,xgboost,beta,466050,0.005181847441261667,72635,0.004047635437461279,4.4444358348846436
0.1595120885034689,0.9566100604882697,0.026191117241978645,0.14175845682621002,-5.92307710647583,0.3677382171154022,0.1357142857142857,0.07364341085271318,0.1046415482984537,0.2034383954154728,0.5503875968992248,0.7243586945832284,0.13681948424068768,0.7403100775193798,0.8925699886097844,0.07667502687208885,0.8294573643410853,0.9470199097795163,2020-12,0,capped_weighted,20260716,logistic,raw,350000,0.0249,139538,0.001848958706588886,0.5113301277160645
0.16089134765573107,0.9566161966970779,0.002324797213077545,0.009660579264163971,-1.5644162893295288,0.8034234046936035,0.15714285714285714,0.08527131782945736,0.12790207475371035,0.2034383954154728,0.5503875968992248,0.7243586945832284,0.13681948424068768,0.7403100775193798,0.8925699886097844,0.07667502687208885,0.8294573643410853,0.9470199097795163,2020-12,0,capped_weighted,20260716,logistic,platt,350000,0.0249,139538,0.001848958706588886,0.5113301277160645
0.16089127696314184,0.9566008631322105,0.0018741122912615538,0.008416219614446163,-1.283823013305664,0.7261981964111328,0.15714285714285714,0.08527131782945736,0.12790207475371035,0.2034383954154728,0.5503875968992248,0.7243586945832284,0.13681948424068768,0.7403100775193798,0.8925699886097844,0.07667502687208885,0.8294573643410853,0.9470199097795163,2020-12,0,capped_weighted,20260716,logistic,beta,350000,0.0249,139538,0.001848958706588886,0.5113301277160645
0.9627584637552034,0.9996222266005904,0.0008927904995613579,0.0035143212052064624,-3.21287104003481,1.092392506763281,1.0,0.5426356589147286,0.6615646398280045,0.3624641833810888,0.9806201550387597,0.9915353466533766,0.1833810888252149,0.9922480620155039,0.9998128790775146,0.09172339663203152,0.9922480620155039,0.9998128790775146,2020-12,0,capped_weighted,20260716,lightgbm,raw,350000,0.0249,139538,0.001848958706588886,2.447694778442383
0.9627584637552034,0.9996222266005903,0.0002347562122802908,0.0010235908511903387,0.46288017006476523,1.0385065838926493,1.0,0.5426356589147286,0.6615646398280045,0.3624641833810888,0.9806201550387597,0.9915353466533766,0.1833810888252149,0.9922480620155039,0.9998128790775146,0.09172339663203152,0.9922480620155039,0.9998128790775146,2020-12,0,capped_weighted,20260716,lightgbm,platt,350000,0.0249,139538,0.001848958706588886,2.447694778442383
0.9627584637552034,0.9996222266005903,0.00023586931442863316,0.0010575495591791306,-0.06406528920677473,0.9979457093042949,1.0,0.5426356589147286,0.6615646398280045,0.3624641833810888,0.9806201550387597,0.9915353466533766,0.1833810888252149,0.9922480620155039,0.9998128790775146,0.09172339663203152,0.9922480620155039,0.9998128790775146,2020-12,0,capped_weighted,20260716,lightgbm,beta,350000,0.0249,139538,0.001848958706588886,2.447694778442383
0.9680078869215986,0.9997347098477664,0.0006014973041601479,0.00244279601611197,-3.073570728302002,1.0064802169799805,1.0,0.5426356589147286,0.6368311649223304,0.3667621776504298,0.9922480620155039,0.9998128790775144,0.1833810888252149,0.9922480620155039,0.9998128790775144,0.0920816911501254,0.9961240310077519,0.9998763627376988,2020-12,0,capped_weighted,20260716,xgboost,raw,350000,0.0249,139538,0.001848958706588886,3.0200281143188477
0.9680078869215986,0.9997347098477664,0.00023818168847355992,0.0009349583415314555,-0.07724357396364212,0.9970122575759888,1.0,0.5426356589147286,0.6368311649223304,0.3667621776504298,0.9922480620155039,0.9998128790775144,0.1833810888252149,0.9922480620155039,0.9998128790775144,0.0920816911501254,0.9961240310077519,0.9998763627376988,2020-12,0,capped_weighted,20260716,xgboost,platt,350000,0.0249,139538,0.001848958706588886,3.0200281143188477
0.9680078869215984,0.9997347098477664,0.00023919921659398824,0.0009404022130183876,-0.07672712206840515,0.9970521330833435,1.0,0.5426356589147286,0.6368311649223304,0.3667621776504298,0.9922480620155039,0.9998128790775144,0.1833810888252149,0.9922480620155039,0.9998128790775144,0.0920816911501254,0.9961240310077519,0.9998763627376988,2020-12,0,capped_weighted,20260716,xgboost,beta,350000,0.0249,139538,0.001848958706588886,3.0200281143188477
0.15841948259641953,0.9561787726691868,0.025987083092331886,0.14067907631397247,-5.913383483886719,0.3683559000492096,0.1357142857142857,0.07364341085271318,0.11104489570116427,0.2034383954154728,0.5503875968992248,0.7243586945832284,0.13681948424068768,0.7403100775193798,0.8925699886097846,0.07667502687208885,0.8294573643410853,0.9470199097795159,2020-12,0,capped_weighted,20260717,logistic,raw,350000,0.0249,139538,0.001848958706588886,0.5215532779693604
0.160197678560662,0.9561871073382935,0.002332833828404546,0.009713919833302498,-1.589131474494934,0.7989264726638794,0.17142857142857143,0.09302325581395349,0.1393656933733545,0.2034383954154728,0.5503875968992248,0.7243586945832284,0.13681948424068768,0.7403100775193798,0.8925699886097843,0.07667502687208885,0.8294573643410853,0.9470199097795161,2020-12,0,capped_weighted,20260717,logistic,platt,350000,0.0249,139538,0.001848958706588886,0.5215532779693604
0.16019760896782373,0.956171467658701,0.0018779615638777614,0.008444198407232761,-1.2946709394454956,0.7225950956344604,0.15714285714285714,0.08527131782945736,0.13480067972861873,0.2034383954154728,0.5503875968992248,0.7243586945832284,0.13681948424068768,0.7403100775193798,0.8925699886097846,0.07667502687208885,0.8294573643410853,0.9470199097795159,2020-12,0,capped_weighted,20260717,logistic,beta,350000,0.0249,139538,0.001848958706588886,0.5215532779693604
0.9634929882201231,0.9996983935099226,0.0008767950163474419,0.0034678821827790105,-3.17547677543506,1.102544662046249,1.0,0.5426356589147286,0.6489829010729022,0.3638968481375358,0.9844961240310077,0.9976767531055274,0.1833810888252149,0.9922480620155039,0.9998128790775144,0.09172339663203152,0.9922480620155039,0.9998128790775146,2020-12,0,capped_weighted,20260717,lightgbm,raw,350000,0.0249,139538,0.001848958706588886,2.4561009407043457
0.963492988220123,0.9996983935099226,0.00023982703103892614,0.0010198646262836687,0.2826518644667822,0.9698392112701001,1.0,0.5426356589147286,0.6489829010729022,0.3638968481375358,0.9844961240310077,0.9976767531055274,0.1833810888252149,0.9922480620155039,0.9998128790775144,0.09172339663203152,0.9922480620155039,0.9998128790775146,2020-12,0,capped_weighted,20260717,lightgbm,platt,350000,0.0249,139538,0.001848958706588886,2.4561009407043457
0.963492988220123,0.9996983935099226,0.00024183441491014779,0.0010312812626903517,0.5809911742657158,1.0482894114604384,1.0,0.5426356589147286,0.6489829010729022,0.3638968481375358,0.9844961240310077,0.9976767531055274,0.1833810888252149,0.9922480620155039,0.9998128790775144,0.09172339663203152,0.9922480620155039,0.9998128790775146,2020-12,0,capped_weighted,20260717,lightgbm,beta,350000,0.0249,139538,0.001848958706588886,2.4561009407043457
0.9676622156472993,0.9996298794687185,0.0006011243094690144,0.0024127506185323,-3.0083446502685547,1.0131312608718872,1.0,0.5426356589147286,0.6386264913346221,0.3638968481375358,0.9844961240310077,0.9981156830997711,0.1833810888252149,0.9922480620155039,0.9998128790775146,0.09172339663203152,0.9922480620155039,0.9998128790775146,2020-12,0,capped_weighted,20260717,xgboost,raw,350000,0.0249,139538,0.001848958706588886,2.9771599769592285
0.9676622156472992,0.9996298794687185,0.0002315881720278412,0.0009490381344221532,-0.07804688066244125,0.9969496726989746,1.0,0.5426356589147286,0.6386264913346221,0.3638968481375358,0.9844961240310077,0.9981156830997711,0.1833810888252149,0.9922480620155039,0.9998128790775146,0.09172339663203152,0.9922480620155039,0.9998128790775146,2020-12,0,capped_weighted,20260717,xgboost,platt,350000,0.0249,139538,0.001848958706588886,2.9771599769592285
0.9676622156472992,0.9996298794687184,0.00023069680901244283,0.0009485983173362911,-0.07251555472612381,0.997367262840271,1.0,0.5426356589147286,0.6386264913346221,0.3638968481375358,0.9844961240310077,0.9981156830997711,0.1833810888252149,0.9922480620155039,0.9998128790775146,0.09172339663203152,0.9922480620155039,0.9998128790775146,2020-12,0,capped_weighted,20260717,xgboost,beta,350000,0.0249,139538,0.001848958706588886,2.9771599769592285
0.1597142215808331,0.9567279007431352,0.02191435731947422,0.12569601833820343,-5.834685325622559,0.3656276762485504,0.1357142857142857,0.07364341085271318,0.10798379296164595,0.20487106017191978,0.5542635658914729,0.7304097643537548,0.13896848137535817,0.751937984496124,0.9027662721516171,0.07631673235399498,0.8255813953488372,0.9413611491902856,2020-12,0,sliding180_weighted,20260716,logistic,raw,468116,0.004988079877637167,139538,0.001848958706588886,0.7024309635162354
0.16250916960841083,0.956741439362569,0.002342949854210019,0.009776605293154716,-1.6022149324417114,0.8020147681236267,0.17857142857142858,0.09689922480620156,0.14438239042621062,0.20487106017191978,0.5542635658914729,0.7304097643537548,0.13896848137535817,0.751937984496124,0.9027662721516171,0.07631673235399498,0.8255813953488372,0.9413611491902856,2020-12,0,sliding180_weighted,20260716,logistic,platt,468116,0.004988079877637167,139538,0.001848958706588886,0.7024309635162354
0.1625091455692088,0.9567473668567917,0.0018541398458182812,0.008341850712895393,-1.315501093864441,0.7253820896148682,0.17857142857142858,0.09689922480620156,0.14438239042621062,0.20487106017191978,0.5542635658914729,0.7304097643537548,0.13896848137535817,0.751937984496124,0.9027662721516171,0.07631673235399498,0.8255813953488372,0.9413611491902856,2020-12,0,sliding180_weighted,20260716,logistic,beta,468116,0.004988079877637167,139538,0.001848958706588886,0.7024309635162354
0.9458922226898693,0.9991635832565263,0.0003998120533594609,0.001656044136637078,-1.597280884198939,0.9290138577289886,1.0,0.5426356589147286,0.617273733890667,0.35673352435530087,0.9651162790697675,0.9827528498920354,0.1826647564469914,0.9883720930232558,0.993671472625364,0.09172339663203152,0.9922480620155039,0.9998128790775144,2020-12,0,sliding180_weighted,20260716,lightgbm,raw,468116,0.004988079877637167,139538,0.001848958706588886,3.1894209384918213
0.9458922226898694,0.9991635832565264,0.00030463858395830026,0.0013095425302774727,0.026986452925832283,0.9180680709950289,1.0,0.5426356589147286,0.617273733890667,0.35673352435530087,0.9651162790697675,0.9827528498920354,0.1826647564469914,0.9883720930232558,0.993671472625364,0.09172339663203152,0.9922480620155039,0.9998128790775144,2020-12,0,sliding180_weighted,20260716,lightgbm,platt,468116,0.004988079877637167,139538,0.001848958706588886,3.1894209384918213
0.9458922226898694,0.9991635832565264,0.0003033078327553771,0.0012954748078710984,-0.000902857117940933,0.9407190641216213,1.0,0.5426356589147286,0.617273733890667,0.35673352435530087,0.9651162790697675,0.9827528498920354,0.1826647564469914,0.9883720930232558,0.993671472625364,0.09172339663203152,0.9922480620155039,0.9998128790775144,2020-12,0,sliding180_weighted,20260716,lightgbm,beta,468116,0.004988079877637167,139538,0.001848958706588886,3.1894209384918213
0.9443287569169896,0.9990266108313408,0.0003773254866246134,0.001551710651256144,-1.312171459197998,0.9422010779380798,1.0,0.5426356589147286,0.6631416703061132,0.36103151862464183,0.9767441860465116,0.9894673097410291,0.1819484240687679,0.9844961240310077,0.9920685810580062,0.0920816911501254,0.9961240310077519,0.9998763627376988,2020-12,0,sliding180_weighted,20260716,xgboost,raw,468116,0.004988079877637167,139538,0.001848958706588886,4.43649697303772
0.9443287569169896,0.9990266108313408,0.0003188205882906914,0.001327070756815374,-0.06770028918981552,1.0358681678771973,1.0,0.5426356589147286,0.6631416703061132,0.36103151862464183,0.9767441860465116,0.9894673097410291,0.1819484240687679,0.9844961240310077,0.9920685810580062,0.0920816911501254,0.9961240310077519,0.9998763627376988,2020-12,0,sliding180_weighted,20260716,xgboost,platt,468116,0.004988079877637167,139538,0.001848958706588886,4.43649697303772
0.9443287569169897,0.9990266108313408,0.0003172619908582419,0.0013152301544323564,-0.0858161598443985,1.0028789043426514,1.0,0.5426356589147286,0.6631416703061132,0.36103151862464183,0.9767441860465116,0.9894673097410291,0.1819484240687679,0.9844961240310077,0.9920685810580062,0.0920816911501254,0.9961240310077519,0.9998763627376988,2020-12,0,sliding180_weighted,20260716,xgboost,beta,468116,0.004988079877637167,139538,0.001848958706588886,4.43649697303772
0.1597142215808331,0.9567279007431352,0.02191435731947422,0.12569601833820343,-5.834685325622559,0.3656276762485504,0.1357142857142857,0.07364341085271318,0.10798379296164595,0.20487106017191978,0.5542635658914729,0.7304097643537548,0.13896848137535817,0.751937984496124,0.9027662721516171,0.07631673235399498,0.8255813953488372,0.9413611491902856,2020-12,0,sliding180_weighted,20260717,logistic,raw,468116,0.004988079877637167,139538,0.001848958706588886,0.692763090133667
0.16250916960841083,0.956741439362569,0.002342949854210019,0.009776605293154716,-1.6022149324417114,0.8020147681236267,0.17857142857142858,0.09689922480620156,0.14438239042621062,0.20487106017191978,0.5542635658914729,0.7304097643537548,0.13896848137535817,0.751937984496124,0.9027662721516171,0.07631673235399498,0.8255813953488372,0.9413611491902856,2020-12,0,sliding180_weighted,20260717,logistic,platt,468116,0.004988079877637167,139538,0.001848958706588886,0.692763090133667
0.1625091455692088,0.9567473668567917,0.0018541398458182812,0.008341850712895393,-1.315501093864441,0.7253820896148682,0.17857142857142858,0.09689922480620156,0.14438239042621062,0.20487106017191978,0.5542635658914729,0.7304097643537548,0.13896848137535817,0.751937984496124,0.9027662721516171,0.07631673235399498,0.8255813953488372,0.9413611491902856,2020-12,0,sliding180_weighted,20260717,logistic,beta,468116,0.004988079877637167,139538,0.001848958706588886,0.692763090133667
0.9455084950090143,0.9993240152011007,0.00042536148952917996,0.00171456248452268,-1.7049910104223966,0.9324683400364443,1.0,0.5426356589147286,0.6288826705762021,0.36103151862464183,0.9767441860465116,0.9858651079916577,0.1833810888252149,0.9922480620155039,0.9998128790775146,0.09172339663203152,0.9922480620155039,0.9998128790775144,2020-12,0,sliding180_weighted,20260717,lightgbm,raw,468116,0.004988079877637167,139538,0.001848958706588886,3.3640120029449463
0.9455084950090145,0.9993240152011007,0.00030516778509029466,0.001283805744976705,0.01610024582671344,0.9410698983130346,1.0,0.5426356589147286,0.6288826705762021,0.36103151862464183,0.9767441860465116,0.9858651079916577,0.1833810888252149,0.9922480620155039,0.9998128790775146,0.09172339663203152,0.9922480620155039,0.9998128790775144,2020-12,0,sliding180_weighted,20260717,lightgbm,platt,468116,0.004988079877637167,139538,0.001848958706588886,3.3640120029449463
0.9455084950090145,0.9993240152011007,0.0003036117506697445,0.001274157920754309,-0.08038971977671654,0.9967635090402442,1.0,0.5426356589147286,0.6288826705762021,0.36103151862464183,0.9767441860465116,0.9858651079916577,0.1833810888252149,0.9922480620155039,0.9998128790775146,0.09172339663203152,0.9922480620155039,0.9998128790775144,2020-12,0,sliding180_weighted,20260717,lightgbm,beta,468116,0.004988079877637167,139538,0.001848958706588886,3.3640120029449463
0.9467599921655651,0.998863396025629,0.00038506960845552385,0.0015632003778591752,-1.4635593891143799,0.9146580696105957,1.0,0.5426356589147286,0.6292603841838397,0.36103151862464183,0.9767441860465116,0.991254700695798,0.1819484240687679,0.9844961240310077,0.9920685810580062,0.0920816911501254,0.9961240310077519,0.999876362737699,2020-12,0,sliding180_weighted,20260717,xgboost,raw,468116,0.004988079877637167,139538,0.001848958706588886,4.11883282661438
0.9467599921655651,0.998863396025629,0.0003075336280744523,0.0012914394028484821,-0.0722350999712944,1.0321598052978516,1.0,0.5426356589147286,0.6292603841838397,0.36103151862464183,0.9767441860465116,0.991254700695798,0.1819484240687679,0.9844961240310077,0.9920685810580062,0.0920816911501254,0.9961240310077519,0.999876362737699,2020-12,0,sliding180_weighted,20260717,xgboost,platt,468116,0.004988079877637167,139538,0.001848958706588886,4.11883282661438
0.9467599921655651,0.998863396025629,0.0003072699182666838,0.0012845805613324046,-0.08648499846458435,0.9962531328201294,1.0,0.5426356589147286,0.6292603841838397,0.36103151862464183,0.9767441860465116,0.991254700695798,0.1819484240687679,0.9844961240310077,0.9920685810580062,0.0920816911501254,0.9961240310077519,0.999876362737699,2020-12,0,sliding180_weighted,20260717,xgboost,beta,468116,0.004988079877637167,139538,0.001848958706588886,4.11883282661438
0.24257422980710508,0.9087794816308902,0.001724987872876227,0.010779990814626217,-2.262896776199341,0.6051665544509888,0.44285714285714284,0.24031007751937986,0.36864805594044103,0.21060171919770773,0.5697674418604651,0.7708462343561666,0.11819484240687679,0.6395348837209303,0.8449142361257735,0.06377642422070942,0.689922480620155,0.8888119826542236,2020-12,0,sliding180_unweighted,20260716,logistic,raw,468116,0.004988079877637167,139538,0.001848958706588886,0.7249312400817871
0.24237156476175875,0.9087794259736675,0.0017210027435794473,0.010724339634180069,-2.261608839035034,0.5860486626625061,0.44285714285714284,0.24031007751937986,0.36864805594044103,0.21060171919770773,0.5697674418604651,0.7708462343561666,0.11819484240687679,0.6395348837209303,0.8449142361257735,0.06377642422070942,0.689922480620155,0.8888119826542236,2020-12,0,sliding180_unweighted,20260716,logistic,platt,468116,0.004988079877637167,139538,0.001848958706588886,0.7249312400817871
0.24237156476175875,0.9087794259736675,0.0016246327431872487,0.008652844466269016,-1.015439510345459,0.7779703736305237,0.44285714285714284,0.24031007751937986,0.36864805594044103,0.21060171919770773,0.5697674418604651,0.7708462343561666,0.11819484240687679,0.6395348837209303,0.8449142361257735,0.06377642422070942,0.689922480620155,0.8888119826542236,2020-12,0,sliding180_unweighted,20260716,logistic,beta,468116,0.004988079877637167,139538,0.001848958706588886,0.7249312400817871
0.8926902617538474,0.9972189198936723,0.0005040002995537331,0.002511741631467241,-0.03279609270312962,0.6683032255647935,0.9785714285714285,0.5310077519379846,0.6005498280131286,0.3524355300859599,0.9534883720930233,0.9797479330258723,0.18051575931232092,0.9767441860465116,0.9858301778080962,0.09136510211393765,0.9883720930232558,0.9997158822797548,2020-12,0,sliding180_unweighted,20260716,lightgbm,raw,468116,0.004988079877637167,139538,0.001848958706588886,3.0461812019348145
0.8926902617538474,0.9972189198936723,0.0005056671125746719,0.0021924822009447274,-0.9791557605907734,0.915157893421994,0.9785714285714285,0.5310077519379846,0.6005498280131286,0.3524355300859599,0.9534883720930233,0.9797479330258723,0.18051575931232092,0.9767441860465116,0.9858301778080962,0.09136510211393765,0.9883720930232558,0.9997158822797548,2020-12,0,sliding180_unweighted,20260716,lightgbm,platt,468116,0.004988079877637167,139538,0.001848958706588886,3.0461812019348145
0.8926902617538474,0.9972189198936723,0.000523371736725735,0.0021354194736501954,-0.8397298908751155,0.9501271349373444,0.9785714285714285,0.5310077519379846,0.6005498280131286,0.3524355300859599,0.9534883720930233,0.9797479330258723,0.18051575931232092,0.9767441860465116,0.9858301778080962,0.09136510211393765,0.9883720930232558,0.9997158822797548,2020-12,0,sliding180_unweighted,20260716,lightgbm,beta,468116,0.004988079877637167,139538,0.001848958706588886,3.0461812019348145
0.9316695270822196,0.9983804583038349,0.00033828974119387567,0.0014915051870048046,-0.08073683083057404,0.9903544187545776,1.0,0.5426356589147286,0.6675839677684389,0.3524355300859599,0.9534883720930233,0.9800876698010782,0.17979942693409742,0.9728682170542635,0.9839807202391293,0.09172339663203152,0.9922480620155039,0.9998128790775144,2020-12,0,sliding180_unweighted,20260716,xgboost,raw,468116,0.004988079877637167,139538,0.001848958706588886,3.6567296981811523
0.9316695270822196,0.9983804583038349,0.00034242021501995623,0.0015166315715759993,-0.11404988914728165,1.0546391010284424,1.0,0.5426356589147286,0.6675839677684389,0.3524355300859599,0.9534883720930233,0.9800876698010782,0.17979942693409742,0.9728682170542635,0.9839807202391293,0.09172339663203152,0.9922480620155039,0.9998128790775144,2020-12,0,sliding180_unweighted,20260716,xgboost,platt,468116,0.004988079877637167,139538,0.001848958706588886,3.6567296981811523
0.9316695270822196,0.9983804583038349,0.0003424166061449796,0.0015192136634141207,-0.11339147388935089,1.0553712844848633,1.0,0.5426356589147286,0.6675839677684389,0.3524355300859599,0.9534883720930233,0.9800876698010782,0.17979942693409742,0.9728682170542635,0.9839807202391293,0.09172339663203152,0.9922480620155039,0.9998128790775144,2020-12,0,sliding180_unweighted,20260716,xgboost,beta,468116,0.004988079877637167,139538,0.001848958706588886,3.6567296981811523
0.24257422980710508,0.9087794816308902,0.001724987872876227,0.010779990814626217,-2.262896776199341,0.6051665544509888,0.44285714285714284,0.24031007751937986,0.36864805594044103,0.21060171919770773,0.5697674418604651,0.7708462343561666,0.11819484240687679,0.6395348837209303,0.8449142361257735,0.06377642422070942,0.689922480620155,0.8888119826542236,2020-12,0,sliding180_unweighted,20260717,logistic,raw,468116,0.004988079877637167,139538,0.001848958706588886,0.7224042415618896
0.24237156476175875,0.9087794259736675,0.0017210027435794473,0.010724339634180069,-2.261608839035034,0.5860486626625061,0.44285714285714284,0.24031007751937986,0.36864805594044103,0.21060171919770773,0.5697674418604651,0.7708462343561666,0.11819484240687679,0.6395348837209303,0.8449142361257735,0.06377642422070942,0.689922480620155,0.8888119826542236,2020-12,0,sliding180_unweighted,20260717,logistic,platt,468116,0.004988079877637167,139538,0.001848958706588886,0.7224042415618896
0.24237156476175875,0.9087794259736675,0.0016246327431872487,0.008652844466269016,-1.015439510345459,0.7779703736305237,0.44285714285714284,0.24031007751937986,0.36864805594044103,0.21060171919770773,0.5697674418604651,0.7708462343561666,0.11819484240687679,0.6395348837209303,0.8449142361257735,0.06377642422070942,0.689922480620155,0.8888119826542236,2020-12,0,sliding180_unweighted,20260717,logistic,beta,468116,0.004988079877637167,139538,0.001848958706588886,0.7224042415618896
0.9037573668286883,0.9984270155706647,0.00046328314324172945,0.0022342392559116615,-0.4718878070270976,0.6581293773950968,1.0,0.5426356589147286,0.6176420241424959,0.3495702005730659,0.9457364341085271,0.9689667637532108,0.1812320916905444,0.9806201550387597,0.997185250705193,0.09100680759584379,0.9844961240310077,0.9972473173193911,2020-12,0,sliding180_unweighted,20260717,lightgbm,raw,468116,0.004988079877637167,139538,0.001848958706588886,3.0175089836120605
0.9037573668286882,0.9984270155706647,0.0004467330745622709,0.001947416075020847,-0.1455203647244417,1.0722136814537935,1.0,0.5426356589147286,0.6176420241424959,0.3495702005730659,0.9457364341085271,0.9689667637532108,0.1812320916905444,0.9806201550387597,0.997185250705193,0.09100680759584379,0.9844961240310077,0.9972473173193911,2020-12,0,sliding180_unweighted,20260717,lightgbm,platt,468116,0.004988079877637167,139538,0.001848958706588886,3.0175089836120605
0.9037573668286882,0.9984270155706647,0.0004789650720106496,0.0019996735046187773,-0.5531917663425723,1.029415330516498,1.0,0.5426356589147286,0.6176420241424959,0.3495702005730659,0.9457364341085271,0.9689667637532108,0.1812320916905444,0.9806201550387597,0.997185250705193,0.09100680759584379,0.9844961240310077,0.9972473173193911,2020-12,0,sliding180_unweighted,20260717,lightgbm,beta,468116,0.004988079877637167,139538,0.001848958706588886,3.0175089836120605
0.9247377611640151,0.9979480016830744,0.00035686141927726567,0.0015708828577771783,-0.08630255609750748,0.9962689876556396,0.9928571428571429,0.5387596899224806,0.6215080798545092,0.3524355300859599,0.9534883720930233,0.9802433323026686,0.1812320916905444,0.9806201550387597,0.9969559726646161,0.09172339663203152,0.9922480620155039,0.9998128790775144,2020-12,0,sliding180_unweighted,20260717,xgboost,raw,468116,0.004988079877637167,139538,0.001848958706588886,3.570741891860962
0.924737761164015,0.9979480016830744,0.0003614836896304041,0.0015938885044306517,-0.11340773850679398,1.0461746454238892,0.9928571428571429,0.5387596899224806,0.6215080798545092,0.3524355300859599,0.9534883720930233,0.9802433323026686,0.1812320916905444,0.9806201550387597,0.9969559726646161,0.09172339663203152,0.9922480620155039,0.9998128790775144,2020-12,0,sliding180_unweighted,20260717,xgboost,platt,468116,0.004988079877637167,139538,0.001848958706588886,3.570741891860962
0.9247377611640148,0.9979480016830744,0.0003660722286440432,0.001611744868569076,-0.12346044182777405,1.058397889137268,0.9928571428571429,0.5387596899224806,0.6215080798545092,0.3524355300859599,0.9534883720930233,0.9802433323026686,0.1812320916905444,0.9806201550387597,0.9969559726646161,0.09172339663203152,0.9922480620155039,0.9998128790775144,2020-12,0,sliding180_unweighted,20260717,xgboost,beta,468116,0.004988079877637167,139538,0.001848958706588886,3.570741891860962
0.15946020037303488,0.9565751494953003,0.026097603142261505,0.14138011634349823,-5.921014785766602,0.3676064908504486,0.17142857142857143,0.09302325581395349,0.14167533662635928,0.2034383954154728,0.5503875968992248,0.7243586945832284,0.13681948424068768,0.7403100775193798,0.8925699886097845,0.07667502687208885,0.8294573643410853,0.9470199097795163,2020-12,7,capped_weighted,20260716,logistic,raw,350000,0.0249,139538,0.001848958706588886,0.5186378955841064
0.16083945952529705,0.9565812717898028,0.0023254500702023506,0.009662739932537079,-1.565412998199463,0.8031932711601257,0.19285714285714287,0.10465116279069768,0.16125643232599315,0.2034383954154728,0.5503875968992248,0.7243586945832284,0.13681948424068768,0.7403100775193798,0.8925699886097845,0.07667502687208885,0.8294573643410853,0.9470199097795163,2020-12,7,capped_weighted,20260716,logistic,platt,350000,0.0249,139538,0.001848958706588886,0.5186378955841064
0.1608393892517,0.9565664113113288,0.0018738817889243364,0.00841804314404726,-1.2858757972717285,0.7240599393844604,0.19285714285714287,0.10465116279069768,0.16125643232599315,0.2034383954154728,0.5503875968992248,0.7243586945832284,0.13681948424068768,0.7403100775193798,0.8925699886097845,0.07667502687208885,0.8294573643410853,0.9470199097795163,2020-12,7,capped_weighted,20260716,logistic,beta,350000,0.0249,139538,0.001848958706588886,0.5186378955841064
0.9588483149448407,0.999656594935638,0.0009439747371229407,0.0037409347859697476,-3.2503781105427927,1.0636058544549936,1.0,0.5426356589147286,0.6672970159562214,0.3638968481375358,0.9844961240310077,0.9976767531055272,0.1833810888252149,0.9922480620155039,0.9998128790775146,0.09172339663203152,0.9922480620155039,0.9998128790775146,2020-12,7,capped_weighted,20260716,lightgbm,raw,350000,0.0249,139538,0.001848958706588886,2.3155770301818848
0.9588483149448409,0.999656594935638,0.00025545714984386025,0.001075247105058944,-0.02415256316892079,1.0553456736429776,1.0,0.5426356589147286,0.6672970159562214,0.3638968481375358,0.9844961240310077,0.9976767531055272,0.1833810888252149,0.9922480620155039,0.9998128790775146,0.09172339663203152,0.9922480620155039,0.9998128790775146,2020-12,7,capped_weighted,20260716,lightgbm,platt,350000,0.0249,139538,0.001848958706588886,2.3155770301818848
0.9588483149448407,0.999656594935638,0.0002572996792430544,0.001113557824074146,-0.046495429164891564,0.9737001462555956,1.0,0.5426356589147286,0.6672970159562214,0.3638968481375358,0.9844961240310077,0.9976767531055272,0.1833810888252149,0.9922480620155039,0.9998128790775146,0.09172339663203152,0.9922480620155039,0.9998128790775146,2020-12,7,capped_weighted,20260716,lightgbm,beta,350000,0.0249,139538,0.001848958706588886,2.3155770301818848
0.9668827156002217,0.9996277923228654,0.0005634953267872334,0.0023216851986944675,-2.9779365062713623,0.9948744773864746,1.0,0.5426356589147286,0.6392303654816668,0.3653295128939828,0.9883720930232558,0.9988674968477812,0.1833810888252149,0.9922480620155039,0.9998128790775146,0.09172339663203152,0.9922480620155039,0.9998128790775146,2020-12,7,capped_weighted,20260716,xgboost,raw,350000,0.0249,139538,0.001848958706588886,3.270341157913208
0.9668827156002218,0.9996277923228652,0.00023549173783976585,0.0009563712519593537,-0.07609966397285461,0.9971002340316772,1.0,0.5426356589147286,0.6392303654816668,0.3653295128939828,0.9883720930232558,0.9988674968477812,0.1833810888252149,0.9922480620155039,0.9998128790775146,0.09172339663203152,0.9922480620155039,0.9998128790775146,2020-12,7,capped_weighted,20260716,xgboost,platt,350000,0.0249,139538,0.001848958706588886,3.270341157913208
0.9668827156002218,0.9996277923228652,0.00023550163314212114,0.0009606517269276083,-0.05678050220012665,0.9705192446708679,1.0,0.5426356589147286,0.6392303654816668,0.3653295128939828,0.9883720930232558,0.9988674968477812,0.1833810888252149,0.9922480620155039,0.9998128790775146,0.09172339663203152,0.9922480620155039,0.9998128790775146,2020-12,7,capped_weighted,20260716,xgboost,beta,350000,0.0249,139538,0.001848958706588886,3.270341157913208
0.1582854478930719,0.9562548282640735,0.025869520381093025,0.14025790989398956,-5.911490440368652,0.3680295944213867,0.12857142857142856,0.06976744186046512,0.09669333736152272,0.2034383954154728,0.5503875968992248,0.7243586945832284,0.13681948424068768,0.7403100775193798,0.8925699886097845,0.07667502687208885,0.8294573643410853,0.9470199097795161,2020-12,7,capped_weighted,20260717,logistic,raw,350000,0.0249,139538,0.001848958706588886,0.41140294075012207
0.16006363916118702,0.9562631490188744,0.002332923235371709,0.009712861850857735,-1.5872797966003418,0.7993209958076477,0.15714285714285714,0.08527131782945736,0.13158448130590428,0.2034383954154728,0.5503875968992248,0.7243586945832284,0.13681948424068768,0.7403100775193798,0.8925699886097843,0.07667502687208885,0.8294573643410853,0.9470199097795161,2020-12,7,capped_weighted,20260717,logistic,platt,350000,0.0249,139538,0.001848958706588886,0.41140294075012207
0.16006357264091672,0.95624635445191,0.001877479488030076,0.008442990481853485,-1.291465163230896,0.7233041524887085,0.15714285714285714,0.08527131782945736,0.13158448130590428,0.2034383954154728,0.5503875968992248,0.7243586945832284,0.13681948424068768,0.7403100775193798,0.8925699886097843,0.07667502687208885,0.8294573643410853,0.9470199097795161,2020-12,7,capped_weighted,20260717,logistic,beta,350000,0.0249,139538,0.001848958706588886,0.41140294075012207
0.9652459504393288,0.9997089127250222,0.0008608506701242557,0.0034357422929536755,-3.2359209120023413,1.099192883566328,1.0,0.5426356589147286,0.6570244953403278,0.3638968481375358,0.9844961240310077,0.997676753105527,0.1833810888252149,0.9922480620155039,0.9998128790775146,0.09172339663203152,0.9922480620155039,0.9998128790775146,2020-12,7,capped_weighted,20260717,lightgbm,raw,350000,0.0249,139538,0.001848958706588886,2.667958974838257
0.9652459504393288,0.9997089127250223,0.00022881491613842278,0.000981354170179347,0.028521091551674232,0.9732288089953256,1.0,0.5426356589147286,0.6570244953403278,0.3638968481375358,0.9844961240310077,0.997676753105527,0.1833810888252149,0.9922480620155039,0.9998128790775146,0.09172339663203152,0.9922480620155039,0.9998128790775146,2020-12,7,capped_weighted,20260717,lightgbm,platt,350000,0.0249,139538,0.001848958706588886,2.667958974838257
0.9652459504393288,0.9997089127250223,0.00022841646344948317,0.0010029881165917822,-0.06439237278047619,0.9979246576408964,1.0,0.5426356589147286,0.6570244953403278,0.3638968481375358,0.9844961240310077,0.997676753105527,0.1833810888252149,0.9922480620155039,0.9998128790775146,0.09172339663203152,0.9922480620155039,0.9998128790775146,2020-12,7,capped_weighted,20260717,lightgbm,beta,350000,0.0249,139538,0.001848958706588886,2.667958974838257
0.9649063465357164,0.9995332307014146,0.0005936846719123423,0.002396364463493228,-2.9101383686065674,1.006485939025879,1.0,0.5426356589147286,0.6512381297600345,0.3638968481375358,0.9844961240310077,0.9981156830997711,0.1833810888252149,0.9922480620155039,0.9998128790775146,0.0920816911501254,0.9961240310077519,0.9998763627376988,2020-12,7,capped_weighted,20260717,xgboost,raw,350000,0.0249,139538,0.001848958706588886,3.1329290866851807
0.9649063465357164,0.9995332307014146,0.00024647326790727675,0.000999023555777967,-0.07812011986970901,0.9969439506530762,1.0,0.5426356589147286,0.6512381297600345,0.3638968481375358,0.9844961240310077,0.9981156830997711,0.1833810888252149,0.9922480620155039,0.9998128790775146,0.0920816911501254,0.9961240310077519,0.9998763627376988,2020-12,7,capped_weighted,20260717,xgboost,platt,350000,0.0249,139538,0.001848958706588886,3.1329290866851807
0.9649063465357165,0.9995332307014145,0.00024506126646883786,0.0009964338969439268,-0.05652531608939171,0.976556122303009,1.0,0.5426356589147286,0.6512381297600345,0.3638968481375358,0.9844961240310077,0.9981156830997711,0.1833810888252149,0.9922480620155039,0.9998128790775146,0.0920816911501254,0.9961240310077519,0.9998763627376988,2020-12,7,capped_weighted,20260717,xgboost,beta,350000,0.0249,139538,0.001848958706588886,3.1329290866851807
0.15972147610452683,0.9567256466256138,0.02183660864830017,0.1253708451986313,-5.833152770996094,0.3655397891998291,0.15,0.08139534883720931,0.12326500432057319,0.20487106017191978,0.5542635658914729,0.7304097643537548,0.13896848137535817,0.751937984496124,0.9027662721516171,0.07631673235399498,0.8255813953488372,0.9413611491902858,2020-12,7,sliding180_weighted,20260716,logistic,raw,468116,0.004988079877637167,139538,0.001848958706588886,0.6832590103149414
0.16251642466549687,0.9567391713307419,0.0023420590441673994,0.009771064855158329,-1.5988339185714722,0.8018970489501953,0.2,0.10852713178294573,0.16642269858269895,0.20487106017191978,0.5542635658914729,0.7304097643537548,0.13896848137535817,0.751937984496124,0.9027662721516171,0.07631673235399498,0.8255813953488372,0.9413611491902858,2020-12,7,sliding180_weighted,20260716,logistic,platt,468116,0.004988079877637167,139538,0.001848958706588886,0.6832590103149414
0.16251640014461985,0.9567452518823272,0.0018538048025220633,0.008340158499777317,-1.2799513339996338,0.7293952107429504,0.2,0.10852713178294573,0.16642269858269895,0.20487106017191978,0.5542635658914729,0.7304097643537548,0.13896848137535817,0.751937984496124,0.9027662721516171,0.07631673235399498,0.8255813953488372,0.9413611491902858,2020-12,7,sliding180_weighted,20260716,logistic,beta,468116,0.004988079877637167,139538,0.001848958706588886,0.6832590103149414
0.9470855923831284,0.9991173321044219,0.0004154325611385774,0.0016564397949274947,-1.5962517544318104,0.9381361675097665,1.0,0.5426356589147286,0.6509903592693372,0.35816618911174786,0.9689922480620154,0.9828149165062335,0.1833810888252149,0.9922480620155039,0.9998128790775146,0.09172339663203152,0.9922480620155039,0.9998128790775146,2020-12,7,sliding180_weighted,20260716,lightgbm,raw,468116,0.004988079877637167,139538,0.001848958706588886,3.256240129470825
0.9470855923831283,0.9991173321044219,0.0003039184947082538,0.0012998726722330608,0.036926813996021005,0.9161548560680366,1.0,0.5426356589147286,0.6509903592693372,0.35816618911174786,0.9689922480620154,0.9828149165062335,0.1833810888252149,0.9922480620155039,0.9998128790775146,0.09172339663203152,0.9922480620155039,0.9998128790775146,2020-12,7,sliding180_weighted,20260716,lightgbm,platt,468116,0.004988079877637167,139538,0.001848958706588886,3.256240129470825
0.9470855923831283,0.9991173321044219,0.00030243879711677664,0.0012839163261519472,0.0055053677382032665,0.9369993440623648,1.0,0.5426356589147286,0.6509903592693372,0.35816618911174786,0.9689922480620154,0.9828149165062335,0.1833810888252149,0.9922480620155039,0.9998128790775146,0.09172339663203152,0.9922480620155039,0.9998128790775146,2020-12,7,sliding180_weighted,20260716,lightgbm,beta,468116,0.004988079877637167,139538,0.001848958706588886,3.256240129470825
0.9493764762444473,0.998618810360258,0.0003601911594159901,0.0014706134097650647,-1.2653813362121582,0.9565187692642212,1.0,0.5426356589147286,0.6377078912740293,0.3624641833810888,0.9806201550387597,0.9913167673099961,0.1826647564469914,0.9883720930232558,0.998867496847781,0.0920816911501254,0.9961240310077519,0.9998763627376988,2020-12,7,sliding180_weighted,20260716,xgboost,raw,468116,0.004988079877637167,139538,0.001848958706588886,4.107923984527588
0.9493764762444473,0.9986188103602581,0.0003104960487689823,0.0012723527615889907,-0.06156133860349655,1.0460861921310425,1.0,0.5426356589147286,0.6377078912740293,0.3624641833810888,0.9806201550387597,0.9913167673099961,0.1826647564469914,0.9883720930232558,0.998867496847781,0.0920816911501254,0.9961240310077519,0.9998763627376988,2020-12,7,sliding180_weighted,20260716,xgboost,platt,468116,0.004988079877637167,139538,0.001848958706588886,4.107923984527588
0.9493764762444474,0.9986188103602581,0.00030800068634562194,0.0012569245882332325,-0.06903699785470963,1.034745693206787,1.0,0.5426356589147286,0.6377078912740293,0.3624641833810888,0.9806201550387597,0.9913167673099961,0.1826647564469914,0.9883720930232558,0.998867496847781,0.0920816911501254,0.9961240310077519,0.9998763627376988,2020-12,7,sliding180_weighted,20260716,xgboost,beta,468116,0.004988079877637167,139538,0.001848958706588886,4.107923984527588
0.15972147610452683,0.9567256466256138,0.02183660864830017,0.1253708451986313,-5.833152770996094,0.3655397891998291,0.15,0.08139534883720931,0.12326500432057319,0.20487106017191978,0.5542635658914729,0.7304097643537548,0.13896848137535817,0.751937984496124,0.9027662721516171,0.07631673235399498,0.8255813953488372,0.9413611491902858,2020-12,7,sliding180_weighted,20260717,logistic,raw,468116,0.004988079877637167,139538,0.001848958706588886,0.6908180713653564
0.16251642466549687,0.9567391713307419,0.0023420590441673994,0.009771064855158329,-1.5988339185714722,0.8018970489501953,0.2,0.10852713178294573,0.16642269858269895,0.20487106017191978,0.5542635658914729,0.7304097643537548,0.13896848137535817,0.751937984496124,0.9027662721516171,0.07631673235399498,0.8255813953488372,0.9413611491902858,2020-12,7,sliding180_weighted,20260717,logistic,platt,468116,0.004988079877637167,139538,0.001848958706588886,0.6908180713653564
0.16251640014461985,0.9567452518823272,0.0018538048025220633,0.008340158499777317,-1.2799513339996338,0.7293952107429504,0.2,0.10852713178294573,0.16642269858269895,0.20487106017191978,0.5542635658914729,0.7304097643537548,0.13896848137535817,0.751937984496124,0.9027662721516171,0.07631673235399498,0.8255813953488372,0.9413611491902858,2020-12,7,sliding180_weighted,20260717,logistic,beta,468116,0.004988079877637167,139538,0.001848958706588886,0.6908180713653564
0.9463527094516891,0.9991383983632324,0.00041719849176179776,0.0016893518453079527,-1.6574587534088219,0.9386161497646746,1.0,0.5426356589147286,0.65205335631593,0.36103151862464183,0.9767441860465116,0.9847364308636016,0.1826647564469914,0.9883720930232558,0.993671472625364,0.09172339663203152,0.9922480620155039,0.9998128790775146,2020-12,7,sliding180_weighted,20260717,lightgbm,raw,468116,0.004988079877637167,139538,0.001848958706588886,3.2815001010894775
0.9463527094516891,0.9991383983632324,0.0003054272912221344,0.001280810647798764,0.12419171685058938,0.9712127710054416,1.0,0.5426356589147286,0.65205335631593,0.36103151862464183,0.9767441860465116,0.9847364308636016,0.1826647564469914,0.9883720930232558,0.993671472625364,0.09172339663203152,0.9922480620155039,0.9998128790775146,2020-12,7,sliding180_weighted,20260717,lightgbm,platt,468116,0.004988079877637167,139538,0.001848958706588886,3.2815001010894775
0.9463527094516891,0.9991383983632324,0.00030509980813617194,0.001278580514805149,-0.012635870119864522,0.9521880408727711,1.0,0.5426356589147286,0.65205335631593,0.36103151862464183,0.9767441860465116,0.9847364308636016,0.1826647564469914,0.9883720930232558,0.993671472625364,0.09172339663203152,0.9922480620155039,0.9998128790775146,2020-12,7,sliding180_weighted,20260717,lightgbm,beta,468116,0.004988079877637167,139538,0.001848958706588886,3.2815001010894775
0.947338729661006,0.9992696937516976,0.00036585997440852225,0.0014774743467569351,-1.272771954536438,0.9461950063705444,0.9928571428571429,0.5387596899224806,0.6560277451935927,0.35959885386819485,0.9728682170542635,0.9911907919218178,0.1833810888252149,0.9922480620155039,0.9998128790775146,0.0920816911501254,0.9961240310077519,0.999876362737699,2020-12,7,sliding180_weighted,20260717,xgboost,raw,468116,0.004988079877637167,139538,0.001848958706588886,4.469377040863037
0.947338729661006,0.9992696937516975,0.00031073015998117626,0.0012930817902088165,0.5384641885757446,1.1327749490737915,0.9928571428571429,0.5387596899224806,0.6560277451935927,0.35959885386819485,0.9728682170542635,0.9911907919218178,0.1833810888252149,0.9922480620155039,0.9998128790775146,0.0920816911501254,0.9961240310077519,0.999876362737699,2020-12,7,sliding180_weighted,20260717,xgboost,platt,468116,0.004988079877637167,139538,0.001848958706588886,4.469377040863037
0.9473387296610059,0.9992696937516975,0.0003085607022512704,0.0012834640219807625,-0.08462166041135788,1.0030173063278198,0.9928571428571429,0.5387596899224806,0.6560277451935927,0.35959885386819485,0.9728682170542635,0.9911907919218178,0.1833810888252149,0.9922480620155039,0.9998128790775146,0.0920816911501254,0.9961240310077519,0.999876362737699,2020-12,7,sliding180_weighted,20260717,xgboost,beta,468116,0.004988079877637167,139538,0.001848958706588886,4.469377040863037
0.24272494254747484,0.9087851447533051,0.0017248939257115126,0.010781582444906235,-2.2566604614257812,0.6076417565345764,0.44285714285714284,0.24031007751937986,0.36864805594044103,0.21060171919770773,0.5697674418604651,0.7708462343561666,0.11819484240687679,0.6395348837209303,0.8449142361257737,0.06377642422070942,0.689922480620155,0.8888119826542236,2020-12,7,sliding180_unweighted,20260716,logistic,raw,468116,0.004988079877637167,139538,0.001848958706588886,0.7222919464111328
0.2425222775021285,0.9087850890960822,0.0017208418576046824,0.01072496548295021,-2.2629172801971436,0.586085855960846,0.44285714285714284,0.24031007751937986,0.36864805594044103,0.21060171919770773,0.5697674418604651,0.7708462343561666,0.11819484240687679,0.6395348837209303,0.8449142361257737,0.06377642422070942,0.689922480620155,0.8888119826542236,2020-12,7,sliding180_unweighted,20260716,logistic,platt,468116,0.004988079877637167,139538,0.001848958706588886,0.7222919464111328
0.24252227641078453,0.9087850751817765,0.0016244406579062343,0.008652794174849987,-1.0175615549087524,0.7769812941551208,0.44285714285714284,0.24031007751937986,0.36864805594044103,0.21060171919770773,0.5697674418604651,0.7708462343561666,0.11819484240687679,0.6395348837209303,0.8449142361257737,0.06377642422070942,0.689922480620155,0.8888119826542236,2020-12,7,sliding180_unweighted,20260716,logistic,beta,468116,0.004988079877637167,139538,0.001848958706588886,0.7222919464111328
0.8974155761106084,0.9982564261829386,0.0005157394056719156,0.0024272187661436625,-0.04403705936545258,0.672676368492668,0.9857142857142858,0.5348837209302325,0.6076158569713137,0.3538681948424069,0.9573643410852714,0.9766904437536189,0.17979942693409742,0.9728682170542635,0.9831015849092538,0.09136510211393765,0.9883720930232558,0.9997158822797548,2020-12,7,sliding180_unweighted,20260716,lightgbm,raw,468116,0.004988079877637167,139538,0.001848958706588886,3.0665831565856934
0.8974155761106083,0.9982564261829385,0.0005169326853195232,0.002126800144010638,-0.9337903896129975,0.9309375535690173,0.9857142857142858,0.5348837209302325,0.6076158569713137,0.3538681948424069,0.9573643410852714,0.9766904437536189,0.17979942693409742,0.9728682170542635,0.9831015849092538,0.09136510211393765,0.9883720930232558,0.9997158822797548,2020-12,7,sliding180_unweighted,20260716,lightgbm,platt,468116,0.004988079877637167,139538,0.001848958706588886,3.0665831565856934
0.8974155761106083,0.9982564261829385,0.0005304756025562155,0.0020958468313629682,-0.8519916588472315,0.9442747980653043,0.9857142857142858,0.5348837209302325,0.6076158569713137,0.3538681948424069,0.9573643410852714,0.9766904437536189,0.17979942693409742,0.9728682170542635,0.9831015849092538,0.09136510211393765,0.9883720930232558,0.9997158822797548,2020-12,7,sliding180_unweighted,20260716,lightgbm,beta,468116,0.004988079877637167,139538,0.001848958706588886,3.0665831565856934
0.9327289488859496,0.998186771168668,0.0003376280365046114,0.0014745703665539622,-0.0798276886343956,0.9896988272666931,1.0,0.5426356589147286,0.6511482181922065,0.3524355300859599,0.9534883720930233,0.980087669801078,0.17979942693409742,0.9728682170542635,0.9839807202391293,0.09172339663203152,0.9922480620155039,0.9998128790775146,2020-12,7,sliding180_unweighted,20260716,xgboost,raw,468116,0.004988079877637167,139538,0.001848958706588886,3.568115234375
0.9327289488859496,0.998186771168668,0.0003372610080987215,0.0014859650982543826,-0.10269033908843994,1.044106125831604,1.0,0.5426356589147286,0.6511482181922065,0.3524355300859599,0.9534883720930233,0.980087669801078,0.17979942693409742,0.9728682170542635,0.9839807202391293,0.09172339663203152,0.9922480620155039,0.9998128790775146,2020-12,7,sliding180_unweighted,20260716,xgboost,platt,468116,0.004988079877637167,139538,0.001848958706588886,3.568115234375
0.9327289488859496,0.998186771168668,0.0003373200888745487,0.0014893333427608013,-0.10377498716115952,1.0537959337234497,1.0,0.5426356589147286,0.6511482181922065,0.3524355300859599,0.9534883720930233,0.980087669801078,0.17979942693409742,0.9728682170542635,0.9839807202391293,0.09172339663203152,0.9922480620155039,0.9998128790775146,2020-12,7,sliding180_unweighted,20260716,xgboost,beta,468116,0.004988079877637167,139538,0.001848958706588886,3.568115234375
0.24272494254747484,0.9087851447533051,0.0017248939257115126,0.010781582444906235,-2.2566604614257812,0.6076417565345764,0.44285714285714284,0.24031007751937986,0.36864805594044103,0.21060171919770773,0.5697674418604651,0.7708462343561666,0.11819484240687679,0.6395348837209303,0.8449142361257737,0.06377642422070942,0.689922480620155,0.8888119826542236,2020-12,7,sliding180_unweighted,20260717,logistic,raw,468116,0.004988079877637167,139538,0.001848958706588886,0.7182059288024902
0.2425222775021285,0.9087850890960822,0.0017208418576046824,0.01072496548295021,-2.2629172801971436,0.586085855960846,0.44285714285714284,0.24031007751937986,0.36864805594044103,0.21060171919770773,0.5697674418604651,0.7708462343561666,0.11819484240687679,0.6395348837209303,0.8449142361257737,0.06377642422070942,0.689922480620155,0.8888119826542236,2020-12,7,sliding180_unweighted,20260717,logistic,platt,468116,0.004988079877637167,139538,0.001848958706588886,0.7182059288024902
0.24252227641078453,0.9087850751817765,0.0016244406579062343,0.008652794174849987,-1.0175615549087524,0.7769812941551208,0.44285714285714284,0.24031007751937986,0.36864805594044103,0.21060171919770773,0.5697674418604651,0.7708462343561666,0.11819484240687679,0.6395348837209303,0.8449142361257737,0.06377642422070942,0.689922480620155,0.8888119826542236,2020-12,7,sliding180_unweighted,20260717,logistic,beta,468116,0.004988079877637167,139538,0.001848958706588886,0.7182059288024902
0.9043996567548835,0.9989980586760705,0.0004644787264837237,0.0022195877904562272,-0.05672179471890533,0.68665371014293,1.0,0.5426356589147286,0.6306298174249612,0.3495702005730659,0.9457364341085271,0.9743611744137043,0.18051575931232092,0.9767441860465116,0.9968589758668566,0.0906485130777499,0.9806201550387597,0.9969210424810548,2020-12,7,sliding180_unweighted,20260717,lightgbm,raw,468116,0.004988079877637167,139538,0.001848958706588886,3.0334041118621826
0.9043996567548834,0.9989980586760705,0.00044573291647169525,0.0019041394565663535,-0.12308650283613713,1.0431661990433065,1.0,0.5426356589147286,0.6306298174249612,0.3495702005730659,0.9457364341085271,0.9743611744137043,0.18051575931232092,0.9767441860465116,0.9968589758668566,0.0906485130777499,0.9806201550387597,0.9969210424810548,2020-12,7,sliding180_unweighted,20260717,lightgbm,platt,468116,0.004988079877637167,139538,0.001848958706588886,3.0334041118621826
0.9043996567548834,0.9989980586760705,0.0004636982645174022,0.0019313169619411153,-0.16700825255450397,1.0535806540682806,1.0,0.5426356589147286,0.6306298174249612,0.3495702005730659,0.9457364341085271,0.9743611744137043,0.18051575931232092,0.9767441860465116,0.9968589758668566,0.0906485130777499,0.9806201550387597,0.9969210424810548,2020-12,7,sliding180_unweighted,20260717,lightgbm,beta,468116,0.004988079877637167,139538,0.001848958706588886,3.0334041118621826
0.9205405572835916,0.9974987087524322,0.00037337045068852603,0.0016227198066189885,-0.08558271080255508,0.9963310956954956,0.9928571428571429,0.5387596899224806,0.6228348600114441,0.3538681948424069,0.9573643410852714,0.9820678498622775,0.1819484240687679,0.9844961240310077,0.9927260903956308,0.09136510211393765,0.9883720930232558,0.9988674968477812,2020-12,7,sliding180_unweighted,20260717,xgboost,raw,468116,0.004988079877637167,139538,0.001848958706588886,3.543148994445801
0.9205405572835916,0.9974987087524322,0.00037565879756584764,0.0016343658789992332,-0.10314086079597473,1.0340831279754639,0.9928571428571429,0.5387596899224806,0.6228348600114441,0.3538681948424069,0.9573643410852714,0.9820678498622775,0.1819484240687679,0.9844961240310077,0.9927260903956308,0.09136510211393765,0.9883720930232558,0.9988674968477812,2020-12,7,sliding180_unweighted,20260717,xgboost,platt,468116,0.004988079877637167,139538,0.001848958706588886,3.543148994445801
0.9205405572835916,0.9974987087524322,0.000381936552003026,0.0016517547192052007,-0.11975041031837463,1.0445306301116943,0.9928571428571429,0.5387596899224806,0.6228348600114441,0.3538681948424069,0.9573643410852714,0.9820678498622775,0.1819484240687679,0.9844961240310077,0.9927260903956308,0.09136510211393765,0.9883720930232558,0.9988674968477812,2020-12,7,sliding180_unweighted,20260717,xgboost,beta,468116,0.004988079877637167,139538,0.001848958706588886,3.543148994445801
0.15949050448499083,0.9565398767303831,0.02594880200922489,0.14078298211097717,-5.918240547180176,0.36748751997947693,0.15,0.08139534883720931,0.11716072447326273,0.2034383954154728,0.5503875968992248,0.7243586945832284,0.13681948424068768,0.7403100775193798,0.8925699886097843,0.07667502687208885,0.8294573643410853,0.9470199097795161,2020-12,14,capped_weighted,20260716,logistic,raw,350000,0.0249,139538,0.001848958706588886,0.5470871925354004
0.160869763637253,0.9565459990248854,0.002324470551684499,0.009660097770392895,-1.5642977952957153,0.8033209443092346,0.15,0.08139534883720931,0.12763914187095982,0.2034383954154728,0.5503875968992248,0.7243586945832284,0.13681948424068768,0.7403100775193798,0.8925699886097843,0.07667502687208885,0.8294573643410853,0.9470199097795161,2020-12,14,capped_weighted,20260716,logistic,platt,350000,0.0249,139538,0.001848958706588886,0.5470871925354004
0.16086969310179156,0.9565309715747433,0.0018735581543296576,0.008420365862548351,-1.289048194885254,0.7242855429649353,0.15,0.08139534883720931,0.12763914187095982,0.2034383954154728,0.5503875968992248,0.7243586945832284,0.13681948424068768,0.7403100775193798,0.8925699886097843,0.07667502687208885,0.8294573643410853,0.9470199097795161,2020-12,14,capped_weighted,20260716,logistic,beta,350000,0.0249,139538,0.001848958706588886,0.5470871925354004
0.9616298004063609,0.9997001188838278,0.00092739764438409,0.0036610652174686132,-3.2373904325945717,1.0785505027537268,1.0,0.5426356589147286,0.6524876809107185,0.3638968481375358,0.9844961240310077,0.9976767531055274,0.1833810888252149,0.9922480620155039,0.9998128790775146,0.0920816911501254,0.9961240310077519,0.999876362737699,2020-12,14,capped_weighted,20260716,lightgbm,raw,350000,0.0249,139538,0.001848958706588886,2.429326057434082
0.9616298004063609,0.9997001188838278,0.0002518060730201215,0.0010425566936972214,0.20552803584635576,0.9823191292944882,1.0,0.5426356589147286,0.6524876809107185,0.3638968481375358,0.9844961240310077,0.9976767531055274,0.1833810888252149,0.9922480620155039,0.9998128790775146,0.0920816911501254,0.9961240310077519,0.999876362737699,2020-12,14,capped_weighted,20260716,lightgbm,platt,350000,0.0249,139538,0.001848958706588886,2.429326057434082
0.9616298004063609,0.9997001188838278,0.00025238384824413244,0.0010662116206399514,-0.04550484742249922,0.9861676867009443,1.0,0.5426356589147286,0.6524876809107185,0.3638968481375358,0.9844961240310077,0.9976767531055274,0.1833810888252149,0.9922480620155039,0.9998128790775146,0.0920816911501254,0.9961240310077519,0.999876362737699,2020-12,14,capped_weighted,20260716,lightgbm,beta,350000,0.0249,139538,0.001848958706588886,2.429326057434082
0.967281316709067,0.9995546865607844,0.0005917560192756355,0.0024091696832329035,-3.004227638244629,1.0047224760055542,1.0,0.5426356589147286,0.628424256199647,0.3653295128939828,0.9883720930232558,0.9988674968477812,0.1833810888252149,0.9922480620155039,0.9998128790775146,0.09172339663203152,0.9922480620155039,0.9998128790775144,2020-12,14,capped_weighted,20260716,xgboost,raw,350000,0.0249,139538,0.001848958706588886,3.5276081562042236
0.967281316709067,0.9995546865607843,0.00023766713275108486,0.0009560578619129956,-0.07719986885786057,0.997015655040741,1.0,0.5426356589147286,0.628424256199647,0.3653295128939828,0.9883720930232558,0.9988674968477812,0.1833810888252149,0.9922480620155039,0.9998128790775146,0.09172339663203152,0.9922480620155039,0.9998128790775144,2020-12,14,capped_weighted,20260716,xgboost,platt,350000,0.0249,139538,0.001848958706588886,3.5276081562042236
0.9672813167090669,0.9995546865607844,0.00023830174177419394,0.000960601435508579,-0.07743317633867264,0.9969975352287292,1.0,0.5426356589147286,0.628424256199647,0.3653295128939828,0.9883720930232558,0.9988674968477812,0.1833810888252149,0.9922480620155039,0.9998128790775146,0.09172339663203152,0.9922480620155039,0.9998128790775144,2020-12,14,capped_weighted,20260716,xgboost,beta,350000,0.0249,139538,0.001848958706588886,3.5276081562042236
0.1582071467096411,0.9562179275253908,0.025740040466189384,0.13974176347255707,-5.908735752105713,0.36788269877433777,0.15,0.08139534883720931,0.11798169006540231,0.2034383954154728,0.5503875968992248,0.7243586945832284,0.13681948424068768,0.7403100775193798,0.8925699886097843,0.07667502687208885,0.8294573643410853,0.9470199097795163,2020-12,14,capped_weighted,20260717,logistic,raw,350000,0.0249,139538,0.001848958706588886,0.5049872398376465
0.15957129054266958,0.9562242724487843,0.0023329202085733414,0.009713242761790752,-1.5865020751953125,0.7993698120117188,0.18571428571428572,0.10077519379844961,0.14937251786682432,0.2034383954154728,0.5503875968992248,0.7243586945832284,0.13681948424068768,0.7403100775193798,0.8925699886097843,0.07667502687208885,0.8294573643410853,0.9470199097795163,2020-12,14,capped_weighted,20260717,logistic,platt,350000,0.0249,139538,0.001848958706588886,0.5049872398376465
0.1595712240805884,0.95620728308154,0.0018773925257846713,0.0084450114518404,-1.294901728630066,0.721900224685669,0.18571428571428572,0.10077519379844961,0.14937251786682432,0.2034383954154728,0.5503875968992248,0.7243586945832284,0.13681948424068768,0.7403100775193798,0.8925699886097843,0.07667502687208885,0.8294573643410853,0.9470199097795163,2020-12,14,capped_weighted,20260717,logistic,beta,350000,0.0249,139538,0.001848958706588886,0.5049872398376465
0.962755880576086,0.9997041262038657,0.0009309424280638693,0.0036429848274521165,-3.264155968701813,1.0785561922185956,1.0,0.5426356589147286,0.6374660015241748,0.36103151862464183,0.9767441860465116,0.9950754817885502,0.1833810888252149,0.9922480620155039,0.9998128790775146,0.09172339663203152,0.9922480620155039,0.9998128790775146,2020-12,14,capped_weighted,20260717,lightgbm,raw,350000,0.0249,139538,0.001848958706588886,2.496220827102661
0.9627558805760859,0.9997041262038657,0.00023354127200744086,0.0010049635475687312,0.1733096667617576,0.988584348369005,1.0,0.5426356589147286,0.6374660015241748,0.36103151862464183,0.9767441860465116,0.9950754817885502,0.1833810888252149,0.9922480620155039,0.9998128790775146,0.09172339663203152,0.9922480620155039,0.9998128790775146,2020-12,14,capped_weighted,20260717,lightgbm,platt,350000,0.0249,139538,0.001848958706588886,2.496220827102661
0.962755880576086,0.9997041262038657,0.000234136435552123,0.0010373065580426106,-0.06394093767327798,0.9979536845412526,1.0,0.5426356589147286,0.6374660015241748,0.36103151862464183,0.9767441860465116,0.9950754817885502,0.1833810888252149,0.9922480620155039,0.9998128790775146,0.09172339663203152,0.9922480620155039,0.9998128790775146,2020-12,14,capped_weighted,20260717,lightgbm,beta,350000,0.0249,139538,0.001848958706588886,2.496220827102661
0.9646006299624906,0.9994878978934855,0.0005765239475294948,0.002316212747246027,-2.8484103679656982,1.0053149461746216,1.0,0.5426356589147286,0.6343104526696722,0.3638968481375358,0.9844961240310077,0.9981156830997712,0.1833810888252149,0.9922480620155039,0.9998128790775144,0.09172339663203152,0.9922480620155039,0.9998128790775144,2020-12,14,capped_weighted,20260717,xgboost,raw,350000,0.0249,139538,0.001848958706588886,3.345331907272339
0.9646006299624904,0.9994878978934854,0.0002516380336601287,0.001004061778075993,-0.07673134654760361,0.9970517754554749,1.0,0.5426356589147286,0.6343104526696722,0.3638968481375358,0.9844961240310077,0.9981156830997712,0.1833810888252149,0.9922480620155039,0.9998128790775144,0.09172339663203152,0.9922480620155039,0.9998128790775144,2020-12,14,capped_weighted,20260717,xgboost,platt,350000,0.0249,139538,0.001848958706588886,3.345331907272339
0.9646006299624905,0.9994878978934855,0.0002538691333029419,0.0010102922096848488,-0.08190049976110458,0.9966405034065247,1.0,0.5426356589147286,0.6343104526696722,0.3638968481375358,0.9844961240310077,0.9981156830997712,0.1833810888252149,0.9922480620155039,0.9998128790775144,0.09172339663203152,0.9922480620155039,0.9998128790775144,2020-12,14,capped_weighted,20260717,xgboost,beta,350000,0.0249,139538,0.001848958706588886,3.345331907272339
0.15977788874445478,0.9567435404227277,0.021800002083182335,0.1252027451992035,-5.832357406616211,0.36556276679039,0.14285714285714285,0.07751937984496124,0.12122693793083511,0.20487106017191978,0.5542635658914729,0.7304097643537548,0.13968481375358166,0.7558139534883721,0.9074181507153107,0.07631673235399498,0.8255813953488372,0.9413611491902858,2020-12,14,sliding180_weighted,20260716,logistic,raw,468116,0.004988079877637167,139538,0.001848958706588886,0.693378210067749
0.16257283772873643,0.9567570790421615,0.0023403388913720846,0.009763199836015701,-1.594429612159729,0.8019979596138,0.17857142857142858,0.09689922480620156,0.14727309338588118,0.20487106017191978,0.5542635658914729,0.7304097643537548,0.13968481375358166,0.7558139534883721,0.9074181507153107,0.07631673235399498,0.8255813953488372,0.9413611491902858,2020-12,14,sliding180_weighted,20260716,logistic,platt,468116,0.004988079877637167,139538,0.001848958706588886,0.693378210067749
0.1625728125259537,0.9567631874223582,0.001853468595072627,0.008337981067597866,-1.279572606086731,0.7292401790618896,0.17857142857142858,0.09689922480620156,0.14727309338588118,0.20487106017191978,0.5542635658914729,0.7304097643537548,0.13968481375358166,0.7558139534883721,0.9074181507153107,0.07631673235399498,0.8255813953488372,0.9413611491902858,2020-12,14,sliding180_weighted,20260716,logistic,beta,468116,0.004988079877637167,139538,0.001848958706588886,0.693378210067749
0.9450067268866115,0.9993642832017596,0.0004268287078347342,0.0017403988763485224,-1.7170374430155086,0.9367638067588839,1.0,0.5426356589147286,0.6234991711698026,0.35959885386819485,0.9728682170542635,0.9840056602484877,0.1833810888252149,0.9922480620155039,0.9998128790775146,0.09172339663203152,0.9922480620155039,0.9998128790775146,2020-12,14,sliding180_weighted,20260716,lightgbm,raw,468116,0.004988079877637167,139538,0.001848958706588886,3.46852707862854
0.9450067268866115,0.9993642832017596,0.00031122653499554695,0.0013076939102989714,0.01672915191006532,0.9253277951555261,1.0,0.5426356589147286,0.6234991711698026,0.35959885386819485,0.9728682170542635,0.9840056602484877,0.1833810888252149,0.9922480620155039,0.9998128790775146,0.09172339663203152,0.9922480620155039,0.9998128790775146,2020-12,14,sliding180_weighted,20260716,lightgbm,platt,468116,0.004988079877637167,139538,0.001848958706588886,3.46852707862854
0.9450067268866115,0.9993642832017596,0.00031110678435304,0.0013002683697775782,-0.02890279466665703,0.941195351018446,1.0,0.5426356589147286,0.6234991711698026,0.35959885386819485,0.9728682170542635,0.9840056602484877,0.1833810888252149,0.9922480620155039,0.9998128790775146,0.09172339663203152,0.9922480620155039,0.9998128790775146,2020-12,14,sliding180_weighted,20260716,lightgbm,beta,468116,0.004988079877637167,139538,0.001848958706588886,3.46852707862854
0.9459305988622787,0.9985190726170916,0.00038245838368311524,0.0015711506130173802,-1.3993266820907593,0.9235239028930664,1.0,0.5426356589147286,0.6493032243180962,0.36103151862464183,0.9767441860465116,0.9894673097410291,0.1819484240687679,0.9844961240310077,0.9920685810580062,0.09172339663203152,0.9922480620155039,0.9998128790775146,2020-12,14,sliding180_weighted,20260716,xgboost,raw,468116,0.004988079877637167,139538,0.001848958706588886,4.401570796966553
0.9459305988622787,0.9985190726170916,0.0003149264957755804,0.0013166236458346248,-0.07256021350622177,1.031445860862732,1.0,0.5426356589147286,0.6493032243180962,0.36103151862464183,0.9767441860465116,0.9894673097410291,0.1819484240687679,0.9844961240310077,0.9920685810580062,0.09172339663203152,0.9922480620155039,0.9998128790775146,2020-12,14,sliding180_weighted,20260716,xgboost,platt,468116,0.004988079877637167,139538,0.001848958706588886,4.401570796966553
0.9459305988622787,0.9985190726170917,0.0003139926993753761,0.0013091082219034433,-0.08702734112739563,1.002305269241333,1.0,0.5426356589147286,0.6493032243180962,0.36103151862464183,0.9767441860465116,0.9894673097410291,0.1819484240687679,0.9844961240310077,0.9920685810580062,0.09172339663203152,0.9922480620155039,0.9998128790775146,2020-12,14,sliding180_weighted,20260716,xgboost,beta,468116,0.004988079877637167,139538,0.001848958706588886,4.401570796966553
0.15977788874445478,0.9567435404227277,0.021800002083182335,0.1252027451992035,-5.832357406616211,0.36556276679039,0.14285714285714285,0.07751937984496124,0.12122693793083511,0.20487106017191978,0.5542635658914729,0.7304097643537548,0.13968481375358166,0.7558139534883721,0.9074181507153107,0.07631673235399498,0.8255813953488372,0.9413611491902858,2020-12,14,sliding180_weighted,20260717,logistic,raw,468116,0.004988079877637167,139538,0.001848958706588886,0.6968169212341309
0.16257283772873643,0.9567570790421615,0.0023403388913720846,0.009763199836015701,-1.594429612159729,0.8019979596138,0.17857142857142858,0.09689922480620156,0.14727309338588118,0.20487106017191978,0.5542635658914729,0.7304097643537548,0.13968481375358166,0.7558139534883721,0.9074181507153107,0.07631673235399498,0.8255813953488372,0.9413611491902858,2020-12,14,sliding180_weighted,20260717,logistic,platt,468116,0.004988079877637167,139538,0.001848958706588886,0.6968169212341309
0.1625728125259537,0.9567631874223582,0.001853468595072627,0.008337981067597866,-1.279572606086731,0.7292401790618896,0.17857142857142858,0.09689922480620156,0.14727309338588118,0.20487106017191978,0.5542635658914729,0.7304097643537548,0.13968481375358166,0.7558139534883721,0.9074181507153107,0.07631673235399498,0.8255813953488372,0.9413611491902858,2020-12,14,sliding180_weighted,20260717,logistic,beta,468116,0.004988079877637167,139538,0.001848958706588886,0.6968169212341309
0.9411563436998946,0.9991987307926924,0.000469287470975925,0.0018345755856427777,-1.7269963326633981,0.9211024772378814,1.0,0.5426356589147286,0.6329552607407126,0.35816618911174786,0.9689922480620154,0.9845773674516441,0.1819484240687679,0.9844961240310077,0.9936094060111657,0.09172339663203152,0.9922480620155039,0.9998128790775144,2020-12,14,sliding180_weighted,20260717,lightgbm,raw,468116,0.004988079877637167,139538,0.001848958706588886,3.45536208152771
0.9411563436998949,0.9991987307926924,0.0003144160153787517,0.0013663425597247134,0.010657317541864015,0.9346711710301705,1.0,0.5426356589147286,0.6329552607407126,0.35816618911174786,0.9689922480620154,0.9845773674516441,0.1819484240687679,0.9844961240310077,0.9936094060111657,0.09172339663203152,0.9922480620155039,0.9998128790775144,2020-12,14,sliding180_weighted,20260717,lightgbm,platt,468116,0.004988079877637167,139538,0.001848958706588886,3.45536208152771
0.9411563436998949,0.9991987307926924,0.00031341399066608943,0.0013601004226672065,-0.0010490923043686758,0.9428281177384901,1.0,0.5426356589147286,0.6329552607407126,0.35816618911174786,0.9689922480620154,0.9845773674516441,0.1819484240687679,0.9844961240310077,0.9936094060111657,0.09172339663203152,0.9922480620155039,0.9998128790775144,2020-12,14,sliding180_weighted,20260717,lightgbm,beta,468116,0.004988079877637167,139538,0.001848958706588886,3.45536208152771
0.9450004919899375,0.9990845221716113,0.0003681555390357971,0.0015130549436435103,-1.2583858966827393,0.9404798150062561,1.0,0.5426356589147286,0.6478835567967619,0.3624641833810888,0.9806201550387597,0.9913167673099961,0.1833810888252149,0.9922480620155039,0.9998128790775144,0.0920816911501254,0.9961240310077519,0.999876362737699,2020-12,14,sliding180_weighted,20260717,xgboost,raw,468116,0.004988079877637167,139538,0.001848958706588886,4.721036911010742
0.9450004919899375,0.9990845221716113,0.0003220720391254872,0.0013101620133966208,-0.08830985426902771,0.9960930347442627,1.0,0.5426356589147286,0.6478835567967619,0.3624641833810888,0.9806201550387597,0.9913167673099961,0.1833810888252149,0.9922480620155039,0.9998128790775144,0.0920816911501254,0.9961240310077519,0.999876362737699,2020-12,14,sliding180_weighted,20260717,xgboost,platt,468116,0.004988079877637167,139538,0.001848958706588886,4.721036911010742
0.9450004919899375,0.9990845221716113,0.0003203388478141278,0.0013066738611087203,-0.0873447060585022,0.996178150177002,1.0,0.5426356589147286,0.6478835567967619,0.3624641833810888,0.9806201550387597,0.9913167673099961,0.1833810888252149,0.9922480620155039,0.9998128790775144,0.0920816911501254,0.9961240310077519,0.999876362737699,2020-12,14,sliding180_weighted,20260717,xgboost,beta,468116,0.004988079877637167,139538,0.001848958706588886,4.721036911010742
0.24257401348391572,0.9088335247941796,0.0017253232654184103,0.010785797610878944,-2.260328769683838,0.606902003288269,0.44285714285714284,0.24031007751937986,0.36864805594044103,0.21060171919770773,0.5697674418604651,0.7708462343561666,0.11819484240687679,0.6395348837209303,0.8449142361257737,0.06413471873880329,0.6937984496124031,0.8934638612179171,2020-12,14,sliding180_unweighted,20260716,logistic,raw,468116,0.004988079877637167,139538,0.001848958706588886,0.7739791870117188
0.24257401348391577,0.9088335247941797,0.0017212840029969811,0.010728668421506882,-2.265688180923462,0.5859265923500061,0.44285714285714284,0.24031007751937986,0.36864805594044103,0.21060171919770773,0.5697674418604651,0.7708462343561666,0.11819484240687679,0.6395348837209303,0.8449142361257737,0.06413471873880329,0.6937984496124031,0.8934638612179171,2020-12,14,sliding180_unweighted,20260716,logistic,platt,468116,0.004988079877637167,139538,0.001848958706588886,0.7739791870117188
0.2425740132970553,0.908833510879874,0.0016240315744653344,0.00864869449287653,-1.0166245698928833,0.7772781252861023,0.44285714285714284,0.24031007751937986,0.36864805594044103,0.21060171919770773,0.5697674418604651,0.7708462343561666,0.11819484240687679,0.6395348837209303,0.8449142361257737,0.06413471873880329,0.6937984496124031,0.8934638612179171,2020-12,14,sliding180_unweighted,20260716,logistic,beta,468116,0.004988079877637167,139538,0.001848958706588886,0.7739791870117188
0.9059384819349315,0.9979183363833493,0.0004916614385721084,0.0022856780693022343,-0.036695400453741936,0.681026126560951,0.9857142857142858,0.5348837209302325,0.5980290449081712,0.35673352435530087,0.9651162790697675,0.9831917798862794,0.1819484240687679,0.9844961240310077,0.99291696648998,0.09136510211393765,0.9883720930232558,0.9997158822797548,2020-12,14,sliding180_unweighted,20260716,lightgbm,raw,468116,0.004988079877637167,139538,0.001848958706588886,3.2776949405670166
0.9059384819349315,0.9979183363833491,0.0004884057148550337,0.002019892010919331,-0.956049168224889,0.9096003198304431,0.9857142857142858,0.5348837209302325,0.5980290449081712,0.35673352435530087,0.9651162790697675,0.9831917798862794,0.1819484240687679,0.9844961240310077,0.99291696648998,0.09136510211393765,0.9883720930232558,0.9997158822797548,2020-12,14,sliding180_unweighted,20260716,lightgbm,platt,468116,0.004988079877637167,139538,0.001848958706588886,3.2776949405670166
0.9059384819349315,0.9979183363833491,0.0005008772636867614,0.0019604350771329775,-0.7683091132120373,0.9550575524652127,0.9857142857142858,0.5348837209302325,0.5980290449081712,0.35673352435530087,0.9651162790697675,0.9831917798862794,0.1819484240687679,0.9844961240310077,0.99291696648998,0.09136510211393765,0.9883720930232558,0.9997158822797548,2020-12,14,sliding180_unweighted,20260716,lightgbm,beta,468116,0.004988079877637167,139538,0.001848958706588886,3.2776949405670166
0.9292918704927616,0.9982815554190099,0.0003488293441478163,0.0015134090790525079,-0.0813862606883049,0.98921138048172,1.0,0.5426356589147286,0.6621719857377157,0.3538681948424069,0.9573643410852714,0.9819121873606868,0.18051575931232092,0.9767441860465116,0.9901221266912799,0.09172339663203152,0.9922480620155039,0.9998128790775146,2020-12,14,sliding180_unweighted,20260716,xgboost,raw,468116,0.004988079877637167,139538,0.001848958706588886,3.9485440254211426
0.9292918704927616,0.9982815554190099,0.00035259590367786586,0.0015350227477028966,-0.11199136823415756,1.0487147569656372,1.0,0.5426356589147286,0.6621719857377157,0.3538681948424069,0.9573643410852714,0.9819121873606868,0.18051575931232092,0.9767441860465116,0.9901221266912799,0.09172339663203152,0.9922480620155039,0.9998128790775146,2020-12,14,sliding180_unweighted,20260716,xgboost,platt,468116,0.004988079877637167,139538,0.001848958706588886,3.9485440254211426
0.9292918704927616,0.9982815554190098,0.0003525184583850205,0.0015354815404862165,-0.11093553155660629,1.0534212589263916,1.0,0.5426356589147286,0.6621719857377157,0.3538681948424069,0.9573643410852714,0.9819121873606868,0.18051575931232092,0.9767441860465116,0.9901221266912799,0.09172339663203152,0.9922480620155039,0.9998128790775146,2020-12,14,sliding180_unweighted,20260716,xgboost,beta,468116,0.004988079877637167,139538,0.001848958706588886,3.9485440254211426
0.24257401348391572,0.9088335247941796,0.0017253232654184103,0.010785797610878944,-2.260328769683838,0.606902003288269,0.44285714285714284,0.24031007751937986,0.36864805594044103,0.21060171919770773,0.5697674418604651,0.7708462343561666,0.11819484240687679,0.6395348837209303,0.8449142361257737,0.06413471873880329,0.6937984496124031,0.8934638612179171,2020-12,14,sliding180_unweighted,20260717,logistic,raw,468116,0.004988079877637167,139538,0.001848958706588886,0.7790601253509521
0.24257401348391577,0.9088335247941797,0.0017212840029969811,0.010728668421506882,-2.265688180923462,0.5859265923500061,0.44285714285714284,0.24031007751937986,0.36864805594044103,0.21060171919770773,0.5697674418604651,0.7708462343561666,0.11819484240687679,0.6395348837209303,0.8449142361257737,0.06413471873880329,0.6937984496124031,0.8934638612179171,2020-12,14,sliding180_unweighted,20260717,logistic,platt,468116,0.004988079877637167,139538,0.001848958706588886,0.7790601253509521
0.2425740132970553,0.908833510879874,0.0016240315744653344,0.00864869449287653,-1.0166245698928833,0.7772781252861023,0.44285714285714284,0.24031007751937986,0.36864805594044103,0.21060171919770773,0.5697674418604651,0.7708462343561666,0.11819484240687679,0.6395348837209303,0.8449142361257737,0.06413471873880329,0.6937984496124031,0.8934638612179171,2020-12,14,sliding180_unweighted,20260717,logistic,beta,468116,0.004988079877637167,139538,0.001848958706588886,0.7790601253509521
0.9092943842181737,0.9988195937913255,0.0004369945965132138,0.002140771884480306,-0.052190037696437756,0.691812483785673,0.9928571428571429,0.5387596899224806,0.6342018360948254,0.3495702005730659,0.9457364341085271,0.97362423964855,0.1826647564469914,0.9883720930232558,0.9988674968477812,0.09172339663203152,0.9922480620155039,0.9998128790775146,2020-12,14,sliding180_unweighted,20260717,lightgbm,raw,468116,0.004988079877637167,139538,0.001848958706588886,3.3447248935699463
0.9092943842181737,0.9988195937913255,0.00042297687723633336,0.0018430566978813853,-0.1200181735111133,1.048525634900873,0.9928571428571429,0.5387596899224806,0.6342018360948254,0.3495702005730659,0.9457364341085271,0.97362423964855,0.1826647564469914,0.9883720930232558,0.9988674968477812,0.09172339663203152,0.9922480620155039,0.9998128790775146,2020-12,14,sliding180_unweighted,20260717,lightgbm,platt,468116,0.004988079877637167,139538,0.001848958706588886,3.3447248935699463
0.9092943842181737,0.9988195937913255,0.0004461099175040717,0.0018775341954559946,-0.16280059872361938,1.0610236471451646,0.9928571428571429,0.5387596899224806,0.6342018360948254,0.3495702005730659,0.9457364341085271,0.97362423964855,0.1826647564469914,0.9883720930232558,0.9988674968477812,0.09172339663203152,0.9922480620155039,0.9998128790775146,2020-12,14,sliding180_unweighted,20260717,lightgbm,beta,468116,0.004988079877637167,139538,0.001848958706588886,3.3447248935699463
0.9272474812528253,0.9981215409036062,0.0003548067179508507,0.001534169539809227,-0.08606653660535812,0.9962893724441528,0.9928571428571429,0.5387596899224806,0.6371727438573183,0.35673352435530087,0.9651162790697675,0.9828835723842678,0.1819484240687679,0.9844961240310077,0.9927260903956308,0.09172339663203152,0.9922480620155039,0.9998128790775146,2020-12,14,sliding180_unweighted,20260717,xgboost,raw,468116,0.004988079877637167,139538,0.001848958706588886,4.135234117507935
0.9272474812528254,0.9981215409036062,0.0003555691218934953,0.001545695005916059,-0.09553872793912888,1.0452247858047485,0.9928571428571429,0.5387596899224806,0.6371727438573183,0.35673352435530087,0.9651162790697675,0.9828835723842678,0.1819484240687679,0.9844961240310077,0.9927260903956308,0.09172339663203152,0.9922480620155039,0.9998128790775146,2020-12,14,sliding180_unweighted,20260717,xgboost,platt,468116,0.004988079877637167,139538,0.001848958706588886,4.135234117507935
0.9272474812528254,0.9981215409036062,0.00035859859781339765,0.001551436260342598,-0.1081133559346199,1.0457522869110107,0.9928571428571429,0.5387596899224806,0.6371727438573183,0.35673352435530087,0.9651162790697675,0.9828835723842678,0.1819484240687679,0.9844961240310077,0.9927260903956308,0.09172339663203152,0.9922480620155039,0.9998128790775146,2020-12,14,sliding180_unweighted,20260717,xgboost,beta,468116,0.004988079877637167,139538,0.001848958706588886,4.135234117507935
0.15934858790364967,0.9565564625827623,0.025738753378391266,0.13999812304973602,-5.914253234863281,0.36715540289878845,0.14285714285714285,0.07751937984496124,0.11416763994108489,0.2034383954154728,0.5503875968992248,0.7243586945832284,0.13681948424068768,0.7403100775193798,0.8925699886097843,0.07667502687208885,0.8294573643410853,0.9470199097795161,2020-12,30,capped_weighted,20260716,logistic,raw,350000,0.0249,139538,0.001848958706588886,0.5644688606262207
0.1607278470559119,0.9565625848772648,0.0023261525202542543,0.009665282443165779,-1.5655884742736816,0.8030821681022644,0.17857142857142858,0.09689922480620156,0.15268897229306666,0.2034383954154728,0.5503875968992248,0.7243586945832284,0.13681948424068768,0.7403100775193798,0.8925699886097843,0.07667502687208885,0.8294573643410853,0.9470199097795161,2020-12,30,capped_weighted,20260716,logistic,platt,350000,0.0249,139538,0.001848958706588886,0.5644688606262207
0.16072777683468542,0.9565477661417077,0.0018733337055891752,0.008421998471021652,-1.2819100618362427,0.7280436754226685,0.14285714285714285,0.07751937984496124,0.12074131627134388,0.2034383954154728,0.5503875968992248,0.7243586945832284,0.13681948424068768,0.7403100775193798,0.8925699886097843,0.07667502687208885,0.8294573643410853,0.9470199097795161,2020-12,30,capped_weighted,20260716,logistic,beta,350000,0.0249,139538,0.001848958706588886,0.5644688606262207
0.9618167880871626,0.9996956663060079,0.0008975422003967006,0.0035360859731258486,-3.1894343031149464,1.0899429617574077,1.0,0.5426356589147286,0.6580805488615877,0.3638968481375358,0.9844961240310077,0.9976767531055274,0.1833810888252149,0.9922480620155039,0.9998128790775146,0.09172339663203152,0.9922480620155039,0.9998128790775144,2020-12,30,capped_weighted,20260716,lightgbm,raw,350000,0.0249,139538,0.001848958706588886,2.524415969848633
0.9618167880871626,0.9996956663060079,0.0002527915313918913,0.001040491002282889,-0.006977153187461171,1.0682626960584276,1.0,0.5426356589147286,0.6580805488615877,0.3638968481375358,0.9844961240310077,0.9976767531055274,0.1833810888252149,0.9922480620155039,0.9998128790775146,0.09172339663203152,0.9922480620155039,0.9998128790775144,2020-12,30,capped_weighted,20260716,lightgbm,platt,350000,0.0249,139538,0.001848958706588886,2.524415969848633
0.9618167880871626,0.9996956663060079,0.0002531809430225704,0.0010581320415175952,-0.04644312687963163,0.9833968150030701,1.0,0.5426356589147286,0.6580805488615877,0.3638968481375358,0.9844961240310077,0.9976767531055274,0.1833810888252149,0.9922480620155039,0.9998128790775146,0.09172339663203152,0.9922480620155039,0.9998128790775144,2020-12,30,capped_weighted,20260716,lightgbm,beta,350000,0.0249,139538,0.001848958706588886,2.524415969848633
0.9672264028784202,0.9996668915218466,0.0005876897484995425,0.002372307935729623,-2.9476757049560547,1.0260480642318726,1.0,0.5426356589147286,0.644046975641263,0.3653295128939828,0.9883720930232558,0.9988674968477814,0.1833810888252149,0.9922480620155039,0.9998128790775146,0.0920816911501254,0.9961240310077519,0.9998763627376988,2020-12,30,capped_weighted,20260716,xgboost,raw,350000,0.0249,139538,0.001848958706588886,3.9610559940338135
0.9672264028784203,0.9996668915218466,0.00023313482233788818,0.0009461462032049894,-0.07658273726701736,0.9970632195472717,1.0,0.5426356589147286,0.644046975641263,0.3653295128939828,0.9883720930232558,0.9988674968477814,0.1833810888252149,0.9922480620155039,0.9998128790775146,0.0920816911501254,0.9961240310077519,0.9998763627376988,2020-12,30,capped_weighted,20260716,xgboost,platt,350000,0.0249,139538,0.001848958706588886,3.9610559940338135
0.9672264028784202,0.9996668915218465,0.00023333492572419345,0.0009497963474132121,-0.07231941819190979,0.9973815083503723,1.0,0.5426356589147286,0.644046975641263,0.3653295128939828,0.9883720930232558,0.9988674968477814,0.1833810888252149,0.9922480620155039,0.9998128790775146,0.0920816911501254,0.9961240310077519,0.9998763627376988,2020-12,30,capped_weighted,20260716,xgboost,beta,350000,0.0249,139538,0.001848958706588886,3.9610559940338135
0.15805061459911338,0.9562468136239975,0.025529032573103905,0.13896998763084412,-5.904628276824951,0.3675374388694763,0.12857142857142856,0.06976744186046512,0.10062415207510798,0.2034383954154728,0.5503875968992248,0.7243586945832284,0.13681948424068768,0.7403100775193798,0.8925699886097844,0.07667502687208885,0.8294573643410853,0.9470199097795161,2020-12,30,capped_weighted,20260717,logistic,raw,350000,0.0249,139538,0.001848958706588886,0.5058028697967529
0.1594147636055597,0.9562532002903081,0.0023345721419900656,0.009718873538076878,-1.5875060558319092,0.799197256565094,0.17142857142857143,0.09302325581395349,0.14322069612667487,0.2034383954154728,0.5503875968992248,0.7243586945832284,0.13681948424068768,0.7403100775193798,0.8925699886097844,0.07667502687208885,0.8294573643410853,0.9470199097795161,2020-12,30,capped_weighted,20260717,logistic,platt,350000,0.0249,139538,0.001848958706588886,0.5058028697967529
0.15941469249392978,0.9562363639804266,0.0018771575996652246,0.00844626035541296,-1.296043038368225,0.7216677069664001,0.17142857142857143,0.09302325581395349,0.14322069612667487,0.2034383954154728,0.5503875968992248,0.7243586945832284,0.13681948424068768,0.7403100775193798,0.8925699886097844,0.07667502687208885,0.8294573643410853,0.9470199097795161,2020-12,30,capped_weighted,20260717,logistic,beta,350000,0.0249,139538,0.001848958706588886,0.5058028697967529
0.9637288024930935,0.999687651665932,0.0008861340646739158,0.0034875438429187605,-3.1942317394001556,1.0892429584929166,1.0,0.5426356589147286,0.6616110480840547,0.3653295128939828,0.9883720930232558,0.9986221353352606,0.1833810888252149,0.9922480620155039,0.9998128790775146,0.0920816911501254,0.9961240310077519,0.9999365163398156,2020-12,30,capped_weighted,20260717,lightgbm,raw,350000,0.0249,139538,0.001848958706588886,2.5356810092926025
0.9637288024930936,0.999687651665932,0.00024835814670864763,0.001020226148081112,0.208497697594863,0.9873180436828781,1.0,0.5426356589147286,0.6616110480840547,0.3653295128939828,0.9883720930232558,0.9986221353352606,0.1833810888252149,0.9922480620155039,0.9998128790775146,0.0920816911501254,0.9961240310077519,0.9999365163398156,2020-12,30,capped_weighted,20260717,lightgbm,platt,350000,0.0249,139538,0.001848958706588886,2.5356810092926025
0.9637288024930936,0.999687651665932,0.00024722813885044644,0.0010411491432221096,0.3575685017223127,1.0219033569637657,1.0,0.5426356589147286,0.6616110480840547,0.3653295128939828,0.9883720930232558,0.9986221353352606,0.1833810888252149,0.9922480620155039,0.9998128790775146,0.0920816911501254,0.9961240310077519,0.9999365163398156,2020-12,30,capped_weighted,20260717,lightgbm,beta,350000,0.0249,139538,0.001848958706588886,2.5356810092926025
0.9663415324740746,0.9995696305250925,0.0005809447611682117,0.002364962361752987,-2.940157651901245,0.9998396039009094,1.0,0.5426356589147286,0.6484610738884621,0.3638968481375358,0.9844961240310077,0.9976767531055272,0.1833810888252149,0.9922480620155039,0.9998128790775146,0.09172339663203152,0.9922480620155039,0.9998128790775146,2020-12,30,capped_weighted,20260717,xgboost,raw,350000,0.0249,139538,0.001848958706588886,3.3444430828094482
0.9663415324740746,0.9995696305250924,0.0002394707698840648,0.0009768520249053836,-0.07795625925064087,0.9969567656517029,1.0,0.5426356589147286,0.6484610738884621,0.3638968481375358,0.9844961240310077,0.9976767531055272,0.1833810888252149,0.9922480620155039,0.9998128790775146,0.09172339663203152,0.9922480620155039,0.9998128790775146,2020-12,30,capped_weighted,20260717,xgboost,platt,350000,0.0249,139538,0.001848958706588886,3.3444430828094482
0.9663415324740746,0.9995696305250925,0.00024003734870348126,0.0009784031426534057,-0.08001454919576645,0.9967936873435974,1.0,0.5426356589147286,0.6484610738884621,0.3638968481375358,0.9844961240310077,0.9976767531055272,0.1833810888252149,0.9922480620155039,0.9998128790775146,0.09172339663203152,0.9922480620155039,0.9998128790775146,2020-12,30,capped_weighted,20260717,xgboost,beta,350000,0.0249,139538,0.001848958706588886,3.3444430828094482
0.15978452748324165,0.9568533938661288,0.021818533539772034,0.12531381845474243,-5.833033561706543,0.36559686064720154,0.12857142857142856,0.06976744186046512,0.10310830454132064,0.20487106017191978,0.5542635658914729,0.7304097643537548,0.13896848137535817,0.751937984496124,0.9027662721516171,0.07631673235399498,0.8255813953488372,0.9413611491902858,2020-12,30,sliding180_weighted,20260716,logistic,raw,468116,0.004988079877637167,139538,0.001848958706588886,0.6973838806152344
0.1625794764675233,0.9568669324855624,0.0023373751901090145,0.009749654680490494,-1.5855865478515625,0.8034694194793701,0.15,0.08139534883720931,0.12125010663271048,0.20487106017191978,0.5542635658914729,0.7304097643537548,0.13896848137535817,0.751937984496124,0.9027662721516171,0.07631673235399498,0.8255813953488372,0.9413611491902858,2020-12,30,sliding180_weighted,20260716,logistic,platt,468116,0.004988079877637167,139538,0.001848958706588886,0.6973838806152344
0.1625794512130195,0.9568732078374276,0.0018531385576352477,0.008332433179020882,-1.273719072341919,0.7291483283042908,0.15,0.08139534883720931,0.12125010663271048,0.20487106017191978,0.5542635658914729,0.7304097643537548,0.13896848137535817,0.751937984496124,0.9027662721516171,0.07631673235399498,0.8255813953488372,0.9413611491902858,2020-12,30,sliding180_weighted,20260716,logistic,beta,468116,0.004988079877637167,139538,0.001848958706588886,0.6973838806152344
0.9435111849035052,0.999141709967986,0.0004347074201114795,0.0017533129961831218,-1.7045548777340305,0.9104946125161099,1.0,0.5426356589147286,0.6412407994746728,0.3553008595988539,0.9612403100775194,0.9809033923230682,0.1833810888252149,0.9922480620155039,0.9998128790775146,0.09172339663203152,0.9922480620155039,0.9998128790775146,2020-12,30,sliding180_weighted,20260716,lightgbm,raw,468116,0.004988079877637167,139538,0.001848958706588886,3.6349081993103027
0.9435111849035053,0.999141709967986,0.00030766076503829743,0.0013244334186253456,0.0028450486487755187,0.9294252228057055,1.0,0.5426356589147286,0.6412407994746728,0.3553008595988539,0.9612403100775194,0.9809033923230682,0.1833810888252149,0.9922480620155039,0.9998128790775146,0.09172339663203152,0.9922480620155039,0.9998128790775146,2020-12,30,sliding180_weighted,20260716,lightgbm,platt,468116,0.004988079877637167,139538,0.001848958706588886,3.6349081993103027
0.9435111849035053,0.999141709967986,0.0003060178988088206,0.0013135957128959555,-0.03264799988534174,0.9325607368407259,1.0,0.5426356589147286,0.6412407994746728,0.3553008595988539,0.9612403100775194,0.9809033923230682,0.1833810888252149,0.9922480620155039,0.9998128790775146,0.09172339663203152,0.9922480620155039,0.9998128790775146,2020-12,30,sliding180_weighted,20260716,lightgbm,beta,468116,0.004988079877637167,139538,0.001848958706588886,3.6349081993103027
0.9497558782215356,0.999098144276879,0.0003742605622392148,0.0015131259569898248,-1.4322115182876587,0.9373629093170166,1.0,0.5426356589147286,0.6192303909884945,0.3624641833810888,0.9806201550387597,0.9913167673099963,0.1826647564469914,0.9883720930232558,0.9988674968477812,0.0920816911501254,0.9961240310077519,0.999876362737699,2020-12,30,sliding180_weighted,20260716,xgboost,raw,468116,0.004988079877637167,139538,0.001848958706588886,4.579462289810181
0.9497558782215356,0.999098144276879,0.0003113770217169076,0.001254382194019854,-0.07154852896928787,1.0330888032913208,1.0,0.5426356589147286,0.6192303909884945,0.3624641833810888,0.9806201550387597,0.9913167673099963,0.1826647564469914,0.9883720930232558,0.9988674968477812,0.0920816911501254,0.9961240310077519,0.999876362737699,2020-12,30,sliding180_weighted,20260716,xgboost,platt,468116,0.004988079877637167,139538,0.001848958706588886,4.579462289810181
0.9497558782215355,0.9990981442768792,0.0003101813199464232,0.0012423148145899177,-0.08419285714626312,1.002497911453247,1.0,0.5426356589147286,0.6192303909884945,0.3624641833810888,0.9806201550387597,0.9913167673099963,0.1826647564469914,0.9883720930232558,0.9988674968477812,0.0920816911501254,0.9961240310077519,0.999876362737699,2020-12,30,sliding180_weighted,20260716,xgboost,beta,468116,0.004988079877637167,139538,0.001848958706588886,4.579462289810181
0.15978452748324165,0.9568533938661288,0.021818533539772034,0.12531381845474243,-5.833033561706543,0.36559686064720154,0.12857142857142856,0.06976744186046512,0.10310830454132064,0.20487106017191978,0.5542635658914729,0.7304097643537548,0.13896848137535817,0.751937984496124,0.9027662721516171,0.07631673235399498,0.8255813953488372,0.9413611491902858,2020-12,30,sliding180_weighted,20260717,logistic,raw,468116,0.004988079877637167,139538,0.001848958706588886,0.6945281028747559
0.1625794764675233,0.9568669324855624,0.0023373751901090145,0.009749654680490494,-1.5855865478515625,0.8034694194793701,0.15,0.08139534883720931,0.12125010663271048,0.20487106017191978,0.5542635658914729,0.7304097643537548,0.13896848137535817,0.751937984496124,0.9027662721516171,0.07631673235399498,0.8255813953488372,0.9413611491902858,2020-12,30,sliding180_weighted,20260717,logistic,platt,468116,0.004988079877637167,139538,0.001848958706588886,0.6945281028747559
0.1625794512130195,0.9568732078374276,0.0018531385576352477,0.008332433179020882,-1.273719072341919,0.7291483283042908,0.15,0.08139534883720931,0.12125010663271048,0.20487106017191978,0.5542635658914729,0.7304097643537548,0.13896848137535817,0.751937984496124,0.9027662721516171,0.07631673235399498,0.8255813953488372,0.9413611491902858,2020-12,30,sliding180_weighted,20260717,logistic,beta,468116,0.004988079877637167,139538,0.001848958706588886,0.6945281028747559
0.945426284952679,0.9991719040113274,0.00041028218660131306,0.001669058639909253,-1.5819971698198743,0.9379666235038752,1.0,0.5426356589147286,0.6462720921011873,0.35959885386819485,0.9728682170542635,0.9857681111938982,0.1826647564469914,0.9883720930232558,0.9936714726253638,0.09172339663203152,0.9922480620155039,0.9998128790775144,2020-12,30,sliding180_weighted,20260717,lightgbm,raw,468116,0.004988079877637167,139538,0.001848958706588886,3.6275851726531982
0.945426284952679,0.9991719040113274,0.00031002792090448813,0.001300797564363159,0.4060922611837919,1.0326289094949246,1.0,0.5426356589147286,0.6462720921011873,0.35959885386819485,0.9728682170542635,0.9857681111938982,0.1826647564469914,0.9883720930232558,0.9936714726253638,0.09172339663203152,0.9922480620155039,0.9998128790775144,2020-12,30,sliding180_weighted,20260717,lightgbm,platt,468116,0.004988079877637167,139538,0.001848958706588886,3.6275851726531982
0.945426284952679,0.9991719040113274,0.0003092196368733925,0.0012972375097404455,0.37941639993180737,1.0327220216480515,1.0,0.5426356589147286,0.6462720921011873,0.35959885386819485,0.9728682170542635,0.9857681111938982,0.1826647564469914,0.9883720930232558,0.9936714726253638,0.09172339663203152,0.9922480620155039,0.9998128790775144,2020-12,30,sliding180_weighted,20260717,lightgbm,beta,468116,0.004988079877637167,139538,0.001848958706588886,3.6275851726531982
0.9465188923097023,0.9991912170676213,0.00036436846130527556,0.0015270247822627425,-1.3977885246276855,0.9240968823432922,1.0,0.5426356589147286,0.6374052811036636,0.35673352435530087,0.9651162790697675,0.9831999279007001,0.1826647564469914,0.9883720930232558,0.9988674968477812,0.0920816911501254,0.9961240310077519,0.9998763627376988,2020-12,30,sliding180_weighted,20260717,xgboost,raw,468116,0.004988079877637167,139538,0.001848958706588886,4.496906042098999
0.9465188923097021,0.9991912170676214,0.0003020263684447855,0.0012891367077827454,-0.06506432592868805,1.035678505897522,1.0,0.5426356589147286,0.6374052811036636,0.35673352435530087,0.9651162790697675,0.9831999279007001,0.1826647564469914,0.9883720930232558,0.9988674968477812,0.0920816911501254,0.9961240310077519,0.9998763627376988,2020-12,30,sliding180_weighted,20260717,xgboost,platt,468116,0.004988079877637167,139538,0.001848958706588886,4.496906042098999
0.9465188923097023,0.9991912170676213,0.00029981147963553667,0.0012784074060618877,-0.08734184503555298,0.996178388595581,1.0,0.5426356589147286,0.6374052811036636,0.35673352435530087,0.9651162790697675,0.9831999279007001,0.1826647564469914,0.9883720930232558,0.9988674968477812,0.0920816911501254,0.9961240310077519,0.9998763627376988,2020-12,30,sliding180_weighted,20260717,xgboost,beta,468116,0.004988079877637167,139538,0.001848958706588886,4.496906042098999
0.24252882289579794,0.9087740133087552,0.0017252587713301182,0.010786955244839191,-2.264233350753784,0.6054366230964661,0.44285714285714284,0.24031007751937986,0.36864805594044103,0.21060171919770773,0.5697674418604651,0.7708462343561666,0.11819484240687679,0.6395348837209303,0.8449142361257735,0.06377642422070942,0.689922480620155,0.8888119826542236,2020-12,30,sliding180_unweighted,20260716,logistic,raw,468116,0.004988079877637167,139538,0.001848958706588886,0.7767670154571533
0.24252882289579794,0.9087740133087552,0.00172115967143327,0.010729140602052212,-2.2653605937957764,0.5862215161323547,0.44285714285714284,0.24031007751937986,0.36864805594044103,0.21060171919770773,0.5697674418604651,0.7708462343561666,0.11819484240687679,0.6395348837209303,0.8449142361257735,0.06377642422070942,0.689922480620155,0.8888119826542236,2020-12,30,sliding180_unweighted,20260716,logistic,platt,468116,0.004988079877637167,139538,0.001848958706588886,0.7767670154571533
0.24252882289579794,0.9087740133087551,0.001623906078748405,0.008648582734167576,-0.9783256649971008,0.7851648330688477,0.44285714285714284,0.24031007751937986,0.36864805594044103,0.21060171919770773,0.5697674418604651,0.7708462343561666,0.11819484240687679,0.6395348837209303,0.8449142361257735,0.06377642422070942,0.689922480620155,0.8888119826542236,2020-12,30,sliding180_unweighted,20260716,logistic,beta,468116,0.004988079877637167,139538,0.001848958706588886,0.7767670154571533
0.8982955607120887,0.9990476214329286,0.0005442699261092974,0.002543149778343293,-0.5972041669752858,0.6145146209114186,0.9785714285714285,0.5310077519379846,0.5966834180396189,0.35959885386819485,0.9728682170542635,0.9857681111938982,0.1812320916905444,0.9806201550387597,0.9926290935978712,0.09172339663203152,0.9922480620155039,0.9998128790775144,2020-12,30,sliding180_unweighted,20260716,lightgbm,raw,468116,0.004988079877637167,139538,0.001848958706588886,3.338984966278076
0.8982955607120887,0.9990476214329286,0.0005495208872218686,0.0022608307103200473,-1.3273950265836079,0.8996782284527121,0.9785714285714285,0.5310077519379846,0.5966834180396189,0.35959885386819485,0.9728682170542635,0.9857681111938982,0.1812320916905444,0.9806201550387597,0.9926290935978712,0.09172339663203152,0.9922480620155039,0.9998128790775144,2020-12,30,sliding180_unweighted,20260716,lightgbm,platt,468116,0.004988079877637167,139538,0.001848958706588886,3.338984966278076
0.8982955607120887,0.9990476214329286,0.000568130674340625,0.0021444033516562415,-1.006697277828933,0.9636746594293765,0.9785714285714285,0.5310077519379846,0.5966834180396189,0.35959885386819485,0.9728682170542635,0.9857681111938982,0.1812320916905444,0.9806201550387597,0.9926290935978712,0.09172339663203152,0.9922480620155039,0.9998128790775144,2020-12,30,sliding180_unweighted,20260716,lightgbm,beta,468116,0.004988079877637167,139538,0.001848958706588886,3.338984966278076
0.9317968861180984,0.9984486105730912,0.000340238242642954,0.0014856556663289666,-0.07946031540632248,0.9894029498100281,1.0,0.5426356589147286,0.6554225248528611,0.3524355300859599,0.9534883720930233,0.9800876698010782,0.1812320916905444,0.9806201550387597,0.985927174605856,0.09172339663203152,0.9922480620155039,0.9998128790775144,2020-12,30,sliding180_unweighted,20260716,xgboost,raw,468116,0.004988079877637167,139538,0.001848958706588886,4.4794921875
0.9317968861180984,0.9984486105730913,0.00034184209653176367,0.0015033779200166464,-0.10651687532663345,1.0535881519317627,1.0,0.5426356589147286,0.6554225248528611,0.3524355300859599,0.9534883720930233,0.9800876698010782,0.1812320916905444,0.9806201550387597,0.985927174605856,0.09172339663203152,0.9922480620155039,0.9998128790775144,2020-12,30,sliding180_unweighted,20260716,xgboost,platt,468116,0.004988079877637167,139538,0.001848958706588886,4.4794921875
0.9317968861180983,0.9984486105730913,0.00034108813269995153,0.0015102747129276395,-0.09971991926431656,1.0675731897354126,1.0,0.5426356589147286,0.6554225248528611,0.3524355300859599,0.9534883720930233,0.9800876698010782,0.1812320916905444,0.9806201550387597,0.985927174605856,0.09172339663203152,0.9922480620155039,0.9998128790775144,2020-12,30,sliding180_unweighted,20260716,xgboost,beta,468116,0.004988079877637167,139538,0.001848958706588886,4.4794921875
0.24252882289579794,0.9087740133087552,0.0017252587713301182,0.010786955244839191,-2.264233350753784,0.6054366230964661,0.44285714285714284,0.24031007751937986,0.36864805594044103,0.21060171919770773,0.5697674418604651,0.7708462343561666,0.11819484240687679,0.6395348837209303,0.8449142361257735,0.06377642422070942,0.689922480620155,0.8888119826542236,2020-12,30,sliding180_unweighted,20260717,logistic,raw,468116,0.004988079877637167,139538,0.001848958706588886,0.7800490856170654
0.24252882289579794,0.9087740133087552,0.00172115967143327,0.010729140602052212,-2.2653605937957764,0.5862215161323547,0.44285714285714284,0.24031007751937986,0.36864805594044103,0.21060171919770773,0.5697674418604651,0.7708462343561666,0.11819484240687679,0.6395348837209303,0.8449142361257735,0.06377642422070942,0.689922480620155,0.8888119826542236,2020-12,30,sliding180_unweighted,20260717,logistic,platt,468116,0.004988079877637167,139538,0.001848958706588886,0.7800490856170654
0.24252882289579794,0.9087740133087551,0.001623906078748405,0.008648582734167576,-0.9783256649971008,0.7851648330688477,0.44285714285714284,0.24031007751937986,0.36864805594044103,0.21060171919770773,0.5697674418604651,0.7708462343561666,0.11819484240687679,0.6395348837209303,0.8449142361257735,0.06377642422070942,0.689922480620155,0.8888119826542236,2020-12,30,sliding180_unweighted,20260717,logistic,beta,468116,0.004988079877637167,139538,0.001848958706588886,0.7800490856170654
0.9070115132726226,0.9989758514441937,0.0004324848455198442,0.0022111614361947987,-0.05060500427815071,0.6818757980012686,0.9928571428571429,0.5387596899224806,0.6193515484203196,0.3467048710601719,0.937984496124031,0.9676440930296359,0.17979942693409742,0.9728682170542635,0.9967940751606861,0.09100680759584379,0.9844961240310077,0.9988025961416105,2020-12,30,sliding180_unweighted,20260717,lightgbm,raw,468116,0.004988079877637167,139538,0.001848958706588886,3.255091905593872
0.9070115132726226,0.9989758514441937,0.00044447455465842313,0.0019316519625061585,-0.7696935293508205,0.9602949986569508,0.9928571428571429,0.5387596899224806,0.6193515484203196,0.3467048710601719,0.937984496124031,0.9676440930296359,0.17979942693409742,0.9728682170542635,0.9967940751606861,0.09100680759584379,0.9844961240310077,0.9988025961416105,2020-12,30,sliding180_unweighted,20260717,lightgbm,platt,468116,0.004988079877637167,139538,0.001848958706588886,3.255091905593872
0.9070115132726226,0.9989758514441937,0.0004777831730471681,0.0019875291189939584,-0.7372929746653895,0.9660288956536387,0.9928571428571429,0.5387596899224806,0.6193515484203196,0.3467048710601719,0.937984496124031,0.9676440930296359,0.17979942693409742,0.9728682170542635,0.9967940751606861,0.09100680759584379,0.9844961240310077,0.9988025961416105,2020-12,30,sliding180_unweighted,20260717,lightgbm,beta,468116,0.004988079877637167,139538,0.001848958706588886,3.255091905593872
0.921182358072156,0.9976269429936462,0.0003703194670379162,0.001620753319002688,-0.0861530750989914,0.9962819218635559,0.9928571428571429,0.5387596899224806,0.6412611340845755,0.3538681948424069,0.9573643410852714,0.9809951460506788,0.1812320916905444,0.9806201550387597,0.985927174605856,0.09172339663203152,0.9922480620155039,0.9998128790775144,2020-12,30,sliding180_unweighted,20260717,xgboost,raw,468116,0.004988079877637167,139538,0.001848958706588886,3.982571601867676
0.921182358072156,0.9976269429936462,0.00037329073529690504,0.0016377808060497046,-0.10928545892238617,1.0420390367507935,0.9928571428571429,0.5387596899224806,0.6412611340845755,0.3538681948424069,0.9573643410852714,0.9809951460506788,0.1812320916905444,0.9806201550387597,0.985927174605856,0.09172339663203152,0.9922480620155039,0.9998128790775144,2020-12,30,sliding180_unweighted,20260717,xgboost,platt,468116,0.004988079877637167,139538,0.001848958706588886,3.982571601867676
0.921182358072156,0.9976269429936462,0.0003799916594289243,0.0016581823583692312,-0.12256042659282684,1.0545791387557983,0.9928571428571429,0.5387596899224806,0.6412611340845755,0.3538681948424069,0.9573643410852714,0.9809951460506788,0.1812320916905444,0.9806201550387597,0.985927174605856,0.09172339663203152,0.9922480620155039,0.9998128790775144,2020-12,30,sliding180_unweighted,20260717,xgboost,beta,468116,0.004988079877637167,139538,0.001848958706588886,3.982571601867676
